品牌,类别,订单来源,订单状态,账期,成交价,订单金额,账单金额,账单二级类型,项目,收件人姓名,收件人姓名_脱敏,收件人手机号,收件人手机号_脱敏
华硕（ASUS）,电脑配件,拼多多,撤销,2026-01,,8040.81,558.97,采购订单,PC 经营采购,顾客0000,顾客0000,1**********,1**********
雷神,轻薄本,抖音,已成交,2026-02,7690.26,8914.17,8914.17,采购订单,PC 经营采购,顾客0001,顾客0001,1**********,1**********
微星,显示器,京东,新建采购,2026-08,,8244.79,670.06,采购订单,PC 经营采购,顾客0002,顾客0002,1**********,1**********
七彩虹,游戏本,淘宝,撤销,2026-01,,7435.92,1341.53,销售订单,PC 经营采购,顾客0003,顾客0003,1**********,1**********
ThinkPad,游戏本,天猫,报价中,2026-03,,6755.12,1674.75,采购订单,PC 经营采购,顾客0004,顾客0004,1**********,1**********
雷神,显示器,抖音,报价中,2026-03,,8394.27,951.97,销售订单,PC 经营采购,顾客0005,顾客0005,1**********,1**********
华硕（ASUS）,电脑配件,天猫,已成交,2026-07,9645.03,7374.48,7374.48,退换订单,PC 经营采购,顾客0006,顾客0006,1**********,1**********
华硕（ASUS）,显示器,淘宝,已成交,2026-03,7615.72,8582.7,8582.7,退换订单,PC 经营采购,顾客0007,顾客0007,1**********,1**********
微星,游戏本,抖音,待发布,2026-03,,10891.91,202.69,采购订单,PC 经营采购,顾客0008,顾客0008,1**********,1**********
惠普(HP),轻薄本,拼多多,已成交,2026-07,6930.47,6642.72,6642.72,采购订单,PC 经营采购,顾客0009,顾客0009,1**********,1**********
七彩虹,电脑配件,京东,已成交,2026-01,8354.07,8081.0,8081.0,采购订单,PC 经营采购,顾客0010,顾客0010,1**********,1**********
联想（Lenovo）,轻薄本,拼多多,已成交,2026-05,6871.61,6974.86,6974.86,采购订单,PC 经营采购,顾客0011,顾客0011,1**********,1**********
华硕（ASUS）,显示器,抖音,撤销,2026-02,,9240.04,1717.95,退换订单,PC 经营采购,顾客0012,顾客0012,1**********,1**********
宏碁（acer）,笔记本电脑,京东,报价中,2026-03,,7621.01,317.37,退换订单,PC 经营采购,顾客0013,顾客0013,1**********,1**********
华硕（ASUS）,显示器,电商通,撤销,2026-02,,8851.66,652.87,销售订单,PC 经营采购,顾客0014,顾客0014,1**********,1**********
微星,一体机,抖音,已成交,2026-07,10676.49,11069.17,11069.17,采购订单,PC 经营采购,顾客0015,顾客0015,1**********,1**********
雷神,显示器,天猫,已成交,2026-08,8087.93,9162.72,9162.72,采购订单,PC 经营采购,顾客0016,顾客0016,1**********,1**********
雷神,游戏本,拼多多,已成交,2026-07,7760.51,7513.8,7513.8,退换订单,PC 经营采购,顾客0017,顾客0017,1**********,1**********
华硕（ASUS）,电脑配件,拼多多,撤销,2026-03,,8421.2,358.14,退换订单,PC 经营采购,顾客0018,顾客0018,1**********,1**********
雷神,游戏本,京东,待发布,2026-03,,9636.18,462.19,采购订单,PC 经营采购,顾客0019,顾客0019,1**********,1**********
机械革命,游戏本,淘宝,已成交,2026-02,10298.26,11109.88,11109.88,退换订单,PC 经营采购,顾客0020,顾客0020,1**********,1**********
ThinkPad,轻薄本,淘宝,已成交,2026-03,7568.85,7884.5,7884.5,销售订单,PC 经营采购,顾客0021,顾客0021,1**********,1**********
微星,一体机,天猫,撤销,2026-07,,9882.27,2610.22,退换订单,PC 经营采购,顾客0022,顾客0022,1**********,1**********
微星,电脑配件,淘宝,撤销,2026-05,,10423.31,2704.01,采购订单,PC 经营采购,顾客0023,顾客0023,1**********,1**********
宏碁（acer）,电脑配件,京东,已成交,2026-01,6975.32,7600.43,7600.43,退换订单,PC 经营采购,顾客0024,顾客0024,1**********,1**********
联想（Lenovo）,游戏本,天猫,新建采购,2026-04,,7178.86,956.28,采购订单,PC 经营采购,顾客0025,顾客0025,1**********,1**********
联想（Lenovo）,电脑配件,快手,撤销,2026-07,,6853.84,1066.94,退换订单,PC 经营采购,顾客0026,顾客0026,1**********,1**********
惠普(HP),台式整机,天猫,撤销,2026-02,,8651.53,1021.83,销售订单,PC 经营采购,顾客0027,顾客0027,1**********,1**********
微星,电脑配件,抖音,新建采购,2026-01,,10404.38,2886.37,销售订单,PC 经营采购,顾客0028,顾客0028,1**********,1**********
联想（Lenovo）,电脑配件,拼多多,报价中,2026-04,,5904.94,1397.52,退换订单,PC 经营采购,顾客0029,顾客0029,1**********,1**********
七彩虹,显示器,淘宝,已成交,2026-01,7481.15,9126.67,9126.67,采购订单,PC 经营采购,顾客0030,顾客0030,1**********,1**********
惠普(HP),显示器,抖音,已成交,2026-05,8259.35,8077.1,8077.1,退换订单,PC 经营采购,顾客0031,顾客0031,1**********,1**********
宏碁（acer）,电脑配件,拼多多,已成交,2026-04,7954.69,6570.82,6570.82,退换订单,PC 经营采购,顾客0032,顾客0032,1**********,1**********
机械革命,笔记本电脑,天猫,已成交,2026-06,8984.67,8168.11,8168.11,退换订单,PC 经营采购,顾客0033,顾客0033,1**********,1**********
机械革命,电脑配件,淘宝,撤销,2026-06,,8149.09,881.08,销售订单,PC 经营采购,顾客0034,顾客0034,1**********,1**********
ThinkPad,一体机,淘宝,已成交,2026-07,6154.36,6448.22,6448.22,退换订单,PC 经营采购,顾客0035,顾客0035,1**********,1**********
ThinkPad,台式整机,淘宝,已成交,2026-06,7863.54,8086.99,8086.99,采购订单,PC 经营采购,顾客0036,顾客0036,1**********,1**********
雷神,笔记本电脑,淘宝,已成交,2026-02,8318.16,7952.86,7952.86,采购订单,PC 经营采购,顾客0037,顾客0037,1**********,1**********
惠普(HP),轻薄本,天猫,已成交,2026-06,8532.48,6785.31,6785.31,销售订单,PC 经营采购,顾客0038,顾客0038,1**********,1**********
联想（Lenovo）,电脑配件,天猫,撤销,2026-02,,6086.83,1062.17,采购订单,PC 经营采购,顾客0039,顾客0039,1**********,1**********
联想（Lenovo）,电脑配件,抖音,新建采购,2026-05,,6723.93,1062.79,采购订单,PC 经营采购,顾客0040,顾客0040,1**********,1**********
ThinkPad,台式整机,抖音,已成交,2026-02,6996.08,7012.54,7012.54,销售订单,PC 经营采购,顾客0041,顾客0041,1**********,1**********
七彩虹,显示器,淘宝,待发布,2026-05,,9632.94,55.13,采购订单,PC 经营采购,顾客0042,顾客0042,1**********,1**********
雷神,笔记本电脑,京东,已成交,2026-05,8452.55,8916.03,8916.03,销售订单,PC 经营采购,顾客0043,顾客0043,1**********,1**********
联想（Lenovo）,轻薄本,拼多多,已成交,2026-02,6306.16,7389.43,7389.43,销售订单,PC 经营采购,顾客0044,顾客0044,1**********,1**********
华硕（ASUS）,电脑配件,天猫,已成交,2026-04,8970.4,9877.25,9877.25,退换订单,PC 经营采购,顾客0045,顾客0045,1**********,1**********
微星,轻薄本,电商通,已成交,2026-06,9314.01,10333.28,10333.28,销售订单,PC 经营采购,顾客0046,顾客0046,1**********,1**********
宏碁（acer）,轻薄本,拼多多,待发布,2026-08,,7743.33,1813.6,采购订单,PC 经营采购,顾客0047,顾客0047,1**********,1**********
惠普(HP),游戏本,拼多多,已成交,2026-07,8167.21,8071.96,8071.96,采购订单,PC 经营采购,顾客0048,顾客0048,1**********,1**********
华硕（ASUS）,游戏本,快手,报价中,2026-05,,8675.28,198.14,采购订单,PC 经营采购,顾客0049,顾客0049,1**********,1**********
联想（Lenovo）,笔记本电脑,抖音,新建采购,2026-05,,5762.11,932.94,销售订单,PC 经营采购,顾客0050,顾客0050,1**********,1**********
联想（Lenovo）,一体机,京东,报价中,2026-08,,5568.12,524.84,销售订单,PC 经营采购,顾客0051,顾客0051,1**********,1**********
华硕（ASUS）,显示器,拼多多,已成交,2026-02,7899.63,7108.56,7108.56,采购订单,PC 经营采购,顾客0052,顾客0052,1**********,1**********
联想（Lenovo）,电脑配件,淘宝,已成交,2026-07,6121.64,7208.8,7208.8,销售订单,PC 经营采购,顾客0053,顾客0053,1**********,1**********
微星,轻薄本,拼多多,报价中,2026-08,,10759.9,6.38,退换订单,PC 经营采购,顾客0054,顾客0054,1**********,1**********
雷神,游戏本,抖音,已成交,2026-06,8639.92,9700.8,9700.8,采购订单,PC 经营采购,顾客0055,顾客0055,1**********,1**********
七彩虹,笔记本电脑,淘宝,已成交,2026-01,8509.4,9544.95,9544.95,退换订单,PC 经营采购,顾客0056,顾客0056,1**********,1**********
雷神,电脑配件,拼多多,已成交,2026-07,9454.99,9098.05,9098.05,销售订单,PC 经营采购,顾客0057,顾客0057,1**********,1**********
微星,轻薄本,拼多多,已成交,2026-03,10423.49,8977.95,8977.95,退换订单,PC 经营采购,顾客0058,顾客0058,1**********,1**********
机械革命,游戏本,快手,待发布,2026-08,,9099.6,1546.55,退换订单,PC 经营采购,顾客0059,顾客0059,1**********,1**********
联想（Lenovo）,一体机,快手,撤销,2026-08,,5768.31,1208.05,采购订单,PC 经营采购,顾客0060,顾客0060,1**********,1**********
微星,电脑配件,快手,报价中,2026-07,,10368.79,2327.17,采购订单,PC 经营采购,顾客0061,顾客0061,1**********,1**********
七彩虹,笔记本电脑,拼多多,新建采购,2026-02,,9177.1,15.78,采购订单,PC 经营采购,顾客0062,顾客0062,1**********,1**********
宏碁（acer）,轻薄本,快手,待发布,2026-05,,6691.45,1651.18,销售订单,PC 经营采购,顾客0063,顾客0063,1**********,1**********
雷神,台式整机,电商通,已成交,2026-02,7696.68,7646.74,7646.74,退换订单,PC 经营采购,顾客0064,顾客0064,1**********,1**********
微星,显示器,拼多多,撤销,2026-07,,10643.91,1511.27,销售订单,PC 经营采购,顾客0065,顾客0065,1**********,1**********
ThinkPad,轻薄本,电商通,已成交,2026-05,6298.14,7596.55,7596.55,退换订单,PC 经营采购,顾客0066,顾客0066,1**********,1**********
ThinkPad,台式整机,京东,撤销,2026-05,,6971.27,1526.33,采购订单,PC 经营采购,顾客0067,顾客0067,1**********,1**********
联想（Lenovo）,显示器,抖音,撤销,2026-06,,7536.59,1403.77,退换订单,PC 经营采购,顾客0068,顾客0068,1**********,1**********
微星,游戏本,拼多多,已成交,2026-08,9282.72,10751.21,10751.21,采购订单,PC 经营采购,顾客0069,顾客0069,1**********,1**********
ThinkPad,一体机,淘宝,撤销,2026-07,,7526.22,375.84,退换订单,PC 经营采购,顾客0070,顾客0070,1**********,1**********
宏碁（acer）,显示器,电商通,撤销,2026-02,,6352.94,1173.38,销售订单,PC 经营采购,顾客0071,顾客0071,1**********,1**********
宏碁（acer）,电脑配件,电商通,报价中,2026-02,,6511.76,1479.55,退换订单,PC 经营采购,顾客0072,顾客0072,1**********,1**********
联想（Lenovo）,一体机,京东,待发布,2026-02,,6645.0,1273.01,销售订单,PC 经营采购,顾客0073,顾客0073,1**********,1**********
联想（Lenovo）,台式整机,拼多多,已成交,2026-05,6183.67,5884.64,5884.64,退换订单,PC 经营采购,顾客0074,顾客0074,1**********,1**********
ThinkPad,笔记本电脑,拼多多,撤销,2026-02,,7384.37,2103.27,采购订单,PC 经营采购,顾客0075,顾客0075,1**********,1**********
机械革命,游戏本,拼多多,撤销,2026-01,,9911.57,2945.48,退换订单,PC 经营采购,顾客0076,顾客0076,1**********,1**********
ThinkPad,笔记本电脑,天猫,已成交,2026-06,6134.45,7001.31,7001.31,销售订单,PC 经营采购,顾客0077,顾客0077,1**********,1**********
雷神,轻薄本,淘宝,报价中,2026-05,,8753.66,1617.65,销售订单,PC 经营采购,顾客0078,顾客0078,1**********,1**********
联想（Lenovo）,游戏本,电商通,已成交,2026-08,5977.77,6501.86,6501.86,退换订单,PC 经营采购,顾客0079,顾客0079,1**********,1**********
七彩虹,一体机,抖音,撤销,2026-07,,6923.83,1107.91,销售订单,PC 经营采购,顾客0080,顾客0080,1**********,1**********
机械革命,电脑配件,快手,新建采购,2026-07,,9766.07,2572.84,采购订单,PC 经营采购,顾客0081,顾客0081,1**********,1**********
七彩虹,轻薄本,快手,待发布,2026-07,,8050.56,1264.54,销售订单,PC 经营采购,顾客0082,顾客0082,1**********,1**********
华硕（ASUS）,电脑配件,快手,已成交,2026-08,9209.93,7241.3,7241.3,退换订单,PC 经营采购,顾客0083,顾客0083,1**********,1**********
机械革命,台式整机,淘宝,已成交,2026-01,8264.35,10425.89,10425.89,销售订单,PC 经营采购,顾客0084,顾客0084,1**********,1**********
机械革命,台式整机,快手,报价中,2026-06,,8126.61,1617.66,退换订单,PC 经营采购,顾客0085,顾客0085,1**********,1**********
雷神,电脑配件,快手,待发布,2026-01,,8754.68,2045.19,采购订单,PC 经营采购,顾客0086,顾客0086,1**********,1**********
华硕（ASUS）,笔记本电脑,抖音,已成交,2026-03,9117.54,9669.54,9669.54,退换订单,PC 经营采购,顾客0087,顾客0087,1**********,1**********
惠普(HP),一体机,拼多多,已成交,2026-08,8345.21,8777.32,8777.32,退换订单,PC 经营采购,顾客0088,顾客0088,1**********,1**********
机械革命,一体机,拼多多,已成交,2026-04,9443.59,9229.85,9229.85,退换订单,PC 经营采购,顾客0089,顾客0089,1**********,1**********
微星,电脑配件,拼多多,撤销,2026-01,,8863.79,657.65,采购订单,PC 经营采购,顾客0090,顾客0090,1**********,1**********
惠普(HP),显示器,淘宝,已成交,2026-02,6779.74,6694.87,6694.87,采购订单,PC 经营采购,顾客0091,顾客0091,1**********,1**********
宏碁（acer）,台式整机,拼多多,撤销,2026-08,,7848.5,1795.2,退换订单,PC 经营采购,顾客0092,顾客0092,1**********,1**********
机械革命,一体机,拼多多,报价中,2026-03,,9835.9,1046.86,采购订单,PC 经营采购,顾客0093,顾客0093,1**********,1**********
机械革命,轻薄本,天猫,已成交,2026-02,10692.82,9624.25,9624.25,退换订单,PC 经营采购,顾客0094,顾客0094,1**********,1**********
雷神,台式整机,淘宝,已成交,2026-06,8322.07,10051.71,10051.71,销售订单,PC 经营采购,顾客0095,顾客0095,1**********,1**********
联想（Lenovo）,轻薄本,抖音,已成交,2026-07,6835.05,7429.99,7429.99,销售订单,PC 经营采购,顾客0096,顾客0096,1**********,1**********
微星,显示器,快手,报价中,2026-02,,8758.72,2171.97,退换订单,PC 经营采购,顾客0097,顾客0097,1**********,1**********
机械革命,笔记本电脑,抖音,已成交,2026-05,9248.42,8681.41,8681.41,退换订单,PC 经营采购,顾客0098,顾客0098,1**********,1**********
联想（Lenovo）,轻薄本,抖音,已成交,2026-06,5760.25,7534.2,7534.2,采购订单,PC 经营采购,顾客0099,顾客0099,1**********,1**********
七彩虹,笔记本电脑,天猫,已成交,2026-06,9504.77,7108.85,7108.85,采购订单,PC 经营采购,顾客0100,顾客0100,1**********,1**********
ThinkPad,台式整机,抖音,报价中,2026-01,,6539.37,710.19,销售订单,PC 经营采购,顾客0101,顾客0101,1**********,1**********
微星,电脑配件,电商通,已成交,2026-05,8963.78,10852.19,10852.19,采购订单,PC 经营采购,顾客0102,顾客0102,1**********,1**********
七彩虹,显示器,电商通,已成交,2026-06,8955.76,7180.57,7180.57,销售订单,PC 经营采购,顾客0103,顾客0103,1**********,1**********
惠普(HP),台式整机,天猫,已成交,2026-08,8354.3,9285.85,9285.85,采购订单,PC 经营采购,顾客0104,顾客0104,1**********,1**********
ThinkPad,游戏本,快手,撤销,2026-01,,7964.57,2346.39,采购订单,PC 经营采购,顾客0105,顾客0105,1**********,1**********
ThinkPad,台式整机,抖音,已成交,2026-08,6565.67,6594.46,6594.46,退换订单,PC 经营采购,顾客0106,顾客0106,1**********,1**********
惠普(HP),游戏本,电商通,已成交,2026-02,8191.19,7041.42,7041.42,采购订单,PC 经营采购,顾客0107,顾客0107,1**********,1**********
宏碁（acer）,笔记本电脑,电商通,撤销,2026-06,,6607.67,1944.97,采购订单,PC 经营采购,顾客0108,顾客0108,1**********,1**********
宏碁（acer）,笔记本电脑,淘宝,已成交,2026-06,6436.63,7698.84,7698.84,销售订单,PC 经营采购,顾客0109,顾客0109,1**********,1**********
七彩虹,一体机,抖音,报价中,2026-05,,8442.69,2420.02,采购订单,PC 经营采购,顾客0110,顾客0110,1**********,1**********
微星,显示器,拼多多,已成交,2026-07,9273.57,9988.9,9988.9,退换订单,PC 经营采购,顾客0111,顾客0111,1**********,1**********
机械革命,电脑配件,抖音,已成交,2026-03,10183.86,8889.88,8889.88,退换订单,PC 经营采购,顾客0112,顾客0112,1**********,1**********
微星,轻薄本,抖音,新建采购,2026-03,,9700.9,2489.43,采购订单,PC 经营采购,顾客0113,顾客0113,1**********,1**********
机械革命,一体机,抖音,已成交,2026-06,9679.26,11179.0,11179.0,采购订单,PC 经营采购,顾客0114,顾客0114,1**********,1**********
七彩虹,一体机,淘宝,已成交,2026-06,7071.13,8878.98,8878.98,退换订单,PC 经营采购,顾客0115,顾客0115,1**********,1**********
机械革命,笔记本电脑,电商通,报价中,2026-03,,7997.66,1631.35,退换订单,PC 经营采购,顾客0116,顾客0116,1**********,1**********
雷神,轻薄本,快手,撤销,2026-05,,7287.99,996.94,退换订单,PC 经营采购,顾客0117,顾客0117,1**********,1**********
雷神,电脑配件,淘宝,新建采购,2026-02,,9565.99,1674.1,采购订单,PC 经营采购,顾客0118,顾客0118,1**********,1**********
微星,台式整机,天猫,报价中,2026-03,,7854.94,420.27,采购订单,PC 经营采购,顾客0119,顾客0119,1**********,1**********
微星,游戏本,抖音,已成交,2026-07,10875.02,8056.84,8056.84,销售订单,PC 经营采购,顾客0120,顾客0120,1**********,1**********
ThinkPad,显示器,抖音,已成交,2026-06,6682.79,7229.98,7229.98,退换订单,PC 经营采购,顾客0121,顾客0121,1**********,1**********
ThinkPad,轻薄本,拼多多,已成交,2026-05,6512.78,6361.5,6361.5,退换订单,PC 经营采购,顾客0122,顾客0122,1**********,1**********
联想（Lenovo）,轻薄本,京东,已成交,2026-02,6666.55,7727.06,7727.06,销售订单,PC 经营采购,顾客0123,顾客0123,1**********,1**********
ThinkPad,笔记本电脑,快手,撤销,2026-02,,7541.11,2135.95,退换订单,PC 经营采购,顾客0124,顾客0124,1**********,1**********
联想（Lenovo）,轻薄本,电商通,撤销,2026-03,,7404.5,744.33,销售订单,PC 经营采购,顾客0125,顾客0125,1**********,1**********
机械革命,台式整机,拼多多,已成交,2026-04,10379.77,9442.88,9442.88,退换订单,PC 经营采购,顾客0126,顾客0126,1**********,1**********
宏碁（acer）,电脑配件,天猫,已成交,2026-05,7878.37,6369.11,6369.11,销售订单,PC 经营采购,顾客0127,顾客0127,1**********,1**********
ThinkPad,轻薄本,电商通,已成交,2026-04,7881.23,7222.17,7222.17,销售订单,PC 经营采购,顾客0128,顾客0128,1**********,1**********
惠普(HP),游戏本,拼多多,已成交,2026-03,8896.11,7349.35,7349.35,销售订单,PC 经营采购,顾客0129,顾客0129,1**********,1**********
雷神,电脑配件,淘宝,已成交,2026-01,7675.56,7179.58,7179.58,销售订单,PC 经营采购,顾客0130,顾客0130,1**********,1**********
七彩虹,笔记本电脑,快手,撤销,2026-05,,9053.26,1750.5,销售订单,PC 经营采购,顾客0131,顾客0131,1**********,1**********
华硕（ASUS）,笔记本电脑,电商通,撤销,2026-01,,7563.77,118.92,采购订单,PC 经营采购,顾客0132,顾客0132,1**********,1**********
联想（Lenovo）,显示器,拼多多,新建采购,2026-04,,5908.08,1133.27,退换订单,PC 经营采购,顾客0133,顾客0133,1**********,1**********
惠普(HP),笔记本电脑,抖音,已成交,2026-02,7608.83,8235.83,8235.83,退换订单,PC 经营采购,顾客0134,顾客0134,1**********,1**********
华硕（ASUS）,游戏本,抖音,撤销,2026-02,,8266.15,392.73,采购订单,PC 经营采购,顾客0135,顾客0135,1**********,1**********
ThinkPad,一体机,拼多多,撤销,2026-08,,7206.43,894.29,采购订单,PC 经营采购,顾客0136,顾客0136,1**********,1**********
宏碁（acer）,显示器,天猫,已成交,2026-07,7295.27,6185.64,6185.64,销售订单,PC 经营采购,顾客0137,顾客0137,1**********,1**********
联想（Lenovo）,显示器,抖音,撤销,2026-04,,5961.79,1308.99,采购订单,PC 经营采购,顾客0138,顾客0138,1**********,1**********
联想（Lenovo）,台式整机,京东,报价中,2026-03,,7755.9,401.63,采购订单,PC 经营采购,顾客0139,顾客0139,1**********,1**********
ThinkPad,电脑配件,抖音,报价中,2026-05,,7999.52,1458.58,退换订单,PC 经营采购,顾客0140,顾客0140,1**********,1**********
微星,显示器,快手,报价中,2026-08,,10646.11,2956.63,销售订单,PC 经营采购,顾客0141,顾客0141,1**********,1**********
微星,台式整机,淘宝,已成交,2026-05,10964.75,10613.02,10613.02,退换订单,PC 经营采购,顾客0142,顾客0142,1**********,1**********
机械革命,显示器,拼多多,已成交,2026-03,10946.57,8331.66,8331.66,退换订单,PC 经营采购,顾客0143,顾客0143,1**********,1**********
雷神,一体机,电商通,报价中,2026-02,,8592.29,1161.29,销售订单,PC 经营采购,顾客0144,顾客0144,1**********,1**********
宏碁（acer）,台式整机,电商通,已成交,2026-02,7783.71,6937.1,6937.1,退换订单,PC 经营采购,顾客0145,顾客0145,1**********,1**********
雷神,笔记本电脑,拼多多,撤销,2026-08,,8389.21,941.73,退换订单,PC 经营采购,顾客0146,顾客0146,1**********,1**********
雷神,电脑配件,电商通,撤销,2026-07,,9147.43,973.21,销售订单,PC 经营采购,顾客0147,顾客0147,1**********,1**********
华硕（ASUS）,轻薄本,电商通,已成交,2026-04,7877.5,7795.56,7795.56,采购订单,PC 经营采购,顾客0148,顾客0148,1**********,1**********
机械革命,游戏本,快手,已成交,2026-02,9238.83,11208.68,11208.68,销售订单,PC 经营采购,顾客0149,顾客0149,1**********,1**********
七彩虹,轻薄本,电商通,撤销,2026-07,,8767.87,582.31,销售订单,PC 经营采购,顾客0150,顾客0150,1**********,1**********
宏碁（acer）,显示器,天猫,已成交,2026-01,6216.02,6091.58,6091.58,退换订单,PC 经营采购,顾客0151,顾客0151,1**********,1**********
雷神,笔记本电脑,抖音,已成交,2026-07,8898.87,9515.31,9515.31,采购订单,PC 经营采购,顾客0152,顾客0152,1**********,1**********
机械革命,台式整机,拼多多,已成交,2026-06,9524.89,9801.94,9801.94,退换订单,PC 经营采购,顾客0153,顾客0153,1**********,1**********
ThinkPad,电脑配件,拼多多,已成交,2026-06,7873.44,8214.25,8214.25,销售订单,PC 经营采购,顾客0154,顾客0154,1**********,1**********
七彩虹,笔记本电脑,淘宝,已成交,2026-06,7071.37,7301.64,7301.64,采购订单,PC 经营采购,顾客0155,顾客0155,1**********,1**********
七彩虹,一体机,电商通,撤销,2026-08,,7590.17,1760.82,采购订单,PC 经营采购,顾客0156,顾客0156,1**********,1**********
宏碁（acer）,台式整机,拼多多,新建采购,2026-03,,7928.3,180.69,采购订单,PC 经营采购,顾客0157,顾客0157,1**********,1**********
雷神,电脑配件,天猫,已成交,2026-01,8176.4,9688.34,9688.34,销售订单,PC 经营采购,顾客0158,顾客0158,1**********,1**********
雷神,笔记本电脑,快手,已成交,2026-04,7506.01,10126.61,10126.61,退换订单,PC 经营采购,顾客0159,顾客0159,1**********,1**********
ThinkPad,显示器,天猫,报价中,2026-08,,7508.53,1491.38,采购订单,PC 经营采购,顾客0160,顾客0160,1**********,1**********
ThinkPad,轻薄本,淘宝,已成交,2026-07,8113.8,8118.18,8118.18,退换订单,PC 经营采购,顾客0161,顾客0161,1**********,1**********
雷神,显示器,抖音,撤销,2026-04,,10158.6,1855.92,销售订单,PC 经营采购,顾客0162,顾客0162,1**********,1**********
七彩虹,电脑配件,淘宝,新建采购,2026-07,,8505.71,178.55,退换订单,PC 经营采购,顾客0163,顾客0163,1**********,1**********
七彩虹,轻薄本,抖音,已成交,2026-06,8742.99,7940.59,7940.59,销售订单,PC 经营采购,顾客0164,顾客0164,1**********,1**********
惠普(HP),游戏本,拼多多,撤销,2026-06,,8749.45,1506.72,采购订单,PC 经营采购,顾客0165,顾客0165,1**********,1**********
联想（Lenovo）,电脑配件,拼多多,待发布,2026-01,,6598.64,1359.66,销售订单,PC 经营采购,顾客0166,顾客0166,1**********,1**********
机械革命,台式整机,抖音,已成交,2026-05,10263.57,11158.15,11158.15,销售订单,PC 经营采购,顾客0167,顾客0167,1**********,1**********
华硕（ASUS）,电脑配件,拼多多,已成交,2026-06,8620.44,7614.5,7614.5,退换订单,PC 经营采购,顾客0168,顾客0168,1**********,1**********
宏碁（acer）,电脑配件,京东,撤销,2026-02,,6293.32,1418.36,退换订单,PC 经营采购,顾客0169,顾客0169,1**********,1**********
微星,轻薄本,抖音,已成交,2026-05,8233.63,8271.14,8271.14,采购订单,PC 经营采购,顾客0170,顾客0170,1**********,1**********
微星,电脑配件,拼多多,已成交,2026-01,10191.27,8242.73,8242.73,销售订单,PC 经营采购,顾客0171,顾客0171,1**********,1**********
ThinkPad,一体机,电商通,新建采购,2026-07,,7440.31,1085.45,销售订单,PC 经营采购,顾客0172,顾客0172,1**********,1**********
ThinkPad,显示器,京东,已成交,2026-02,6880.89,6301.52,6301.52,退换订单,PC 经营采购,顾客0173,顾客0173,1**********,1**********
华硕（ASUS）,一体机,拼多多,已成交,2026-04,8291.06,9571.96,9571.96,退换订单,PC 经营采购,顾客0174,顾客0174,1**********,1**********
雷神,一体机,拼多多,已成交,2026-02,8708.83,9208.06,9208.06,退换订单,PC 经营采购,顾客0175,顾客0175,1**********,1**********
微星,台式整机,淘宝,已成交,2026-06,9710.2,7860.45,7860.45,销售订单,PC 经营采购,顾客0176,顾客0176,1**********,1**********
微星,台式整机,快手,新建采购,2026-08,,9793.52,244.2,销售订单,PC 经营采购,顾客0177,顾客0177,1**********,1**********
雷神,笔记本电脑,天猫,撤销,2026-04,,10171.8,402.02,退换订单,PC 经营采购,顾客0178,顾客0178,1**********,1**********
惠普(HP),电脑配件,京东,已成交,2026-02,8475.22,6763.92,6763.92,采购订单,PC 经营采购,顾客0179,顾客0179,1**********,1**********
华硕（ASUS）,显示器,拼多多,撤销,2026-03,,8653.67,1499.12,退换订单,PC 经营采购,顾客0180,顾客0180,1**********,1**********
宏碁（acer）,游戏本,抖音,待发布,2026-07,,7056.78,1199.37,采购订单,PC 经营采购,顾客0181,顾客0181,1**********,1**********
惠普(HP),电脑配件,天猫,报价中,2026-04,,7485.06,90.46,退换订单,PC 经营采购,顾客0182,顾客0182,1**********,1**********
惠普(HP),轻薄本,京东,已成交,2026-01,7128.9,8386.62,8386.62,销售订单,PC 经营采购,顾客0183,顾客0183,1**********,1**********
宏碁（acer）,显示器,拼多多,已成交,2026-03,6686.14,6094.39,6094.39,销售订单,PC 经营采购,顾客0184,顾客0184,1**********,1**********
华硕（ASUS）,显示器,电商通,报价中,2026-06,,7350.53,1753.64,采购订单,PC 经营采购,顾客0185,顾客0185,1**********,1**********
惠普(HP),电脑配件,快手,撤销,2026-08,,6877.96,2054.6,采购订单,PC 经营采购,顾客0186,顾客0186,1**********,1**********
华硕（ASUS）,一体机,抖音,已成交,2026-01,8988.76,8261.84,8261.84,采购订单,PC 经营采购,顾客0187,顾客0187,1**********,1**********
华硕（ASUS）,游戏本,天猫,撤销,2026-06,,9310.22,993.42,销售订单,PC 经营采购,顾客0188,顾客0188,1**********,1**********
微星,笔记本电脑,抖音,已成交,2026-05,8136.73,8481.14,8481.14,退换订单,PC 经营采购,顾客0189,顾客0189,1**********,1**********
华硕（ASUS）,笔记本电脑,抖音,已成交,2026-04,9379.65,9939.32,9939.32,退换订单,PC 经营采购,顾客0190,顾客0190,1**********,1**********
微星,游戏本,淘宝,已成交,2026-04,8275.6,10599.87,10599.87,采购订单,PC 经营采购,顾客0191,顾客0191,1**********,1**********
机械革命,电脑配件,拼多多,已成交,2026-05,8888.82,9089.32,9089.32,采购订单,PC 经营采购,顾客0192,顾客0192,1**********,1**********
华硕（ASUS）,轻薄本,抖音,已成交,2026-06,7523.39,9242.57,9242.57,退换订单,PC 经营采购,顾客0193,顾客0193,1**********,1**********
机械革命,笔记本电脑,天猫,已成交,2026-06,8764.41,9192.41,9192.41,采购订单,PC 经营采购,顾客0194,顾客0194,1**********,1**********
ThinkPad,游戏本,京东,已成交,2026-04,7275.61,7248.65,7248.65,销售订单,PC 经营采购,顾客0195,顾客0195,1**********,1**********
七彩虹,显示器,京东,已成交,2026-05,8335.06,8384.42,8384.42,采购订单,PC 经营采购,顾客0196,顾客0196,1**********,1**********
联想（Lenovo）,台式整机,拼多多,已成交,2026-08,7703.84,7448.73,7448.73,销售订单,PC 经营采购,顾客0197,顾客0197,1**********,1**********
七彩虹,一体机,拼多多,已成交,2026-05,9365.91,8981.73,8981.73,采购订单,PC 经营采购,顾客0198,顾客0198,1**********,1**********
华硕（ASUS）,轻薄本,抖音,已成交,2026-02,7887.68,9006.7,9006.7,采购订单,PC 经营采购,顾客0199,顾客0199,1**********,1**********
机械革命,游戏本,快手,已成交,2026-03,10140.74,7934.87,7934.87,销售订单,PC 经营采购,顾客0200,顾客0200,1**********,1**********
华硕（ASUS）,电脑配件,快手,新建采购,2026-05,,9614.41,1023.66,退换订单,PC 经营采购,顾客0201,顾客0201,1**********,1**********
雷神,轻薄本,淘宝,已成交,2026-07,8297.24,9724.25,9724.25,退换订单,PC 经营采购,顾客0202,顾客0202,1**********,1**********
华硕（ASUS）,笔记本电脑,天猫,已成交,2026-08,8919.53,7883.45,7883.45,退换订单,PC 经营采购,顾客0203,顾客0203,1**********,1**********
ThinkPad,台式整机,拼多多,已成交,2026-04,8039.54,7107.14,7107.14,销售订单,PC 经营采购,顾客0204,顾客0204,1**********,1**********
微星,显示器,淘宝,待发布,2026-04,,9191.31,1954.55,采购订单,PC 经营采购,顾客0205,顾客0205,1**********,1**********
雷神,显示器,天猫,撤销,2026-07,,9709.42,1862.14,采购订单,PC 经营采购,顾客0206,顾客0206,1**********,1**********
雷神,台式整机,淘宝,已成交,2026-01,8889.72,8642.04,8642.04,退换订单,PC 经营采购,顾客0207,顾客0207,1**********,1**********
ThinkPad,显示器,天猫,已成交,2026-08,8102.13,6574.2,6574.2,采购订单,PC 经营采购,顾客0208,顾客0208,1**********,1**********
华硕（ASUS）,一体机,拼多多,报价中,2026-03,,8221.52,541.08,销售订单,PC 经营采购,顾客0209,顾客0209,1**********,1**********
惠普(HP),台式整机,京东,已成交,2026-04,7439.67,7093.14,7093.14,销售订单,PC 经营采购,顾客0210,顾客0210,1**********,1**********
机械革命,显示器,天猫,报价中,2026-06,,10523.92,2672.62,销售订单,PC 经营采购,顾客0211,顾客0211,1**********,1**********
华硕（ASUS）,一体机,拼多多,已成交,2026-02,8603.63,9023.34,9023.34,销售订单,PC 经营采购,顾客0212,顾客0212,1**********,1**********
惠普(HP),电脑配件,淘宝,撤销,2026-01,,7605.46,1596.95,采购订单,PC 经营采购,顾客0213,顾客0213,1**********,1**********
雷神,一体机,拼多多,已成交,2026-06,9524.62,9645.92,9645.92,销售订单,PC 经营采购,顾客0214,顾客0214,1**********,1**********
七彩虹,一体机,淘宝,已成交,2026-02,7679.78,9204.64,9204.64,销售订单,PC 经营采购,顾客0215,顾客0215,1**********,1**********
联想（Lenovo）,台式整机,快手,撤销,2026-03,,6055.64,416.27,退换订单,PC 经营采购,顾客0216,顾客0216,1**********,1**********
宏碁（acer）,台式整机,拼多多,撤销,2026-05,,7604.41,1327.13,退换订单,PC 经营采购,顾客0217,顾客0217,1**********,1**********
ThinkPad,轻薄本,快手,待发布,2026-07,,8470.55,1771.81,退换订单,PC 经营采购,顾客0218,顾客0218,1**********,1**********
惠普(HP),电脑配件,电商通,已成交,2026-02,8169.15,8818.89,8818.89,采购订单,PC 经营采购,顾客0219,顾客0219,1**********,1**********
联想（Lenovo）,轻薄本,拼多多,已成交,2026-06,6230.61,5845.86,5845.86,退换订单,PC 经营采购,顾客0220,顾客0220,1**********,1**********
微星,台式整机,快手,已成交,2026-03,10248.2,9303.16,9303.16,采购订单,PC 经营采购,顾客0221,顾客0221,1**********,1**********
联想（Lenovo）,台式整机,电商通,已成交,2026-01,6134.82,6752.41,6752.41,退换订单,PC 经营采购,顾客0222,顾客0222,1**********,1**********
雷神,笔记本电脑,淘宝,已成交,2026-05,7791.71,9340.41,9340.41,销售订单,PC 经营采购,顾客0223,顾客0223,1**********,1**********
联想（Lenovo）,一体机,拼多多,报价中,2026-04,,7173.34,1005.42,采购订单,PC 经营采购,顾客0224,顾客0224,1**********,1**********
雷神,显示器,拼多多,已成交,2026-08,8845.33,8844.38,8844.38,销售订单,PC 经营采购,顾客0225,顾客0225,1**********,1**********
ThinkPad,显示器,淘宝,已成交,2026-02,6293.57,6732.54,6732.54,退换订单,PC 经营采购,顾客0226,顾客0226,1**********,1**********
机械革命,游戏本,淘宝,已成交,2026-08,9121.36,10886.64,10886.64,退换订单,PC 经营采购,顾客0227,顾客0227,1**********,1**********
宏碁（acer）,台式整机,电商通,报价中,2026-05,,6012.27,863.25,销售订单,PC 经营采购,顾客0228,顾客0228,1**********,1**********
惠普(HP),笔记本电脑,淘宝,报价中,2026-03,,8944.83,1824.47,采购订单,PC 经营采购,顾客0229,顾客0229,1**********,1**********
惠普(HP),一体机,拼多多,已成交,2026-02,8947.23,9205.75,9205.75,退换订单,PC 经营采购,顾客0230,顾客0230,1**********,1**********
联想（Lenovo）,笔记本电脑,淘宝,已成交,2026-06,7614.25,7673.96,7673.96,采购订单,PC 经营采购,顾客0231,顾客0231,1**********,1**********
联想（Lenovo）,台式整机,天猫,已成交,2026-01,7753.69,6401.19,6401.19,销售订单,PC 经营采购,顾客0232,顾客0232,1**********,1**********
雷神,台式整机,拼多多,已成交,2026-02,7734.34,8649.94,8649.94,退换订单,PC 经营采购,顾客0233,顾客0233,1**********,1**********
华硕（ASUS）,轻薄本,拼多多,已成交,2026-05,8564.23,8874.74,8874.74,采购订单,PC 经营采购,顾客0234,顾客0234,1**********,1**********
ThinkPad,显示器,电商通,已成交,2026-06,6965.26,7593.03,7593.03,销售订单,PC 经营采购,顾客0235,顾客0235,1**********,1**********
华硕（ASUS）,笔记本电脑,抖音,报价中,2026-08,,10004.17,2387.36,采购订单,PC 经营采购,顾客0236,顾客0236,1**********,1**********
惠普(HP),轻薄本,淘宝,已成交,2026-06,8330.75,7010.51,7010.51,销售订单,PC 经营采购,顾客0237,顾客0237,1**********,1**********
七彩虹,显示器,电商通,已成交,2026-04,7878.24,7065.07,7065.07,采购订单,PC 经营采购,顾客0238,顾客0238,1**********,1**********
七彩虹,显示器,电商通,撤销,2026-05,,6815.24,1765.62,退换订单,PC 经营采购,顾客0239,顾客0239,1**********,1**********
七彩虹,显示器,抖音,已成交,2026-03,7770.17,9730.14,9730.14,退换订单,PC 经营采购,顾客0240,顾客0240,1**********,1**********
联想（Lenovo）,显示器,淘宝,已成交,2026-03,6559.03,7248.32,7248.32,采购订单,PC 经营采购,顾客0241,顾客0241,1**********,1**********
雷神,一体机,拼多多,已成交,2026-06,7603.15,7921.63,7921.63,采购订单,PC 经营采购,顾客0242,顾客0242,1**********,1**********
微星,显示器,淘宝,已成交,2026-07,10457.21,9600.42,9600.42,销售订单,PC 经营采购,顾客0243,顾客0243,1**********,1**********
雷神,台式整机,抖音,已成交,2026-06,9114.88,9634.41,9634.41,退换订单,PC 经营采购,顾客0244,顾客0244,1**********,1**********
七彩虹,轻薄本,抖音,报价中,2026-07,,9323.79,2782.29,退换订单,PC 经营采购,顾客0245,顾客0245,1**********,1**********
华硕（ASUS）,轻薄本,淘宝,已成交,2026-04,7993.3,7463.35,7463.35,销售订单,PC 经营采购,顾客0246,顾客0246,1**********,1**********
雷神,轻薄本,电商通,报价中,2026-03,,9693.4,2718.3,采购订单,PC 经营采购,顾客0247,顾客0247,1**********,1**********
华硕（ASUS）,轻薄本,拼多多,撤销,2026-08,,8724.39,15.23,退换订单,PC 经营采购,顾客0248,顾客0248,1**********,1**********
ThinkPad,显示器,拼多多,已成交,2026-08,7350.3,7615.65,7615.65,销售订单,PC 经营采购,顾客0249,顾客0249,1**********,1**********
华硕（ASUS）,显示器,抖音,已成交,2026-07,9859.04,7882.84,7882.84,退换订单,PC 经营采购,顾客0250,顾客0250,1**********,1**********
联想（Lenovo）,电脑配件,电商通,撤销,2026-03,,6692.8,146.97,退换订单,PC 经营采购,顾客0251,顾客0251,1**********,1**********
微星,轻薄本,电商通,新建采购,2026-03,,10985.73,3078.42,退换订单,PC 经营采购,顾客0252,顾客0252,1**********,1**********
惠普(HP),电脑配件,京东,报价中,2026-06,,7362.47,1228.16,退换订单,PC 经营采购,顾客0253,顾客0253,1**********,1**********
联想（Lenovo）,台式整机,拼多多,撤销,2026-01,,5774.4,363.73,退换订单,PC 经营采购,顾客0254,顾客0254,1**********,1**********
惠普(HP),轻薄本,拼多多,撤销,2026-08,,6849.1,795.58,销售订单,PC 经营采购,顾客0255,顾客0255,1**********,1**********
微星,台式整机,电商通,撤销,2026-01,,9701.43,2145.97,退换订单,PC 经营采购,顾客0256,顾客0256,1**********,1**********
宏碁（acer）,轻薄本,京东,已成交,2026-03,6697.04,6730.52,6730.52,退换订单,PC 经营采购,顾客0257,顾客0257,1**********,1**********
雷神,一体机,天猫,已成交,2026-02,8827.62,7797.52,7797.52,退换订单,PC 经营采购,顾客0258,顾客0258,1**********,1**********
雷神,一体机,天猫,撤销,2026-01,,10178.62,1549.16,销售订单,PC 经营采购,顾客0259,顾客0259,1**********,1**********
宏碁（acer）,游戏本,淘宝,已成交,2026-08,6269.65,8148.21,8148.21,退换订单,PC 经营采购,顾客0260,顾客0260,1**********,1**********
ThinkPad,游戏本,京东,已成交,2026-05,7733.23,7278.03,7278.03,退换订单,PC 经营采购,顾客0261,顾客0261,1**********,1**********
雷神,电脑配件,拼多多,报价中,2026-02,,7926.84,2071.69,采购订单,PC 经营采购,顾客0262,顾客0262,1**********,1**********
微星,台式整机,抖音,撤销,2026-02,,8770.46,79.65,销售订单,PC 经营采购,顾客0263,顾客0263,1**********,1**********
华硕（ASUS）,轻薄本,淘宝,已成交,2026-08,8557.04,7225.73,7225.73,销售订单,PC 经营采购,顾客0264,顾客0264,1**********,1**********
机械革命,笔记本电脑,电商通,已成交,2026-08,9449.05,10638.01,10638.01,销售订单,PC 经营采购,顾客0265,顾客0265,1**********,1**********
宏碁（acer）,游戏本,天猫,报价中,2026-03,,7532.02,771.78,采购订单,PC 经营采购,顾客0266,顾客0266,1**********,1**********
雷神,笔记本电脑,抖音,待发布,2026-02,,7380.87,524.33,退换订单,PC 经营采购,顾客0267,顾客0267,1**********,1**********
惠普(HP),游戏本,电商通,已成交,2026-04,8099.2,9034.45,9034.45,销售订单,PC 经营采购,顾客0268,顾客0268,1**********,1**********
ThinkPad,笔记本电脑,拼多多,撤销,2026-07,,6320.86,58.56,退换订单,PC 经营采购,顾客0269,顾客0269,1**********,1**********
宏碁（acer）,笔记本电脑,抖音,已成交,2026-02,6635.53,8393.12,8393.12,销售订单,PC 经营采购,顾客0270,顾客0270,1**********,1**********
惠普(HP),游戏本,抖音,已成交,2026-04,6745.76,8101.69,8101.69,采购订单,PC 经营采购,顾客0271,顾客0271,1**********,1**********
雷神,显示器,拼多多,已成交,2026-01,8945.59,8654.1,8654.1,采购订单,PC 经营采购,顾客0272,顾客0272,1**********,1**********
华硕（ASUS）,台式整机,淘宝,已成交,2026-02,7580.54,9123.05,9123.05,采购订单,PC 经营采购,顾客0273,顾客0273,1**********,1**********
联想（Lenovo）,显示器,快手,待发布,2026-06,,6715.12,10.23,销售订单,PC 经营采购,顾客0274,顾客0274,1**********,1**********
宏碁（acer）,游戏本,拼多多,已成交,2026-03,6984.69,7691.75,7691.75,退换订单,PC 经营采购,顾客0275,顾客0275,1**********,1**********
机械革命,一体机,京东,已成交,2026-02,8833.27,9067.35,9067.35,采购订单,PC 经营采购,顾客0276,顾客0276,1**********,1**********
雷神,笔记本电脑,拼多多,撤销,2026-06,,9044.06,665.0,采购订单,PC 经营采购,顾客0277,顾客0277,1**********,1**********
华硕（ASUS）,轻薄本,拼多多,新建采购,2026-02,,8998.33,1645.79,采购订单,PC 经营采购,顾客0278,顾客0278,1**********,1**********
惠普(HP),电脑配件,拼多多,已成交,2026-02,7320.64,9211.0,9211.0,退换订单,PC 经营采购,顾客0279,顾客0279,1**********,1**********
联想（Lenovo）,显示器,快手,待发布,2026-01,,7220.02,589.73,退换订单,PC 经营采购,顾客0280,顾客0280,1**********,1**********
机械革命,电脑配件,拼多多,已成交,2026-03,8838.33,9043.94,9043.94,退换订单,PC 经营采购,顾客0281,顾客0281,1**********,1**********
联想（Lenovo）,轻薄本,天猫,已成交,2026-01,5762.96,6261.02,6261.02,销售订单,PC 经营采购,顾客0282,顾客0282,1**********,1**********
微星,游戏本,拼多多,已成交,2026-08,8625.38,9749.72,9749.72,销售订单,PC 经营采购,顾客0283,顾客0283,1**********,1**********
宏碁（acer）,一体机,京东,撤销,2026-01,,6644.97,14.65,销售订单,PC 经营采购,顾客0284,顾客0284,1**********,1**********
联想（Lenovo）,笔记本电脑,天猫,已成交,2026-06,6396.66,6077.03,6077.03,退换订单,PC 经营采购,顾客0285,顾客0285,1**********,1**********
机械革命,显示器,抖音,已成交,2026-07,9512.2,7936.08,7936.08,退换订单,PC 经营采购,顾客0286,顾客0286,1**********,1**********
七彩虹,台式整机,抖音,已成交,2026-04,8884.33,6941.38,6941.38,采购订单,PC 经营采购,顾客0287,顾客0287,1**********,1**********
机械革命,台式整机,抖音,已成交,2026-08,9439.33,7904.83,7904.83,销售订单,PC 经营采购,顾客0288,顾客0288,1**********,1**********
ThinkPad,电脑配件,电商通,已成交,2026-07,7951.79,6421.92,6421.92,采购订单,PC 经营采购,顾客0289,顾客0289,1**********,1**********
宏碁（acer）,一体机,拼多多,已成交,2026-08,8051.05,7746.68,7746.68,采购订单,PC 经营采购,顾客0290,顾客0290,1**********,1**********
机械革命,笔记本电脑,拼多多,已成交,2026-05,8826.58,10262.35,10262.35,销售订单,PC 经营采购,顾客0291,顾客0291,1**********,1**********
ThinkPad,台式整机,快手,撤销,2026-04,,8333.87,57.94,销售订单,PC 经营采购,顾客0292,顾客0292,1**********,1**********
机械革命,一体机,天猫,已成交,2026-04,10221.26,9650.28,9650.28,退换订单,PC 经营采购,顾客0293,顾客0293,1**********,1**********
华硕（ASUS）,游戏本,天猫,已成交,2026-04,7659.19,10099.83,10099.83,采购订单,PC 经营采购,顾客0294,顾客0294,1**********,1**********
宏碁（acer）,一体机,天猫,已成交,2026-04,8112.71,7694.59,7694.59,销售订单,PC 经营采购,顾客0295,顾客0295,1**********,1**********
惠普(HP),笔记本电脑,拼多多,已成交,2026-01,6736.28,6996.19,6996.19,采购订单,PC 经营采购,顾客0296,顾客0296,1**********,1**********
ThinkPad,一体机,淘宝,报价中,2026-03,,6528.24,767.93,退换订单,PC 经营采购,顾客0297,顾客0297,1**********,1**********
ThinkPad,轻薄本,京东,已成交,2026-02,8197.64,8025.78,8025.78,退换订单,PC 经营采购,顾客0298,顾客0298,1**********,1**********
雷神,台式整机,抖音,已成交,2026-06,8959.03,8680.49,8680.49,销售订单,PC 经营采购,顾客0299,顾客0299,1**********,1**********
惠普(HP),显示器,淘宝,已成交,2026-04,8312.2,7442.48,7442.48,采购订单,PC 经营采购,顾客0300,顾客0300,1**********,1**********
七彩虹,台式整机,天猫,已成交,2026-02,8441.92,7355.1,7355.1,销售订单,PC 经营采购,顾客0301,顾客0301,1**********,1**********
惠普(HP),笔记本电脑,天猫,已成交,2026-01,8498.96,8995.96,8995.96,销售订单,PC 经营采购,顾客0302,顾客0302,1**********,1**********
微星,一体机,天猫,撤销,2026-04,,9480.51,141.85,销售订单,PC 经营采购,顾客0303,顾客0303,1**********,1**********
七彩虹,显示器,快手,报价中,2026-04,,8568.07,949.83,销售订单,PC 经营采购,顾客0304,顾客0304,1**********,1**********
机械革命,台式整机,淘宝,新建采购,2026-05,,10640.0,1232.59,销售订单,PC 经营采购,顾客0305,顾客0305,1**********,1**********
惠普(HP),显示器,抖音,已成交,2026-08,8299.59,8845.39,8845.39,退换订单,PC 经营采购,顾客0306,顾客0306,1**********,1**********
华硕（ASUS）,电脑配件,天猫,已成交,2026-03,9427.26,9571.15,9571.15,销售订单,PC 经营采购,顾客0307,顾客0307,1**********,1**********
华硕（ASUS）,一体机,天猫,已成交,2026-02,9586.01,8568.08,8568.08,销售订单,PC 经营采购,顾客0308,顾客0308,1**********,1**********
雷神,游戏本,拼多多,已成交,2026-01,8362.49,7744.33,7744.33,销售订单,PC 经营采购,顾客0309,顾客0309,1**********,1**********
雷神,显示器,拼多多,新建采购,2026-04,,8020.28,2360.8,销售订单,PC 经营采购,顾客0310,顾客0310,1**********,1**********
微星,显示器,淘宝,已成交,2026-04,8289.74,11224.6,11224.6,采购订单,PC 经营采购,顾客0311,顾客0311,1**********,1**********
机械革命,电脑配件,抖音,已成交,2026-08,8137.82,9324.09,9324.09,销售订单,PC 经营采购,顾客0312,顾客0312,1**********,1**********
微星,显示器,拼多多,待发布,2026-04,,10693.33,101.37,退换订单,PC 经营采购,顾客0313,顾客0313,1**********,1**********
ThinkPad,轻薄本,拼多多,撤销,2026-03,,7861.87,1160.43,退换订单,PC 经营采购,顾客0314,顾客0314,1**********,1**********
微星,游戏本,电商通,已成交,2026-05,8993.04,10746.83,10746.83,退换订单,PC 经营采购,顾客0315,顾客0315,1**********,1**********
惠普(HP),笔记本电脑,电商通,已成交,2026-03,8801.71,7204.5,7204.5,退换订单,PC 经营采购,顾客0316,顾客0316,1**********,1**********
七彩虹,电脑配件,淘宝,已成交,2026-05,7078.91,8863.93,8863.93,退换订单,PC 经营采购,顾客0317,顾客0317,1**********,1**********
七彩虹,电脑配件,拼多多,已成交,2026-08,8066.64,9017.02,9017.02,销售订单,PC 经营采购,顾客0318,顾客0318,1**********,1**********
雷神,电脑配件,拼多多,新建采购,2026-04,,10009.96,1920.03,退换订单,PC 经营采购,顾客0319,顾客0319,1**********,1**********
雷神,笔记本电脑,拼多多,已成交,2026-05,9694.57,9069.07,9069.07,退换订单,PC 经营采购,顾客0320,顾客0320,1**********,1**********
微星,台式整机,拼多多,撤销,2026-07,,7861.84,1241.28,退换订单,PC 经营采购,顾客0321,顾客0321,1**********,1**********
华硕（ASUS）,显示器,京东,新建采购,2026-05,,9700.19,2229.29,退换订单,PC 经营采购,顾客0322,顾客0322,1**********,1**********
机械革命,轻薄本,拼多多,已成交,2026-07,9286.84,9780.54,9780.54,退换订单,PC 经营采购,顾客0323,顾客0323,1**********,1**********
ThinkPad,一体机,拼多多,新建采购,2026-08,,6101.46,238.87,退换订单,PC 经营采购,顾客0324,顾客0324,1**********,1**********
华硕（ASUS）,笔记本电脑,京东,报价中,2026-01,,7674.0,795.4,退换订单,PC 经营采购,顾客0325,顾客0325,1**********,1**********
惠普(HP),一体机,京东,已成交,2026-04,7326.32,6510.52,6510.52,退换订单,PC 经营采购,顾客0326,顾客0326,1**********,1**********
惠普(HP),电脑配件,快手,已成交,2026-03,7712.06,6955.14,6955.14,采购订单,PC 经营采购,顾客0327,顾客0327,1**********,1**********
微星,游戏本,淘宝,已成交,2026-08,9041.6,10727.66,10727.66,采购订单,PC 经营采购,顾客0328,顾客0328,1**********,1**********
雷神,一体机,快手,报价中,2026-03,,7760.11,1991.67,采购订单,PC 经营采购,顾客0329,顾客0329,1**********,1**********
华硕（ASUS）,显示器,天猫,新建采购,2026-07,,8773.48,2162.76,销售订单,PC 经营采购,顾客0330,顾客0330,1**********,1**********
雷神,轻薄本,京东,已成交,2026-01,9418.32,8567.49,8567.49,销售订单,PC 经营采购,顾客0331,顾客0331,1**********,1**********
ThinkPad,显示器,快手,已成交,2026-06,6805.19,7107.45,7107.45,销售订单,PC 经营采购,顾客0332,顾客0332,1**********,1**********
宏碁（acer）,电脑配件,拼多多,撤销,2026-08,,6936.04,1631.35,销售订单,PC 经营采购,顾客0333,顾客0333,1**********,1**********
ThinkPad,电脑配件,拼多多,报价中,2026-05,,8188.17,1870.41,销售订单,PC 经营采购,顾客0334,顾客0334,1**********,1**********
微星,电脑配件,天猫,撤销,2026-05,,10229.61,217.65,销售订单,PC 经营采购,顾客0335,顾客0335,1**********,1**********
雷神,电脑配件,淘宝,已成交,2026-02,8941.74,8511.91,8511.91,销售订单,PC 经营采购,顾客0336,顾客0336,1**********,1**********
机械革命,笔记本电脑,拼多多,报价中,2026-08,,10206.47,2320.36,退换订单,PC 经营采购,顾客0337,顾客0337,1**********,1**********
联想（Lenovo）,轻薄本,拼多多,已成交,2026-04,6142.34,7006.32,7006.32,销售订单,PC 经营采购,顾客0338,顾客0338,1**********,1**********
华硕（ASUS）,台式整机,抖音,新建采购,2026-01,,7202.78,1109.6,退换订单,PC 经营采购,顾客0339,顾客0339,1**********,1**********
微星,轻薄本,天猫,已成交,2026-08,9616.84,8918.66,8918.66,采购订单,PC 经营采购,顾客0340,顾客0340,1**********,1**********
微星,一体机,拼多多,已成交,2026-08,10982.2,7926.88,7926.88,销售订单,PC 经营采购,顾客0341,顾客0341,1**********,1**********
雷神,电脑配件,淘宝,待发布,2026-05,,7746.45,40.9,销售订单,PC 经营采购,顾客0342,顾客0342,1**********,1**********
宏碁（acer）,游戏本,淘宝,撤销,2026-08,,8090.15,2106.77,销售订单,PC 经营采购,顾客0343,顾客0343,1**********,1**********
宏碁（acer）,笔记本电脑,天猫,已成交,2026-05,7618.27,7862.34,7862.34,退换订单,PC 经营采购,顾客0344,顾客0344,1**********,1**********
七彩虹,轻薄本,天猫,已成交,2026-08,8324.73,7940.77,7940.77,退换订单,PC 经营采购,顾客0345,顾客0345,1**********,1**********
ThinkPad,笔记本电脑,拼多多,已成交,2026-02,7737.93,6997.16,6997.16,销售订单,PC 经营采购,顾客0346,顾客0346,1**********,1**********
ThinkPad,台式整机,拼多多,已成交,2026-06,6489.78,8333.53,8333.53,采购订单,PC 经营采购,顾客0347,顾客0347,1**********,1**********
ThinkPad,一体机,拼多多,已成交,2026-05,8135.46,6582.82,6582.82,销售订单,PC 经营采购,顾客0348,顾客0348,1**********,1**********
ThinkPad,一体机,淘宝,已成交,2026-05,8206.56,8405.11,8405.11,销售订单,PC 经营采购,顾客0349,顾客0349,1**********,1**********
ThinkPad,一体机,京东,已成交,2026-01,7062.62,7485.99,7485.99,销售订单,PC 经营采购,顾客0350,顾客0350,1**********,1**********
惠普(HP),轻薄本,拼多多,已成交,2026-05,8059.47,7791.56,7791.56,采购订单,PC 经营采购,顾客0351,顾客0351,1**********,1**********
机械革命,游戏本,京东,已成交,2026-06,9690.9,8853.53,8853.53,销售订单,PC 经营采购,顾客0352,顾客0352,1**********,1**********
联想（Lenovo）,显示器,拼多多,已成交,2026-06,5896.95,7185.81,7185.81,采购订单,PC 经营采购,顾客0353,顾客0353,1**********,1**********
ThinkPad,一体机,拼多多,已成交,2026-06,7487.19,6168.12,6168.12,退换订单,PC 经营采购,顾客0354,顾客0354,1**********,1**********
雷神,笔记本电脑,京东,撤销,2026-04,,7327.03,695.55,退换订单,PC 经营采购,顾客0355,顾客0355,1**********,1**********
七彩虹,显示器,抖音,已成交,2026-04,7651.93,7137.97,7137.97,采购订单,PC 经营采购,顾客0356,顾客0356,1**********,1**********
七彩虹,电脑配件,京东,已成交,2026-03,7225.75,9600.08,9600.08,销售订单,PC 经营采购,顾客0357,顾客0357,1**********,1**********
华硕（ASUS）,一体机,快手,已成交,2026-06,8230.37,9221.06,9221.06,采购订单,PC 经营采购,顾客0358,顾客0358,1**********,1**********
微星,台式整机,拼多多,已成交,2026-07,8635.67,10396.89,10396.89,销售订单,PC 经营采购,顾客0359,顾客0359,1**********,1**********
华硕（ASUS）,显示器,电商通,已成交,2026-06,8241.24,9490.79,9490.79,采购订单,PC 经营采购,顾客0360,顾客0360,1**********,1**********
七彩虹,显示器,抖音,撤销,2026-02,,8961.99,2668.46,退换订单,PC 经营采购,顾客0361,顾客0361,1**********,1**********
机械革命,轻薄本,京东,撤销,2026-08,,10563.83,2986.19,采购订单,PC 经营采购,顾客0362,顾客0362,1**********,1**********
宏碁（acer）,笔记本电脑,抖音,已成交,2026-07,6900.55,7960.09,7960.09,采购订单,PC 经营采购,顾客0363,顾客0363,1**********,1**********
七彩虹,显示器,快手,撤销,2026-01,,7431.09,1743.87,采购订单,PC 经营采购,顾客0364,顾客0364,1**********,1**********
联想（Lenovo）,显示器,抖音,撤销,2026-02,,7839.47,1938.81,销售订单,PC 经营采购,顾客0365,顾客0365,1**********,1**********
机械革命,笔记本电脑,抖音,已成交,2026-05,8279.75,10037.76,10037.76,销售订单,PC 经营采购,顾客0366,顾客0366,1**********,1**********
惠普(HP),一体机,电商通,已成交,2026-01,7598.55,7368.79,7368.79,退换订单,PC 经营采购,顾客0367,顾客0367,1**********,1**********
惠普(HP),一体机,拼多多,报价中,2026-07,,9078.57,903.29,销售订单,PC 经营采购,顾客0368,顾客0368,1**********,1**********
雷神,轻薄本,拼多多,报价中,2026-08,,7585.88,1897.35,采购订单,PC 经营采购,顾客0369,顾客0369,1**********,1**********
雷神,游戏本,淘宝,已成交,2026-08,7850.67,7724.19,7724.19,销售订单,PC 经营采购,顾客0370,顾客0370,1**********,1**********
宏碁（acer）,一体机,快手,报价中,2026-03,,7742.72,703.88,销售订单,PC 经营采购,顾客0371,顾客0371,1**********,1**********
机械革命,笔记本电脑,快手,报价中,2026-02,,10538.37,166.5,采购订单,PC 经营采购,顾客0372,顾客0372,1**********,1**********
华硕（ASUS）,轻薄本,拼多多,已成交,2026-07,9097.48,8560.13,8560.13,退换订单,PC 经营采购,顾客0373,顾客0373,1**********,1**********
华硕（ASUS）,一体机,淘宝,撤销,2026-01,,7969.9,2195.78,销售订单,PC 经营采购,顾客0374,顾客0374,1**********,1**********
雷神,轻薄本,抖音,已成交,2026-02,8143.59,8610.46,8610.46,采购订单,PC 经营采购,顾客0375,顾客0375,1**********,1**********
雷神,电脑配件,天猫,已成交,2026-01,9299.53,7684.0,7684.0,采购订单,PC 经营采购,顾客0376,顾客0376,1**********,1**********
联想（Lenovo）,轻薄本,抖音,撤销,2026-01,,6986.77,37.74,采购订单,PC 经营采购,顾客0377,顾客0377,1**********,1**********
联想（Lenovo）,电脑配件,抖音,已成交,2026-04,6171.51,5571.97,5571.97,退换订单,PC 经营采购,顾客0378,顾客0378,1**********,1**********
华硕（ASUS）,轻薄本,淘宝,已成交,2026-01,7684.13,8268.69,8268.69,销售订单,PC 经营采购,顾客0379,顾客0379,1**********,1**********
雷神,游戏本,天猫,已成交,2026-04,7771.96,7885.04,7885.04,销售订单,PC 经营采购,顾客0380,顾客0380,1**********,1**********
机械革命,轻薄本,抖音,撤销,2026-03,,9735.68,2594.22,退换订单,PC 经营采购,顾客0381,顾客0381,1**********,1**********
微星,笔记本电脑,拼多多,已成交,2026-05,8473.33,8336.55,8336.55,销售订单,PC 经营采购,顾客0382,顾客0382,1**********,1**********
惠普(HP),游戏本,京东,已成交,2026-02,7536.35,6755.69,6755.69,采购订单,PC 经营采购,顾客0383,顾客0383,1**********,1**********
宏碁（acer）,显示器,拼多多,已成交,2026-06,6162.93,7528.45,7528.45,退换订单,PC 经营采购,顾客0384,顾客0384,1**********,1**********
机械革命,台式整机,天猫,已成交,2026-02,9465.48,7977.74,7977.74,采购订单,PC 经营采购,顾客0385,顾客0385,1**********,1**********
微星,游戏本,拼多多,已成交,2026-06,8137.13,10623.88,10623.88,采购订单,PC 经营采购,顾客0386,顾客0386,1**********,1**********
华硕（ASUS）,电脑配件,抖音,待发布,2026-05,,9623.75,141.76,退换订单,PC 经营采购,顾客0387,顾客0387,1**********,1**********
ThinkPad,游戏本,抖音,已成交,2026-07,7864.54,6647.55,6647.55,销售订单,PC 经营采购,顾客0388,顾客0388,1**********,1**********
联想（Lenovo）,显示器,抖音,报价中,2026-07,,7201.46,881.67,采购订单,PC 经营采购,顾客0389,顾客0389,1**********,1**********
七彩虹,台式整机,京东,已成交,2026-08,8631.91,8811.46,8811.46,采购订单,PC 经营采购,顾客0390,顾客0390,1**********,1**********
ThinkPad,显示器,抖音,撤销,2026-01,,6379.43,1193.64,销售订单,PC 经营采购,顾客0391,顾客0391,1**********,1**********
雷神,台式整机,淘宝,已成交,2026-03,9671.02,7403.22,7403.22,销售订单,PC 经营采购,顾客0392,顾客0392,1**********,1**********
ThinkPad,游戏本,拼多多,已成交,2026-01,6182.5,7588.08,7588.08,销售订单,PC 经营采购,顾客0393,顾客0393,1**********,1**********
机械革命,电脑配件,拼多多,已成交,2026-01,9595.23,9638.96,9638.96,采购订单,PC 经营采购,顾客0394,顾客0394,1**********,1**********
雷神,电脑配件,拼多多,已成交,2026-04,9761.52,8923.48,8923.48,销售订单,PC 经营采购,顾客0395,顾客0395,1**********,1**********
宏碁（acer）,台式整机,电商通,已成交,2026-02,7029.8,6049.35,6049.35,采购订单,PC 经营采购,顾客0396,顾客0396,1**********,1**********
联想（Lenovo）,笔记本电脑,抖音,报价中,2026-04,,6125.78,269.23,退换订单,PC 经营采购,顾客0397,顾客0397,1**********,1**********
ThinkPad,笔记本电脑,京东,已成交,2026-08,8260.21,7732.89,7732.89,退换订单,PC 经营采购,顾客0398,顾客0398,1**********,1**********
雷神,游戏本,天猫,已成交,2026-07,9452.56,7387.17,7387.17,退换订单,PC 经营采购,顾客0399,顾客0399,1**********,1**********
联想（Lenovo）,笔记本电脑,拼多多,已成交,2026-02,6218.04,7799.98,7799.98,退换订单,PC 经营采购,顾客0400,顾客0400,1**********,1**********
七彩虹,游戏本,抖音,待发布,2026-06,,9277.22,256.62,销售订单,PC 经营采购,顾客0401,顾客0401,1**********,1**********
ThinkPad,笔记本电脑,拼多多,撤销,2026-01,,7350.7,1405.84,销售订单,PC 经营采购,顾客0402,顾客0402,1**********,1**********
微星,一体机,快手,撤销,2026-02,,8293.54,2422.01,销售订单,PC 经营采购,顾客0403,顾客0403,1**********,1**********
微星,笔记本电脑,快手,报价中,2026-02,,9675.07,998.14,退换订单,PC 经营采购,顾客0404,顾客0404,1**********,1**********
雷神,游戏本,抖音,已成交,2026-03,9441.23,7663.27,7663.27,退换订单,PC 经营采购,顾客0405,顾客0405,1**********,1**********
惠普(HP),台式整机,京东,已成交,2026-01,7806.84,7903.03,7903.03,采购订单,PC 经营采购,顾客0406,顾客0406,1**********,1**********
机械革命,一体机,拼多多,已成交,2026-02,9713.97,8937.48,8937.48,采购订单,PC 经营采购,顾客0407,顾客0407,1**********,1**********
机械革命,轻薄本,京东,已成交,2026-05,8139.42,7950.86,7950.86,退换订单,PC 经营采购,顾客0408,顾客0408,1**********,1**********
宏碁（acer）,台式整机,抖音,新建采购,2026-05,,8113.3,506.61,销售订单,PC 经营采购,顾客0409,顾客0409,1**********,1**********
雷神,一体机,快手,新建采购,2026-08,,8957.08,1173.21,退换订单,PC 经营采购,顾客0410,顾客0410,1**********,1**********
微星,轻薄本,天猫,已成交,2026-01,9865.58,8973.95,8973.95,销售订单,PC 经营采购,顾客0411,顾客0411,1**********,1**********
联想（Lenovo）,一体机,拼多多,待发布,2026-05,,6719.41,1861.54,采购订单,PC 经营采购,顾客0412,顾客0412,1**********,1**********
七彩虹,电脑配件,拼多多,报价中,2026-04,,9365.68,2720.66,采购订单,PC 经营采购,顾客0413,顾客0413,1**********,1**********
ThinkPad,显示器,电商通,撤销,2026-06,,5961.98,1507.01,采购订单,PC 经营采购,顾客0414,顾客0414,1**********,1**********
雷神,游戏本,京东,已成交,2026-08,8162.24,8520.38,8520.38,采购订单,PC 经营采购,顾客0415,顾客0415,1**********,1**********
雷神,轻薄本,天猫,已成交,2026-02,7698.11,7414.7,7414.7,采购订单,PC 经营采购,顾客0416,顾客0416,1**********,1**********
宏碁（acer）,轻薄本,淘宝,已成交,2026-06,7521.82,6687.98,6687.98,退换订单,PC 经营采购,顾客0417,顾客0417,1**********,1**********
雷神,电脑配件,天猫,报价中,2026-06,,7592.43,2254.51,退换订单,PC 经营采购,顾客0418,顾客0418,1**********,1**********
惠普(HP),台式整机,抖音,已成交,2026-02,7613.27,8969.65,8969.65,销售订单,PC 经营采购,顾客0419,顾客0419,1**********,1**********
七彩虹,显示器,淘宝,已成交,2026-03,8424.93,9255.31,9255.31,销售订单,PC 经营采购,顾客0420,顾客0420,1**********,1**********
微星,台式整机,抖音,撤销,2026-03,,8874.75,563.04,销售订单,PC 经营采购,顾客0421,顾客0421,1**********,1**********
宏碁（acer）,轻薄本,拼多多,撤销,2026-04,,6739.02,1696.74,采购订单,PC 经营采购,顾客0422,顾客0422,1**********,1**********
惠普(HP),显示器,拼多多,已成交,2026-06,6948.76,6658.68,6658.68,销售订单,PC 经营采购,顾客0423,顾客0423,1**********,1**********
宏碁（acer）,游戏本,抖音,已成交,2026-07,8100.74,6825.26,6825.26,采购订单,PC 经营采购,顾客0424,顾客0424,1**********,1**********
宏碁（acer）,显示器,天猫,已成交,2026-05,7173.51,7364.22,7364.22,采购订单,PC 经营采购,顾客0425,顾客0425,1**********,1**********
联想（Lenovo）,轻薄本,拼多多,已成交,2026-07,7615.84,5961.18,5961.18,采购订单,PC 经营采购,顾客0426,顾客0426,1**********,1**********
雷神,电脑配件,抖音,已成交,2026-03,9099.32,8532.01,8532.01,销售订单,PC 经营采购,顾客0427,顾客0427,1**********,1**********
机械革命,显示器,拼多多,已成交,2026-03,10692.57,9284.09,9284.09,采购订单,PC 经营采购,顾客0428,顾客0428,1**********,1**********
微星,一体机,抖音,已成交,2026-05,10418.4,10120.95,10120.95,销售订单,PC 经营采购,顾客0429,顾客0429,1**********,1**********
惠普(HP),游戏本,拼多多,撤销,2026-01,,6954.6,620.04,退换订单,PC 经营采购,顾客0430,顾客0430,1**********,1**********
雷神,台式整机,京东,已成交,2026-07,8760.31,9420.17,9420.17,退换订单,PC 经营采购,顾客0431,顾客0431,1**********,1**********
华硕（ASUS）,电脑配件,淘宝,已成交,2026-06,8490.08,10107.38,10107.38,采购订单,PC 经营采购,顾客0432,顾客0432,1**********,1**********
宏碁（acer）,电脑配件,淘宝,已成交,2026-06,7758.05,7556.34,7556.34,销售订单,PC 经营采购,顾客0433,顾客0433,1**********,1**********
微星,游戏本,淘宝,已成交,2026-03,9319.39,9624.96,9624.96,采购订单,PC 经营采购,顾客0434,顾客0434,1**********,1**********
ThinkPad,显示器,淘宝,已成交,2026-02,6532.52,8465.88,8465.88,退换订单,PC 经营采购,顾客0435,顾客0435,1**********,1**********
七彩虹,轻薄本,淘宝,已成交,2026-03,7550.29,8009.13,8009.13,退换订单,PC 经营采购,顾客0436,顾客0436,1**********,1**********
宏碁（acer）,显示器,电商通,已成交,2026-07,6947.32,8500.63,8500.63,采购订单,PC 经营采购,顾客0437,顾客0437,1**********,1**********
华硕（ASUS）,游戏本,拼多多,已成交,2026-03,9697.13,7260.63,7260.63,采购订单,PC 经营采购,顾客0438,顾客0438,1**********,1**********
雷神,一体机,天猫,已成交,2026-06,8019.4,9755.31,9755.31,退换订单,PC 经营采购,顾客0439,顾客0439,1**********,1**********
ThinkPad,台式整机,拼多多,已成交,2026-03,6350.69,8206.66,8206.66,销售订单,PC 经营采购,顾客0440,顾客0440,1**********,1**********
机械革命,游戏本,快手,撤销,2026-07,,10358.99,563.44,退换订单,PC 经营采购,顾客0441,顾客0441,1**********,1**********
华硕（ASUS）,台式整机,淘宝,已成交,2026-07,8319.44,7726.25,7726.25,采购订单,PC 经营采购,顾客0442,顾客0442,1**********,1**********
机械革命,轻薄本,拼多多,已成交,2026-01,8601.63,9985.14,9985.14,采购订单,PC 经营采购,顾客0443,顾客0443,1**********,1**********
联想（Lenovo）,一体机,拼多多,新建采购,2026-08,,6961.47,1931.99,采购订单,PC 经营采购,顾客0444,顾客0444,1**********,1**********
华硕（ASUS）,台式整机,淘宝,已成交,2026-02,8138.58,8741.11,8741.11,采购订单,PC 经营采购,顾客0445,顾客0445,1**********,1**********
宏碁（acer）,电脑配件,快手,新建采购,2026-07,,8291.7,2078.36,销售订单,PC 经营采购,顾客0446,顾客0446,1**********,1**********
ThinkPad,显示器,拼多多,已成交,2026-03,8279.8,7171.17,7171.17,销售订单,PC 经营采购,顾客0447,顾客0447,1**********,1**********
联想（Lenovo）,台式整机,淘宝,撤销,2026-07,,7373.19,676.38,销售订单,PC 经营采购,顾客0448,顾客0448,1**********,1**********
宏碁（acer）,笔记本电脑,抖音,已成交,2026-02,7655.22,8433.69,8433.69,采购订单,PC 经营采购,顾客0449,顾客0449,1**********,1**********
机械革命,轻薄本,天猫,已成交,2026-01,10172.47,8788.15,8788.15,采购订单,PC 经营采购,顾客0450,顾客0450,1**********,1**********
微星,一体机,拼多多,已成交,2026-03,8188.64,8725.44,8725.44,退换订单,PC 经营采购,顾客0451,顾客0451,1**********,1**********
惠普(HP),电脑配件,拼多多,已成交,2026-05,8328.69,8524.3,8524.3,采购订单,PC 经营采购,顾客0452,顾客0452,1**********,1**********
机械革命,显示器,抖音,报价中,2026-01,,8305.97,367.13,销售订单,PC 经营采购,顾客0453,顾客0453,1**********,1**********
ThinkPad,轻薄本,拼多多,已成交,2026-06,7845.55,8165.55,8165.55,采购订单,PC 经营采购,顾客0454,顾客0454,1**********,1**********
雷神,轻薄本,拼多多,已成交,2026-08,7626.85,9789.68,9789.68,采购订单,PC 经营采购,顾客0455,顾客0455,1**********,1**********
宏碁（acer）,轻薄本,抖音,已成交,2026-06,6410.27,6001.6,6001.6,退换订单,PC 经营采购,顾客0456,顾客0456,1**********,1**********
雷神,台式整机,抖音,已成交,2026-02,8264.08,9802.0,9802.0,销售订单,PC 经营采购,顾客0457,顾客0457,1**********,1**********
华硕（ASUS）,电脑配件,淘宝,已成交,2026-06,8924.92,9748.0,9748.0,采购订单,PC 经营采购,顾客0458,顾客0458,1**********,1**********
微星,轻薄本,快手,报价中,2026-04,,8343.95,831.89,采购订单,PC 经营采购,顾客0459,顾客0459,1**********,1**********
宏碁（acer）,轻薄本,淘宝,新建采购,2026-02,,8299.36,251.98,退换订单,PC 经营采购,顾客0460,顾客0460,1**********,1**********
微星,一体机,淘宝,已成交,2026-07,9291.97,11248.5,11248.5,销售订单,PC 经营采购,顾客0461,顾客0461,1**********,1**********
ThinkPad,笔记本电脑,电商通,报价中,2026-08,,7993.21,1473.53,销售订单,PC 经营采购,顾客0462,顾客0462,1**********,1**********
ThinkPad,轻薄本,抖音,报价中,2026-06,,6987.9,865.73,销售订单,PC 经营采购,顾客0463,顾客0463,1**********,1**********
宏碁（acer）,轻薄本,快手,撤销,2026-01,,8313.08,152.04,采购订单,PC 经营采购,顾客0464,顾客0464,1**********,1**********
宏碁（acer）,一体机,淘宝,已成交,2026-06,7111.56,8422.27,8422.27,销售订单,PC 经营采购,顾客0465,顾客0465,1**********,1**********
宏碁（acer）,显示器,电商通,报价中,2026-03,,6150.68,1842.7,退换订单,PC 经营采购,顾客0466,顾客0466,1**********,1**********
微星,台式整机,抖音,已成交,2026-01,8384.48,9961.3,9961.3,退换订单,PC 经营采购,顾客0467,顾客0467,1**********,1**********
ThinkPad,一体机,淘宝,已成交,2026-02,7620.58,6004.22,6004.22,退换订单,PC 经营采购,顾客0468,顾客0468,1**********,1**********
联想（Lenovo）,台式整机,淘宝,已成交,2026-08,5853.42,6193.34,6193.34,退换订单,PC 经营采购,顾客0469,顾客0469,1**********,1**********
机械革命,台式整机,京东,新建采购,2026-06,,9236.82,1823.26,采购订单,PC 经营采购,顾客0470,顾客0470,1**********,1**********
ThinkPad,游戏本,抖音,已成交,2026-06,7272.65,6613.65,6613.65,销售订单,PC 经营采购,顾客0471,顾客0471,1**********,1**********
宏碁（acer）,一体机,电商通,已成交,2026-02,7174.5,6892.34,6892.34,退换订单,PC 经营采购,顾客0472,顾客0472,1**********,1**********
微星,电脑配件,淘宝,已成交,2026-02,10492.15,10188.71,10188.71,采购订单,PC 经营采购,顾客0473,顾客0473,1**********,1**********
雷神,电脑配件,抖音,待发布,2026-08,,7450.96,0.21,退换订单,PC 经营采购,顾客0474,顾客0474,1**********,1**********
雷神,台式整机,电商通,新建采购,2026-08,,8631.23,2575.27,采购订单,PC 经营采购,顾客0475,顾客0475,1**********,1**********
ThinkPad,一体机,拼多多,撤销,2026-01,,6061.86,737.09,采购订单,PC 经营采购,顾客0476,顾客0476,1**********,1**********
联想（Lenovo）,一体机,拼多多,已成交,2026-05,7664.07,6969.21,6969.21,销售订单,PC 经营采购,顾客0477,顾客0477,1**********,1**********
雷神,电脑配件,抖音,撤销,2026-08,,8923.89,777.55,采购订单,PC 经营采购,顾客0478,顾客0478,1**********,1**********
机械革命,电脑配件,天猫,已成交,2026-07,8510.76,9217.32,9217.32,退换订单,PC 经营采购,顾客0479,顾客0479,1**********,1**********
华硕（ASUS）,游戏本,京东,撤销,2026-07,,8774.79,1505.77,退换订单,PC 经营采购,顾客0480,顾客0480,1**********,1**********
惠普(HP),一体机,淘宝,已成交,2026-04,7272.52,7726.51,7726.51,退换订单,PC 经营采购,顾客0481,顾客0481,1**********,1**********
微星,笔记本电脑,天猫,已成交,2026-02,8893.87,10990.71,10990.71,销售订单,PC 经营采购,顾客0482,顾客0482,1**********,1**********
惠普(HP),台式整机,天猫,已成交,2026-02,8504.06,9213.6,9213.6,采购订单,PC 经营采购,顾客0483,顾客0483,1**********,1**********
ThinkPad,台式整机,拼多多,已成交,2026-06,8098.47,5916.38,5916.38,退换订单,PC 经营采购,顾客0484,顾客0484,1**********,1**********
机械革命,台式整机,快手,报价中,2026-08,,10090.11,1259.04,退换订单,PC 经营采购,顾客0485,顾客0485,1**********,1**********
微星,一体机,抖音,新建采购,2026-05,,9661.52,2487.6,退换订单,PC 经营采购,顾客0486,顾客0486,1**********,1**********
ThinkPad,游戏本,电商通,已成交,2026-07,6527.93,7215.84,7215.84,退换订单,PC 经营采购,顾客0487,顾客0487,1**********,1**********
联想（Lenovo）,一体机,抖音,已成交,2026-02,7349.77,7790.55,7790.55,销售订单,PC 经营采购,顾客0488,顾客0488,1**********,1**********
七彩虹,电脑配件,天猫,已成交,2026-05,7956.78,8412.31,8412.31,销售订单,PC 经营采购,顾客0489,顾客0489,1**********,1**********
惠普(HP),轻薄本,淘宝,已成交,2026-07,8319.35,9103.35,9103.35,采购订单,PC 经营采购,顾客0490,顾客0490,1**********,1**********
联想（Lenovo）,笔记本电脑,抖音,报价中,2026-02,,7748.46,1290.67,销售订单,PC 经营采购,顾客0491,顾客0491,1**********,1**********
微星,显示器,拼多多,已成交,2026-04,10542.01,8567.82,8567.82,销售订单,PC 经营采购,顾客0492,顾客0492,1**********,1**********
七彩虹,显示器,拼多多,已成交,2026-08,8513.08,8683.67,8683.67,采购订单,PC 经营采购,顾客0493,顾客0493,1**********,1**********
ThinkPad,显示器,抖音,已成交,2026-03,6128.29,7898.02,7898.02,退换订单,PC 经营采购,顾客0494,顾客0494,1**********,1**********
七彩虹,笔记本电脑,抖音,已成交,2026-03,7693.38,7350.86,7350.86,销售订单,PC 经营采购,顾客0495,顾客0495,1**********,1**********
华硕（ASUS）,电脑配件,天猫,已成交,2026-06,7690.4,7809.06,7809.06,退换订单,PC 经营采购,顾客0496,顾客0496,1**********,1**********
机械革命,轻薄本,抖音,已成交,2026-04,9898.22,10401.9,10401.9,销售订单,PC 经营采购,顾客0497,顾客0497,1**********,1**********
宏碁（acer）,台式整机,淘宝,已成交,2026-07,6612.04,6039.94,6039.94,退换订单,PC 经营采购,顾客0498,顾客0498,1**********,1**********
惠普(HP),电脑配件,抖音,已成交,2026-01,6940.16,8569.15,8569.15,采购订单,PC 经营采购,顾客0499,顾客0499,1**********,1**********
ThinkPad,显示器,天猫,报价中,2026-01,,6249.46,1711.74,退换订单,PC 经营采购,顾客0500,顾客0500,1**********,1**********
七彩虹,轻薄本,抖音,新建采购,2026-06,,9116.36,1944.56,采购订单,PC 经营采购,顾客0501,顾客0501,1**********,1**********
雷神,一体机,拼多多,已成交,2026-03,8219.87,8478.45,8478.45,采购订单,PC 经营采购,顾客0502,顾客0502,1**********,1**********
七彩虹,显示器,抖音,已成交,2026-06,7695.02,7393.32,7393.32,退换订单,PC 经营采购,顾客0503,顾客0503,1**********,1**********
七彩虹,显示器,电商通,已成交,2026-05,8305.99,9666.54,9666.54,退换订单,PC 经营采购,顾客0504,顾客0504,1**********,1**********
宏碁（acer）,显示器,抖音,报价中,2026-05,,6605.22,1419.74,销售订单,PC 经营采购,顾客0505,顾客0505,1**********,1**********
联想（Lenovo）,一体机,京东,撤销,2026-08,,6867.75,1172.08,退换订单,PC 经营采购,顾客0506,顾客0506,1**********,1**********
宏碁（acer）,台式整机,快手,报价中,2026-02,,7544.44,368.89,销售订单,PC 经营采购,顾客0507,顾客0507,1**********,1**********
机械革命,游戏本,淘宝,撤销,2026-05,,10989.63,2201.66,退换订单,PC 经营采购,顾客0508,顾客0508,1**********,1**********
微星,显示器,电商通,报价中,2026-05,,9130.33,1958.29,退换订单,PC 经营采购,顾客0509,顾客0509,1**********,1**********
惠普(HP),一体机,抖音,已成交,2026-01,8991.66,6668.48,6668.48,销售订单,PC 经营采购,顾客0510,顾客0510,1**********,1**********
微星,游戏本,淘宝,已成交,2026-02,8968.91,9265.31,9265.31,退换订单,PC 经营采购,顾客0511,顾客0511,1**********,1**********
七彩虹,显示器,抖音,撤销,2026-08,,9248.46,2409.79,退换订单,PC 经营采购,顾客0512,顾客0512,1**********,1**********
微星,轻薄本,电商通,已成交,2026-06,9616.57,8877.53,8877.53,退换订单,PC 经营采购,顾客0513,顾客0513,1**********,1**********
雷神,游戏本,天猫,撤销,2026-02,,8273.48,64.28,退换订单,PC 经营采购,顾客0514,顾客0514,1**********,1**********
惠普(HP),笔记本电脑,淘宝,已成交,2026-05,7783.76,6810.53,6810.53,退换订单,PC 经营采购,顾客0515,顾客0515,1**********,1**********
惠普(HP),显示器,电商通,报价中,2026-05,,8231.82,1850.51,销售订单,PC 经营采购,顾客0516,顾客0516,1**********,1**********
雷神,一体机,电商通,已成交,2026-07,8756.82,10031.87,10031.87,采购订单,PC 经营采购,顾客0517,顾客0517,1**********,1**********
机械革命,一体机,天猫,已成交,2026-03,10200.75,9166.82,9166.82,采购订单,PC 经营采购,顾客0518,顾客0518,1**********,1**********
惠普(HP),台式整机,快手,已成交,2026-01,7569.82,6925.7,6925.7,销售订单,PC 经营采购,顾客0519,顾客0519,1**********,1**********
七彩虹,游戏本,电商通,撤销,2026-06,,9779.51,1841.3,销售订单,PC 经营采购,顾客0520,顾客0520,1**********,1**********
宏碁（acer）,显示器,拼多多,撤销,2026-08,,7344.55,1501.96,退换订单,PC 经营采购,顾客0521,顾客0521,1**********,1**********
联想（Lenovo）,显示器,拼多多,新建采购,2026-03,,5585.74,1411.8,采购订单,PC 经营采购,顾客0522,顾客0522,1**********,1**********
华硕（ASUS）,台式整机,拼多多,已成交,2026-01,9634.9,8301.42,8301.42,退换订单,PC 经营采购,顾客0523,顾客0523,1**********,1**********
微星,笔记本电脑,拼多多,已成交,2026-08,10044.56,8064.16,8064.16,退换订单,PC 经营采购,顾客0524,顾客0524,1**********,1**********
惠普(HP),显示器,抖音,撤销,2026-03,,8920.92,2146.34,销售订单,PC 经营采购,顾客0525,顾客0525,1**********,1**********
微星,轻薄本,电商通,待发布,2026-01,,8112.45,2239.08,退换订单,PC 经营采购,顾客0526,顾客0526,1**********,1**********
微星,轻薄本,电商通,已成交,2026-07,8444.82,8880.3,8880.3,退换订单,PC 经营采购,顾客0527,顾客0527,1**********,1**********
微星,台式整机,拼多多,撤销,2026-03,,9381.3,1290.46,采购订单,PC 经营采购,顾客0528,顾客0528,1**********,1**********
微星,台式整机,淘宝,报价中,2026-08,,9898.12,772.89,销售订单,PC 经营采购,顾客0529,顾客0529,1**********,1**********
微星,显示器,快手,报价中,2026-07,,9024.03,1825.63,退换订单,PC 经营采购,顾客0530,顾客0530,1**********,1**********
惠普(HP),游戏本,拼多多,已成交,2026-08,7140.48,7834.61,7834.61,销售订单,PC 经营采购,顾客0531,顾客0531,1**********,1**********
雷神,台式整机,天猫,撤销,2026-02,,9399.21,760.69,采购订单,PC 经营采购,顾客0532,顾客0532,1**********,1**********
七彩虹,笔记本电脑,抖音,已成交,2026-05,7135.47,8749.24,8749.24,退换订单,PC 经营采购,顾客0533,顾客0533,1**********,1**********
机械革命,游戏本,淘宝,撤销,2026-06,,8555.72,1943.25,采购订单,PC 经营采购,顾客0534,顾客0534,1**********,1**********
宏碁（acer）,台式整机,快手,已成交,2026-04,6624.08,6420.18,6420.18,退换订单,PC 经营采购,顾客0535,顾客0535,1**********,1**********
联想（Lenovo）,电脑配件,京东,报价中,2026-06,,7920.17,512.3,退换订单,PC 经营采购,顾客0536,顾客0536,1**********,1**********
联想（Lenovo）,一体机,拼多多,报价中,2026-01,,6663.74,1576.25,销售订单,PC 经营采购,顾客0537,顾客0537,1**********,1**********
宏碁（acer）,台式整机,抖音,已成交,2026-02,8246.67,8511.36,8511.36,退换订单,PC 经营采购,顾客0538,顾客0538,1**********,1**********
联想（Lenovo）,游戏本,电商通,已成交,2026-02,6910.53,5653.2,5653.2,采购订单,PC 经营采购,顾客0539,顾客0539,1**********,1**********
微星,轻薄本,拼多多,已成交,2026-03,10016.8,10309.38,10309.38,销售订单,PC 经营采购,顾客0540,顾客0540,1**********,1**********
宏碁（acer）,电脑配件,拼多多,已成交,2026-01,8076.59,6146.56,6146.56,销售订单,PC 经营采购,顾客0541,顾客0541,1**********,1**********
七彩虹,显示器,快手,报价中,2026-04,,7929.82,497.52,退换订单,PC 经营采购,顾客0542,顾客0542,1**********,1**********
华硕（ASUS）,游戏本,拼多多,已成交,2026-03,8369.82,9866.9,9866.9,退换订单,PC 经营采购,顾客0543,顾客0543,1**********,1**********
惠普(HP),显示器,抖音,已成交,2026-06,8627.32,9079.76,9079.76,退换订单,PC 经营采购,顾客0544,顾客0544,1**********,1**********
ThinkPad,电脑配件,淘宝,已成交,2026-03,6931.84,8147.15,8147.15,退换订单,PC 经营采购,顾客0545,顾客0545,1**********,1**********
宏碁（acer）,台式整机,电商通,撤销,2026-02,,7730.76,2163.64,采购订单,PC 经营采购,顾客0546,顾客0546,1**********,1**********
ThinkPad,一体机,抖音,新建采购,2026-06,,7545.26,191.06,退换订单,PC 经营采购,顾客0547,顾客0547,1**********,1**********
华硕（ASUS）,电脑配件,淘宝,已成交,2026-06,8809.43,9899.37,9899.37,销售订单,PC 经营采购,顾客0548,顾客0548,1**********,1**********
微星,电脑配件,拼多多,已成交,2026-05,8909.15,10919.42,10919.42,销售订单,PC 经营采购,顾客0549,顾客0549,1**********,1**********
机械革命,电脑配件,拼多多,已成交,2026-02,8851.58,8113.24,8113.24,销售订单,PC 经营采购,顾客0550,顾客0550,1**********,1**********
机械革命,显示器,天猫,待发布,2026-03,,9168.97,2346.99,销售订单,PC 经营采购,顾客0551,顾客0551,1**********,1**********
ThinkPad,显示器,快手,报价中,2026-06,,6731.07,382.5,销售订单,PC 经营采购,顾客0552,顾客0552,1**********,1**********
华硕（ASUS）,轻薄本,抖音,撤销,2026-01,,8041.65,440.14,退换订单,PC 经营采购,顾客0553,顾客0553,1**********,1**********
联想（Lenovo）,台式整机,抖音,撤销,2026-02,,7308.19,1420.57,退换订单,PC 经营采购,顾客0554,顾客0554,1**********,1**********
微星,游戏本,抖音,报价中,2026-07,,8448.55,110.94,退换订单,PC 经营采购,顾客0555,顾客0555,1**********,1**********
机械革命,电脑配件,抖音,已成交,2026-08,9814.23,8547.6,8547.6,销售订单,PC 经营采购,顾客0556,顾客0556,1**********,1**********
微星,游戏本,淘宝,已成交,2026-08,10837.6,9710.51,9710.51,销售订单,PC 经营采购,顾客0557,顾客0557,1**********,1**********
惠普(HP),轻薄本,电商通,已成交,2026-01,8057.58,7756.53,7756.53,销售订单,PC 经营采购,顾客0558,顾客0558,1**********,1**********
七彩虹,台式整机,京东,已成交,2026-07,7272.2,9171.59,9171.59,退换订单,PC 经营采购,顾客0559,顾客0559,1**********,1**********
机械革命,游戏本,京东,新建采购,2026-03,,10599.28,1668.27,销售订单,PC 经营采购,顾客0560,顾客0560,1**********,1**********
宏碁（acer）,笔记本电脑,淘宝,已成交,2026-02,7734.21,8303.74,8303.74,采购订单,PC 经营采购,顾客0561,顾客0561,1**********,1**********
微星,台式整机,电商通,报价中,2026-05,,11017.17,1835.19,采购订单,PC 经营采购,顾客0562,顾客0562,1**********,1**********
宏碁（acer）,台式整机,京东,已成交,2026-05,6655.31,6945.02,6945.02,退换订单,PC 经营采购,顾客0563,顾客0563,1**********,1**********
联想（Lenovo）,游戏本,淘宝,已成交,2026-05,6523.88,5958.04,5958.04,退换订单,PC 经营采购,顾客0564,顾客0564,1**********,1**********
ThinkPad,电脑配件,拼多多,已成交,2026-03,7983.81,8433.35,8433.35,退换订单,PC 经营采购,顾客0565,顾客0565,1**********,1**********
惠普(HP),笔记本电脑,电商通,撤销,2026-08,,8482.16,391.17,采购订单,PC 经营采购,顾客0566,顾客0566,1**********,1**********
联想（Lenovo）,一体机,淘宝,已成交,2026-04,5906.25,6338.38,6338.38,销售订单,PC 经营采购,顾客0567,顾客0567,1**********,1**********
联想（Lenovo）,显示器,快手,撤销,2026-07,,7526.22,512.28,采购订单,PC 经营采购,顾客0568,顾客0568,1**********,1**********
微星,一体机,电商通,已成交,2026-04,8533.17,10949.02,10949.02,销售订单,PC 经营采购,顾客0569,顾客0569,1**********,1**********
联想（Lenovo）,一体机,京东,报价中,2026-05,,6149.78,1784.41,销售订单,PC 经营采购,顾客0570,顾客0570,1**********,1**********
华硕（ASUS）,游戏本,抖音,已成交,2026-08,9821.93,8255.29,8255.29,销售订单,PC 经营采购,顾客0571,顾客0571,1**********,1**********
惠普(HP),电脑配件,拼多多,已成交,2026-06,6785.2,8937.1,8937.1,采购订单,PC 经营采购,顾客0572,顾客0572,1**********,1**********
雷神,显示器,拼多多,报价中,2026-07,,8036.68,129.73,采购订单,PC 经营采购,顾客0573,顾客0573,1**********,1**********
华硕（ASUS）,台式整机,拼多多,新建采购,2026-06,,8380.95,829.4,采购订单,PC 经营采购,顾客0574,顾客0574,1**********,1**********
华硕（ASUS）,游戏本,淘宝,已成交,2026-06,9579.34,7603.89,7603.89,采购订单,PC 经营采购,顾客0575,顾客0575,1**********,1**********
微星,一体机,快手,新建采购,2026-07,,9419.03,905.56,采购订单,PC 经营采购,顾客0576,顾客0576,1**********,1**********
ThinkPad,轻薄本,抖音,已成交,2026-06,8056.61,8225.76,8225.76,销售订单,PC 经营采购,顾客0577,顾客0577,1**********,1**********
七彩虹,笔记本电脑,快手,新建采购,2026-06,,9039.66,762.93,退换订单,PC 经营采购,顾客0578,顾客0578,1**********,1**********
华硕（ASUS）,笔记本电脑,抖音,已成交,2026-03,8357.63,8523.49,8523.49,采购订单,PC 经营采购,顾客0579,顾客0579,1**********,1**********
联想（Lenovo）,显示器,抖音,已成交,2026-03,7162.51,6584.63,6584.63,采购订单,PC 经营采购,顾客0580,顾客0580,1**********,1**********
七彩虹,轻薄本,拼多多,报价中,2026-03,,9323.1,250.13,采购订单,PC 经营采购,顾客0581,顾客0581,1**********,1**********
ThinkPad,显示器,京东,已成交,2026-05,7189.78,7730.5,7730.5,采购订单,PC 经营采购,顾客0582,顾客0582,1**********,1**********
ThinkPad,笔记本电脑,快手,撤销,2026-03,,8372.44,1132.88,退换订单,PC 经营采购,顾客0583,顾客0583,1**********,1**********
联想（Lenovo）,轻薄本,快手,撤销,2026-04,,6454.9,833.55,退换订单,PC 经营采购,顾客0584,顾客0584,1**********,1**********
七彩虹,显示器,京东,已成交,2026-06,8885.41,7325.79,7325.79,退换订单,PC 经营采购,顾客0585,顾客0585,1**********,1**********
雷神,轻薄本,抖音,已成交,2026-03,9685.19,7564.72,7564.72,退换订单,PC 经营采购,顾客0586,顾客0586,1**********,1**********
ThinkPad,游戏本,天猫,已成交,2026-06,7556.37,8077.62,8077.62,采购订单,PC 经营采购,顾客0587,顾客0587,1**********,1**********
ThinkPad,游戏本,天猫,已成交,2026-03,7266.31,7367.85,7367.85,退换订单,PC 经营采购,顾客0588,顾客0588,1**********,1**********
机械革命,台式整机,快手,撤销,2026-01,,8766.06,2236.0,退换订单,PC 经营采购,顾客0589,顾客0589,1**********,1**********
雷神,笔记本电脑,电商通,已成交,2026-03,8467.71,10021.8,10021.8,销售订单,PC 经营采购,顾客0590,顾客0590,1**********,1**********
联想（Lenovo）,电脑配件,京东,已成交,2026-05,6205.35,5845.0,5845.0,退换订单,PC 经营采购,顾客0591,顾客0591,1**********,1**********
ThinkPad,笔记本电脑,京东,已成交,2026-02,7841.14,6275.22,6275.22,销售订单,PC 经营采购,顾客0592,顾客0592,1**********,1**********
机械革命,轻薄本,淘宝,撤销,2026-05,,9933.04,1995.74,采购订单,PC 经营采购,顾客0593,顾客0593,1**********,1**********
机械革命,一体机,天猫,已成交,2026-05,10685.46,10621.37,10621.37,销售订单,PC 经营采购,顾客0594,顾客0594,1**********,1**********
微星,显示器,天猫,已成交,2026-07,10267.69,10651.19,10651.19,采购订单,PC 经营采购,顾客0595,顾客0595,1**********,1**********
七彩虹,台式整机,京东,待发布,2026-08,,8772.52,301.77,退换订单,PC 经营采购,顾客0596,顾客0596,1**********,1**********
雷神,一体机,淘宝,已成交,2026-01,9673.95,7218.6,7218.6,退换订单,PC 经营采购,顾客0597,顾客0597,1**********,1**********
惠普(HP),台式整机,电商通,已成交,2026-05,9000.99,6509.04,6509.04,退换订单,PC 经营采购,顾客0598,顾客0598,1**********,1**********
华硕（ASUS）,显示器,快手,新建采购,2026-02,,7375.77,858.52,采购订单,PC 经营采购,顾客0599,顾客0599,1**********,1**********
雷神,电脑配件,拼多多,已成交,2026-02,8165.18,9522.64,9522.64,采购订单,PC 经营采购,顾客0600,顾客0600,1**********,1**********
宏碁（acer）,显示器,京东,已成交,2026-01,6468.75,8444.15,8444.15,采购订单,PC 经营采购,顾客0601,顾客0601,1**********,1**********
联想（Lenovo）,电脑配件,抖音,报价中,2026-05,,7863.7,63.44,退换订单,PC 经营采购,顾客0602,顾客0602,1**********,1**********
联想（Lenovo）,电脑配件,电商通,撤销,2026-08,,7013.35,1468.97,采购订单,PC 经营采购,顾客0603,顾客0603,1**********,1**********
机械革命,台式整机,抖音,已成交,2026-01,9988.92,9375.84,9375.84,退换订单,PC 经营采购,顾客0604,顾客0604,1**********,1**********
七彩虹,笔记本电脑,京东,已成交,2026-07,7308.81,8211.69,8211.69,采购订单,PC 经营采购,顾客0605,顾客0605,1**********,1**********
ThinkPad,台式整机,抖音,已成交,2026-08,6242.49,6874.38,6874.38,销售订单,PC 经营采购,顾客0606,顾客0606,1**********,1**********
宏碁（acer）,游戏本,天猫,已成交,2026-01,7664.82,8160.66,8160.66,采购订单,PC 经营采购,顾客0607,顾客0607,1**********,1**********
宏碁（acer）,轻薄本,抖音,已成交,2026-05,8273.44,6462.87,6462.87,销售订单,PC 经营采购,顾客0608,顾客0608,1**********,1**********
惠普(HP),笔记本电脑,天猫,已成交,2026-04,7357.51,7478.18,7478.18,采购订单,PC 经营采购,顾客0609,顾客0609,1**********,1**********
联想（Lenovo）,电脑配件,抖音,已成交,2026-08,6798.48,5609.01,5609.01,退换订单,PC 经营采购,顾客0610,顾客0610,1**********,1**********
微星,台式整机,淘宝,已成交,2026-07,8146.25,8914.27,8914.27,销售订单,PC 经营采购,顾客0611,顾客0611,1**********,1**********
ThinkPad,轻薄本,拼多多,已成交,2026-03,6570.46,7137.71,7137.71,销售订单,PC 经营采购,顾客0612,顾客0612,1**********,1**********
华硕（ASUS）,电脑配件,淘宝,已成交,2026-04,7907.81,7525.58,7525.58,采购订单,PC 经营采购,顾客0613,顾客0613,1**********,1**********
惠普(HP),电脑配件,拼多多,已成交,2026-05,6807.78,7141.45,7141.45,退换订单,PC 经营采购,顾客0614,顾客0614,1**********,1**********
机械革命,台式整机,电商通,撤销,2026-03,,7850.43,918.7,退换订单,PC 经营采购,顾客0615,顾客0615,1**********,1**********
七彩虹,一体机,电商通,已成交,2026-08,9029.73,8037.67,8037.67,销售订单,PC 经营采购,顾客0616,顾客0616,1**********,1**********
七彩虹,轻薄本,抖音,已成交,2026-01,8629.87,7473.35,7473.35,采购订单,PC 经营采购,顾客0617,顾客0617,1**********,1**********
雷神,笔记本电脑,拼多多,新建采购,2026-07,,7333.83,836.04,采购订单,PC 经营采购,顾客0618,顾客0618,1**********,1**********
联想（Lenovo）,一体机,电商通,已成交,2026-08,6171.66,7376.27,7376.27,退换订单,PC 经营采购,顾客0619,顾客0619,1**********,1**********
ThinkPad,轻薄本,天猫,已成交,2026-07,6805.17,6119.76,6119.76,销售订单,PC 经营采购,顾客0620,顾客0620,1**********,1**********
机械革命,电脑配件,天猫,已成交,2026-05,9283.59,11009.07,11009.07,采购订单,PC 经营采购,顾客0621,顾客0621,1**********,1**********
七彩虹,显示器,拼多多,报价中,2026-05,,8281.29,2369.33,采购订单,PC 经营采购,顾客0622,顾客0622,1**********,1**********
微星,显示器,天猫,待发布,2026-03,,8097.97,499.14,退换订单,PC 经营采购,顾客0623,顾客0623,1**********,1**********
七彩虹,游戏本,抖音,已成交,2026-03,8710.07,8311.56,8311.56,销售订单,PC 经营采购,顾客0624,顾客0624,1**********,1**********
微星,笔记本电脑,拼多多,撤销,2026-05,,8808.47,283.77,退换订单,PC 经营采购,顾客0625,顾客0625,1**********,1**********
七彩虹,轻薄本,京东,已成交,2026-02,7177.29,7572.33,7572.33,退换订单,PC 经营采购,顾客0626,顾客0626,1**********,1**********
七彩虹,台式整机,电商通,已成交,2026-01,7575.24,7943.54,7943.54,退换订单,PC 经营采购,顾客0627,顾客0627,1**********,1**********
联想（Lenovo）,一体机,拼多多,已成交,2026-05,6949.5,6056.25,6056.25,销售订单,PC 经营采购,顾客0628,顾客0628,1**********,1**********
惠普(HP),台式整机,京东,报价中,2026-04,,7559.25,1057.95,退换订单,PC 经营采购,顾客0629,顾客0629,1**********,1**********
雷神,显示器,抖音,已成交,2026-04,7388.9,8025.84,8025.84,销售订单,PC 经营采购,顾客0630,顾客0630,1**********,1**********
微星,显示器,快手,撤销,2026-02,,7925.13,1640.73,销售订单,PC 经营采购,顾客0631,顾客0631,1**********,1**********
机械革命,台式整机,天猫,已成交,2026-07,8162.23,8560.64,8560.64,销售订单,PC 经营采购,顾客0632,顾客0632,1**********,1**********
宏碁（acer）,台式整机,天猫,已成交,2026-03,8240.45,8189.64,8189.64,采购订单,PC 经营采购,顾客0633,顾客0633,1**********,1**********
华硕（ASUS）,游戏本,拼多多,已成交,2026-05,9414.14,8370.15,8370.15,采购订单,PC 经营采购,顾客0634,顾客0634,1**********,1**********
惠普(HP),轻薄本,抖音,已成交,2026-05,7123.05,9172.49,9172.49,销售订单,PC 经营采购,顾客0635,顾客0635,1**********,1**********
雷神,笔记本电脑,抖音,已成交,2026-04,9602.44,9702.51,9702.51,销售订单,PC 经营采购,顾客0636,顾客0636,1**********,1**********
惠普(HP),电脑配件,拼多多,已成交,2026-06,7026.57,7361.8,7361.8,销售订单,PC 经营采购,顾客0637,顾客0637,1**********,1**********
雷神,笔记本电脑,天猫,已成交,2026-06,7566.66,8803.73,8803.73,采购订单,PC 经营采购,顾客0638,顾客0638,1**********,1**********
七彩虹,一体机,抖音,已成交,2026-01,9093.19,8343.56,8343.56,采购订单,PC 经营采购,顾客0639,顾客0639,1**********,1**********
华硕（ASUS）,显示器,拼多多,报价中,2026-04,,9757.28,348.57,销售订单,PC 经营采购,顾客0640,顾客0640,1**********,1**********
雷神,电脑配件,电商通,已成交,2026-04,9263.22,7261.93,7261.93,采购订单,PC 经营采购,顾客0641,顾客0641,1**********,1**********
惠普(HP),游戏本,淘宝,已成交,2026-01,8705.44,6942.34,6942.34,退换订单,PC 经营采购,顾客0642,顾客0642,1**********,1**********
微星,一体机,抖音,新建采购,2026-02,,10231.33,394.81,退换订单,PC 经营采购,顾客0643,顾客0643,1**********,1**********
雷神,一体机,拼多多,新建采购,2026-02,,8274.21,1151.89,退换订单,PC 经营采购,顾客0644,顾客0644,1**********,1**********
ThinkPad,轻薄本,抖音,撤销,2026-05,,6079.72,4.86,采购订单,PC 经营采购,顾客0645,顾客0645,1**********,1**********
雷神,游戏本,淘宝,已成交,2026-03,8528.36,8129.35,8129.35,采购订单,PC 经营采购,顾客0646,顾客0646,1**********,1**********
微星,电脑配件,天猫,已成交,2026-05,8298.13,9030.0,9030.0,销售订单,PC 经营采购,顾客0647,顾客0647,1**********,1**********
联想（Lenovo）,轻薄本,抖音,已成交,2026-05,6858.0,6851.62,6851.62,采购订单,PC 经营采购,顾客0648,顾客0648,1**********,1**********
机械革命,游戏本,电商通,待发布,2026-06,,9394.18,337.96,退换订单,PC 经营采购,顾客0649,顾客0649,1**********,1**********
华硕（ASUS）,电脑配件,天猫,已成交,2026-02,7828.79,9976.9,9976.9,销售订单,PC 经营采购,顾客0650,顾客0650,1**********,1**********
机械革命,轻薄本,拼多多,已成交,2026-06,8955.06,8459.8,8459.8,退换订单,PC 经营采购,顾客0651,顾客0651,1**********,1**********
ThinkPad,笔记本电脑,天猫,已成交,2026-02,7918.84,6279.29,6279.29,退换订单,PC 经营采购,顾客0652,顾客0652,1**********,1**********
微星,游戏本,拼多多,撤销,2026-08,,8663.64,2182.82,采购订单,PC 经营采购,顾客0653,顾客0653,1**********,1**********
七彩虹,电脑配件,抖音,已成交,2026-06,7859.45,8138.48,8138.48,退换订单,PC 经营采购,顾客0654,顾客0654,1**********,1**********
雷神,电脑配件,抖音,撤销,2026-04,,7992.04,734.67,销售订单,PC 经营采购,顾客0655,顾客0655,1**********,1**********
七彩虹,一体机,天猫,已成交,2026-06,7769.78,9311.99,9311.99,退换订单,PC 经营采购,顾客0656,顾客0656,1**********,1**********
ThinkPad,显示器,拼多多,已成交,2026-02,7865.87,7728.98,7728.98,采购订单,PC 经营采购,顾客0657,顾客0657,1**********,1**********
联想（Lenovo）,笔记本电脑,淘宝,撤销,2026-05,,7199.39,519.51,采购订单,PC 经营采购,顾客0658,顾客0658,1**********,1**********
联想（Lenovo）,电脑配件,抖音,已成交,2026-07,6909.47,7873.85,7873.85,退换订单,PC 经营采购,顾客0659,顾客0659,1**********,1**********
七彩虹,笔记本电脑,抖音,已成交,2026-02,8033.09,6819.55,6819.55,退换订单,PC 经营采购,顾客0660,顾客0660,1**********,1**********
宏碁（acer）,一体机,抖音,已成交,2026-08,7214.28,6000.58,6000.58,退换订单,PC 经营采购,顾客0661,顾客0661,1**********,1**********
惠普(HP),游戏本,拼多多,待发布,2026-03,,7533.72,1022.35,退换订单,PC 经营采购,顾客0662,顾客0662,1**********,1**********
雷神,台式整机,天猫,已成交,2026-05,9149.5,8199.94,8199.94,采购订单,PC 经营采购,顾客0663,顾客0663,1**********,1**********
七彩虹,台式整机,拼多多,已成交,2026-02,7110.52,6987.82,6987.82,退换订单,PC 经营采购,顾客0664,顾客0664,1**********,1**********
联想（Lenovo）,轻薄本,拼多多,报价中,2026-02,,7650.37,873.91,退换订单,PC 经营采购,顾客0665,顾客0665,1**********,1**********
微星,游戏本,快手,撤销,2026-03,,10054.16,422.6,退换订单,PC 经营采购,顾客0666,顾客0666,1**********,1**********
华硕（ASUS）,轻薄本,淘宝,撤销,2026-02,,7192.56,1540.36,采购订单,PC 经营采购,顾客0667,顾客0667,1**********,1**********
惠普(HP),游戏本,京东,撤销,2026-08,,7836.33,480.93,采购订单,PC 经营采购,顾客0668,顾客0668,1**********,1**********
惠普(HP),笔记本电脑,拼多多,报价中,2026-01,,8751.34,479.37,销售订单,PC 经营采购,顾客0669,顾客0669,1**********,1**********
宏碁（acer）,游戏本,抖音,已成交,2026-04,8076.87,8206.47,8206.47,退换订单,PC 经营采购,顾客0670,顾客0670,1**********,1**********
华硕（ASUS）,游戏本,拼多多,已成交,2026-03,8266.76,9579.91,9579.91,销售订单,PC 经营采购,顾客0671,顾客0671,1**********,1**********
七彩虹,轻薄本,拼多多,新建采购,2026-04,,8510.35,1999.19,销售订单,PC 经营采购,顾客0672,顾客0672,1**********,1**********
雷神,台式整机,快手,已成交,2026-01,9871.12,9338.86,9338.86,退换订单,PC 经营采购,顾客0673,顾客0673,1**********,1**********
机械革命,游戏本,抖音,已成交,2026-04,8781.48,10858.95,10858.95,采购订单,PC 经营采购,顾客0674,顾客0674,1**********,1**********
雷神,台式整机,天猫,报价中,2026-04,,7286.23,629.18,销售订单,PC 经营采购,顾客0675,顾客0675,1**********,1**********
七彩虹,一体机,天猫,报价中,2026-08,,9741.14,2887.1,销售订单,PC 经营采购,顾客0676,顾客0676,1**********,1**********
微星,游戏本,抖音,已成交,2026-08,8180.19,8709.56,8709.56,退换订单,PC 经营采购,顾客0677,顾客0677,1**********,1**********
微星,电脑配件,拼多多,新建采购,2026-05,,10746.75,2862.71,退换订单,PC 经营采购,顾客0678,顾客0678,1**********,1**********
微星,一体机,拼多多,已成交,2026-01,8173.58,8310.66,8310.66,销售订单,PC 经营采购,顾客0679,顾客0679,1**********,1**********
联想（Lenovo）,台式整机,电商通,撤销,2026-07,,7121.23,838.46,采购订单,PC 经营采购,顾客0680,顾客0680,1**********,1**********
ThinkPad,显示器,拼多多,已成交,2026-01,7229.02,7131.16,7131.16,退换订单,PC 经营采购,顾客0681,顾客0681,1**********,1**********
惠普(HP),显示器,抖音,撤销,2026-07,,7480.29,2217.36,采购订单,PC 经营采购,顾客0682,顾客0682,1**********,1**********
华硕（ASUS）,游戏本,淘宝,已成交,2026-06,7472.25,7327.96,7327.96,退换订单,PC 经营采购,顾客0683,顾客0683,1**********,1**********
雷神,电脑配件,京东,撤销,2026-04,,7144.45,793.77,采购订单,PC 经营采购,顾客0684,顾客0684,1**********,1**********
机械革命,笔记本电脑,拼多多,撤销,2026-06,,8381.61,103.75,采购订单,PC 经营采购,顾客0685,顾客0685,1**********,1**********
七彩虹,轻薄本,淘宝,已成交,2026-05,7681.98,8003.91,8003.91,采购订单,PC 经营采购,顾客0686,顾客0686,1**********,1**********
华硕（ASUS）,一体机,京东,已成交,2026-05,9063.3,7288.7,7288.7,销售订单,PC 经营采购,顾客0687,顾客0687,1**********,1**********
ThinkPad,台式整机,电商通,新建采购,2026-03,,7749.53,1433.82,销售订单,PC 经营采购,顾客0688,顾客0688,1**********,1**********
宏碁（acer）,显示器,淘宝,已成交,2026-08,7939.25,8277.96,8277.96,退换订单,PC 经营采购,顾客0689,顾客0689,1**********,1**********
惠普(HP),台式整机,抖音,报价中,2026-07,,6804.72,2020.81,退换订单,PC 经营采购,顾客0690,顾客0690,1**********,1**********
雷神,显示器,拼多多,撤销,2026-07,,9977.14,2457.17,采购订单,PC 经营采购,顾客0691,顾客0691,1**********,1**********
机械革命,一体机,电商通,撤销,2026-02,,10823.85,2281.69,采购订单,PC 经营采购,顾客0692,顾客0692,1**********,1**********
惠普(HP),一体机,拼多多,已成交,2026-06,8950.83,8306.04,8306.04,采购订单,PC 经营采购,顾客0693,顾客0693,1**********,1**********
ThinkPad,笔记本电脑,淘宝,新建采购,2026-07,,8050.71,1031.19,销售订单,PC 经营采购,顾客0694,顾客0694,1**********,1**********
七彩虹,台式整机,拼多多,已成交,2026-04,8472.69,7181.09,7181.09,采购订单,PC 经营采购,顾客0695,顾客0695,1**********,1**********
ThinkPad,笔记本电脑,快手,报价中,2026-06,,8005.74,234.38,采购订单,PC 经营采购,顾客0696,顾客0696,1**********,1**********
微星,电脑配件,淘宝,已成交,2026-07,9949.14,10825.13,10825.13,销售订单,PC 经营采购,顾客0697,顾客0697,1**********,1**********
华硕（ASUS）,电脑配件,天猫,已成交,2026-03,8795.48,9824.01,9824.01,销售订单,PC 经营采购,顾客0698,顾客0698,1**********,1**********
联想（Lenovo）,轻薄本,天猫,已成交,2026-03,5948.17,6305.88,6305.88,退换订单,PC 经营采购,顾客0699,顾客0699,1**********,1**********
雷神,显示器,快手,已成交,2026-08,8664.34,7144.05,7144.05,销售订单,PC 经营采购,顾客0700,顾客0700,1**********,1**********
微星,笔记本电脑,拼多多,撤销,2026-07,,8687.61,52.48,采购订单,PC 经营采购,顾客0701,顾客0701,1**********,1**********
ThinkPad,电脑配件,拼多多,已成交,2026-05,7405.38,7129.14,7129.14,采购订单,PC 经营采购,顾客0702,顾客0702,1**********,1**********
ThinkPad,台式整机,天猫,已成交,2026-07,7775.34,6722.28,6722.28,采购订单,PC 经营采购,顾客0703,顾客0703,1**********,1**********
惠普(HP),笔记本电脑,快手,待发布,2026-07,,7326.81,1889.43,退换订单,PC 经营采购,顾客0704,顾客0704,1**********,1**********
宏碁（acer）,游戏本,抖音,待发布,2026-07,,7843.28,54.52,退换订单,PC 经营采购,顾客0705,顾客0705,1**********,1**********
宏碁（acer）,显示器,拼多多,已成交,2026-07,7674.46,8447.97,8447.97,退换订单,PC 经营采购,顾客0706,顾客0706,1**********,1**********
雷神,游戏本,抖音,已成交,2026-04,8325.45,9327.8,9327.8,采购订单,PC 经营采购,顾客0707,顾客0707,1**********,1**********
微星,电脑配件,天猫,已成交,2026-04,9821.01,9569.58,9569.58,销售订单,PC 经营采购,顾客0708,顾客0708,1**********,1**********
机械革命,游戏本,快手,撤销,2026-01,,9462.31,1527.24,采购订单,PC 经营采购,顾客0709,顾客0709,1**********,1**********
华硕（ASUS）,台式整机,拼多多,已成交,2026-01,8788.26,8443.37,8443.37,采购订单,PC 经营采购,顾客0710,顾客0710,1**********,1**********
惠普(HP),显示器,电商通,撤销,2026-04,,9121.0,554.14,退换订单,PC 经营采购,顾客0711,顾客0711,1**********,1**********
微星,一体机,抖音,已成交,2026-07,8166.46,8296.81,8296.81,销售订单,PC 经营采购,顾客0712,顾客0712,1**********,1**********
雷神,笔记本电脑,拼多多,已成交,2026-05,9212.06,10081.97,10081.97,退换订单,PC 经营采购,顾客0713,顾客0713,1**********,1**********
微星,游戏本,淘宝,新建采购,2026-06,,10737.12,1327.76,销售订单,PC 经营采购,顾客0714,顾客0714,1**********,1**********
微星,一体机,京东,已成交,2026-07,10311.62,10638.67,10638.67,销售订单,PC 经营采购,顾客0715,顾客0715,1**********,1**********
惠普(HP),笔记本电脑,拼多多,撤销,2026-08,,7756.42,1823.33,采购订单,PC 经营采购,顾客0716,顾客0716,1**********,1**********
华硕（ASUS）,显示器,京东,已成交,2026-03,8537.89,9150.27,9150.27,退换订单,PC 经营采购,顾客0717,顾客0717,1**********,1**********
七彩虹,电脑配件,抖音,已成交,2026-07,7125.02,8223.31,8223.31,采购订单,PC 经营采购,顾客0718,顾客0718,1**********,1**********
七彩虹,台式整机,淘宝,已成交,2026-06,9167.46,8336.19,8336.19,销售订单,PC 经营采购,顾客0719,顾客0719,1**********,1**********
联想（Lenovo）,电脑配件,京东,已成交,2026-07,7525.82,5552.61,5552.61,退换订单,PC 经营采购,顾客0720,顾客0720,1**********,1**********
微星,一体机,淘宝,已成交,2026-05,10214.79,10251.74,10251.74,销售订单,PC 经营采购,顾客0721,顾客0721,1**********,1**********
宏碁（acer）,游戏本,电商通,已成交,2026-01,7270.0,7645.32,7645.32,销售订单,PC 经营采购,顾客0722,顾客0722,1**********,1**********
ThinkPad,电脑配件,拼多多,已成交,2026-04,7300.27,7058.1,7058.1,采购订单,PC 经营采购,顾客0723,顾客0723,1**********,1**********
七彩虹,一体机,拼多多,新建采购,2026-06,,7532.42,713.4,退换订单,PC 经营采购,顾客0724,顾客0724,1**********,1**********
惠普(HP),笔记本电脑,京东,新建采购,2026-08,,7495.13,1578.61,销售订单,PC 经营采购,顾客0725,顾客0725,1**********,1**********
惠普(HP),轻薄本,电商通,已成交,2026-01,8230.45,8293.73,8293.73,采购订单,PC 经营采购,顾客0726,顾客0726,1**********,1**********
惠普(HP),一体机,拼多多,撤销,2026-03,,8644.11,2029.36,采购订单,PC 经营采购,顾客0727,顾客0727,1**********,1**********
宏碁（acer）,一体机,拼多多,已成交,2026-04,7260.72,7085.36,7085.36,采购订单,PC 经营采购,顾客0728,顾客0728,1**********,1**********
惠普(HP),轻薄本,淘宝,撤销,2026-04,,9060.9,2087.73,采购订单,PC 经营采购,顾客0729,顾客0729,1**********,1**********
雷神,笔记本电脑,电商通,已成交,2026-07,7801.84,7819.66,7819.66,采购订单,PC 经营采购,顾客0730,顾客0730,1**********,1**********
机械革命,笔记本电脑,抖音,已成交,2026-04,8622.03,11184.16,11184.16,销售订单,PC 经营采购,顾客0731,顾客0731,1**********,1**********
机械革命,轻薄本,拼多多,已成交,2026-02,9579.65,10073.07,10073.07,采购订单,PC 经营采购,顾客0732,顾客0732,1**********,1**********
ThinkPad,笔记本电脑,抖音,已成交,2026-07,6327.47,6331.18,6331.18,退换订单,PC 经营采购,顾客0733,顾客0733,1**********,1**********
七彩虹,笔记本电脑,电商通,已成交,2026-07,9331.77,6823.36,6823.36,采购订单,PC 经营采购,顾客0734,顾客0734,1**********,1**********
宏碁（acer）,笔记本电脑,京东,已成交,2026-03,7115.19,6974.8,6974.8,采购订单,PC 经营采购,顾客0735,顾客0735,1**********,1**********
惠普(HP),显示器,天猫,已成交,2026-07,7568.81,6883.27,6883.27,采购订单,PC 经营采购,顾客0736,顾客0736,1**********,1**********
华硕（ASUS）,一体机,电商通,已成交,2026-01,8624.31,7489.33,7489.33,销售订单,PC 经营采购,顾客0737,顾客0737,1**********,1**********
微星,台式整机,拼多多,撤销,2026-01,,9145.64,1675.44,采购订单,PC 经营采购,顾客0738,顾客0738,1**********,1**********
华硕（ASUS）,台式整机,淘宝,已成交,2026-01,7729.26,8796.8,8796.8,退换订单,PC 经营采购,顾客0739,顾客0739,1**********,1**********
惠普(HP),台式整机,抖音,已成交,2026-04,8071.72,8873.66,8873.66,退换订单,PC 经营采购,顾客0740,顾客0740,1**********,1**********
ThinkPad,笔记本电脑,天猫,已成交,2026-06,6251.01,6941.25,6941.25,销售订单,PC 经营采购,顾客0741,顾客0741,1**********,1**********
雷神,轻薄本,拼多多,已成交,2026-02,8578.46,9951.19,9951.19,退换订单,PC 经营采购,顾客0742,顾客0742,1**********,1**********
惠普(HP),电脑配件,天猫,撤销,2026-06,,7933.01,1565.32,采购订单,PC 经营采购,顾客0743,顾客0743,1**********,1**********
ThinkPad,电脑配件,拼多多,已成交,2026-02,8222.68,7795.79,7795.79,退换订单,PC 经营采购,顾客0744,顾客0744,1**********,1**********
雷神,笔记本电脑,快手,待发布,2026-04,,7947.15,133.49,采购订单,PC 经营采购,顾客0745,顾客0745,1**********,1**********
宏碁（acer）,轻薄本,抖音,撤销,2026-07,,8208.33,903.47,退换订单,PC 经营采购,顾客0746,顾客0746,1**********,1**********
ThinkPad,游戏本,天猫,已成交,2026-04,7918.98,6921.44,6921.44,采购订单,PC 经营采购,顾客0747,顾客0747,1**********,1**********
惠普(HP),台式整机,电商通,已成交,2026-07,7592.4,9249.35,9249.35,销售订单,PC 经营采购,顾客0748,顾客0748,1**********,1**********
微星,轻薄本,抖音,新建采购,2026-05,,9425.99,2018.21,销售订单,PC 经营采购,顾客0749,顾客0749,1**********,1**********
雷神,笔记本电脑,抖音,已成交,2026-08,7446.68,10055.17,10055.17,退换订单,PC 经营采购,顾客0750,顾客0750,1**********,1**********
联想（Lenovo）,笔记本电脑,电商通,已成交,2026-08,6740.23,6988.71,6988.71,采购订单,PC 经营采购,顾客0751,顾客0751,1**********,1**********
雷神,笔记本电脑,电商通,报价中,2026-02,,8566.66,876.68,退换订单,PC 经营采购,顾客0752,顾客0752,1**********,1**********
机械革命,一体机,拼多多,待发布,2026-06,,8217.63,1167.53,退换订单,PC 经营采购,顾客0753,顾客0753,1**********,1**********
宏碁（acer）,显示器,天猫,新建采购,2026-01,,7079.83,771.91,销售订单,PC 经营采购,顾客0754,顾客0754,1**********,1**********
七彩虹,一体机,天猫,已成交,2026-03,8020.13,8910.31,8910.31,退换订单,PC 经营采购,顾客0755,顾客0755,1**********,1**********
七彩虹,笔记本电脑,拼多多,新建采购,2026-02,,8951.61,2491.19,退换订单,PC 经营采购,顾客0756,顾客0756,1**********,1**********
惠普(HP),笔记本电脑,快手,已成交,2026-06,7048.58,6885.08,6885.08,销售订单,PC 经营采购,顾客0757,顾客0757,1**********,1**********
ThinkPad,游戏本,快手,报价中,2026-08,,6289.17,1434.52,退换订单,PC 经营采购,顾客0758,顾客0758,1**********,1**********
机械革命,游戏本,抖音,报价中,2026-03,,10910.14,2728.09,销售订单,PC 经营采购,顾客0759,顾客0759,1**********,1**********
七彩虹,游戏本,拼多多,撤销,2026-05,,9494.92,2406.16,退换订单,PC 经营采购,顾客0760,顾客0760,1**********,1**********
机械革命,游戏本,电商通,报价中,2026-06,,8442.61,827.97,采购订单,PC 经营采购,顾客0761,顾客0761,1**********,1**********
微星,轻薄本,拼多多,已成交,2026-06,10628.85,11158.11,11158.11,退换订单,PC 经营采购,顾客0762,顾客0762,1**********,1**********
七彩虹,游戏本,淘宝,已成交,2026-02,8768.76,8170.86,8170.86,退换订单,PC 经营采购,顾客0763,顾客0763,1**********,1**********
华硕（ASUS）,游戏本,拼多多,报价中,2026-08,,8372.1,1168.94,采购订单,PC 经营采购,顾客0764,顾客0764,1**********,1**********
宏碁（acer）,笔记本电脑,拼多多,撤销,2026-06,,6826.22,389.96,退换订单,PC 经营采购,顾客0765,顾客0765,1**********,1**********
宏碁（acer）,轻薄本,淘宝,已成交,2026-02,7166.58,6846.94,6846.94,采购订单,PC 经营采购,顾客0766,顾客0766,1**********,1**********
惠普(HP),轻薄本,拼多多,报价中,2026-05,,7081.46,1483.88,销售订单,PC 经营采购,顾客0767,顾客0767,1**********,1**********
华硕（ASUS）,显示器,天猫,撤销,2026-07,,7792.91,950.53,销售订单,PC 经营采购,顾客0768,顾客0768,1**********,1**********
华硕（ASUS）,电脑配件,拼多多,报价中,2026-06,,7412.84,1315.4,退换订单,PC 经营采购,顾客0769,顾客0769,1**********,1**********
微星,笔记本电脑,拼多多,已成交,2026-01,8762.73,9959.16,9959.16,采购订单,PC 经营采购,顾客0770,顾客0770,1**********,1**********
雷神,一体机,拼多多,报价中,2026-02,,9909.95,1458.01,销售订单,PC 经营采购,顾客0771,顾客0771,1**********,1**********
雷神,游戏本,拼多多,已成交,2026-02,8202.62,7312.79,7312.79,采购订单,PC 经营采购,顾客0772,顾客0772,1**********,1**********
七彩虹,游戏本,抖音,已成交,2026-02,7674.66,8607.43,8607.43,采购订单,PC 经营采购,顾客0773,顾客0773,1**********,1**********
ThinkPad,台式整机,拼多多,已成交,2026-08,6907.61,6344.66,6344.66,退换订单,PC 经营采购,顾客0774,顾客0774,1**********,1**********
七彩虹,笔记本电脑,京东,撤销,2026-07,,8811.23,763.02,销售订单,PC 经营采购,顾客0775,顾客0775,1**********,1**********
联想（Lenovo）,笔记本电脑,天猫,待发布,2026-07,,7531.23,953.11,退换订单,PC 经营采购,顾客0776,顾客0776,1**********,1**********
宏碁（acer）,显示器,电商通,已成交,2026-07,6503.41,8322.9,8322.9,销售订单,PC 经营采购,顾客0777,顾客0777,1**********,1**********
华硕（ASUS）,轻薄本,电商通,已成交,2026-03,9303.85,9223.66,9223.66,销售订单,PC 经营采购,顾客0778,顾客0778,1**********,1**********
ThinkPad,游戏本,淘宝,已成交,2026-08,6696.35,6164.18,6164.18,采购订单,PC 经营采购,顾客0779,顾客0779,1**********,1**********
惠普(HP),轻薄本,抖音,撤销,2026-06,,7158.17,1423.22,销售订单,PC 经营采购,顾客0780,顾客0780,1**********,1**********
雷神,显示器,抖音,已成交,2026-02,9143.5,8613.73,8613.73,采购订单,PC 经营采购,顾客0781,顾客0781,1**********,1**********
联想（Lenovo）,一体机,抖音,已成交,2026-04,6216.79,7163.27,7163.27,退换订单,PC 经营采购,顾客0782,顾客0782,1**********,1**********
ThinkPad,轻薄本,快手,报价中,2026-05,,5965.03,1233.7,销售订单,PC 经营采购,顾客0783,顾客0783,1**********,1**********
机械革命,轻薄本,京东,已成交,2026-05,9489.5,9685.34,9685.34,销售订单,PC 经营采购,顾客0784,顾客0784,1**********,1**********
联想（Lenovo）,一体机,京东,撤销,2026-01,,5536.65,296.58,销售订单,PC 经营采购,顾客0785,顾客0785,1**********,1**********
宏碁（acer）,显示器,淘宝,撤销,2026-05,,7673.78,1325.33,退换订单,PC 经营采购,顾客0786,顾客0786,1**********,1**********
宏碁（acer）,游戏本,拼多多,已成交,2026-05,6560.67,6432.75,6432.75,销售订单,PC 经营采购,顾客0787,顾客0787,1**********,1**********
宏碁（acer）,一体机,天猫,新建采购,2026-06,,7784.47,1825.32,销售订单,PC 经营采购,顾客0788,顾客0788,1**********,1**********
华硕（ASUS）,电脑配件,电商通,已成交,2026-05,8769.36,8513.75,8513.75,退换订单,PC 经营采购,顾客0789,顾客0789,1**********,1**********
机械革命,电脑配件,抖音,撤销,2026-05,,8565.11,2464.52,销售订单,PC 经营采购,顾客0790,顾客0790,1**********,1**********
ThinkPad,游戏本,拼多多,报价中,2026-08,,7473.99,152.04,采购订单,PC 经营采购,顾客0791,顾客0791,1**********,1**********
微星,轻薄本,拼多多,撤销,2026-03,,9379.01,1912.97,退换订单,PC 经营采购,顾客0792,顾客0792,1**********,1**********
华硕（ASUS）,电脑配件,天猫,报价中,2026-02,,9916.8,2776.73,销售订单,PC 经营采购,顾客0793,顾客0793,1**********,1**********
微星,笔记本电脑,拼多多,已成交,2026-03,8520.36,10622.55,10622.55,采购订单,PC 经营采购,顾客0794,顾客0794,1**********,1**********
宏碁（acer）,电脑配件,电商通,已成交,2026-07,8210.74,8083.46,8083.46,采购订单,PC 经营采购,顾客0795,顾客0795,1**********,1**********
联想（Lenovo）,台式整机,拼多多,已成交,2026-02,7693.75,7937.52,7937.52,退换订单,PC 经营采购,顾客0796,顾客0796,1**********,1**********
惠普(HP),一体机,拼多多,新建采购,2026-04,,8834.57,2272.0,退换订单,PC 经营采购,顾客0797,顾客0797,1**********,1**********
七彩虹,轻薄本,拼多多,报价中,2026-06,,6821.84,380.36,销售订单,PC 经营采购,顾客0798,顾客0798,1**********,1**********
ThinkPad,台式整机,拼多多,撤销,2026-08,,7101.06,38.96,退换订单,PC 经营采购,顾客0799,顾客0799,1**********,1**********
雷神,游戏本,天猫,已成交,2026-01,8096.51,9138.9,9138.9,采购订单,PC 经营采购,顾客0800,顾客0800,1**********,1**********
宏碁（acer）,一体机,淘宝,已成交,2026-08,7403.28,7720.99,7720.99,销售订单,PC 经营采购,顾客0801,顾客0801,1**********,1**********
七彩虹,游戏本,电商通,已成交,2026-07,8738.64,9343.02,9343.02,销售订单,PC 经营采购,顾客0802,顾客0802,1**********,1**********
七彩虹,一体机,抖音,撤销,2026-02,,8268.69,2141.44,销售订单,PC 经营采购,顾客0803,顾客0803,1**********,1**********
微星,台式整机,快手,报价中,2026-02,,9395.9,2039.34,采购订单,PC 经营采购,顾客0804,顾客0804,1**********,1**********
雷神,笔记本电脑,天猫,已成交,2026-02,9763.92,9651.73,9651.73,退换订单,PC 经营采购,顾客0805,顾客0805,1**********,1**********
ThinkPad,显示器,天猫,撤销,2026-03,,7390.92,1756.81,采购订单,PC 经营采购,顾客0806,顾客0806,1**********,1**********
ThinkPad,一体机,拼多多,已成交,2026-06,6246.21,6379.73,6379.73,采购订单,PC 经营采购,顾客0807,顾客0807,1**********,1**********
七彩虹,显示器,拼多多,已成交,2026-06,8176.02,7417.77,7417.77,退换订单,PC 经营采购,顾客0808,顾客0808,1**********,1**********
宏碁（acer）,一体机,淘宝,撤销,2026-05,,7728.1,1051.12,采购订单,PC 经营采购,顾客0809,顾客0809,1**********,1**********
七彩虹,游戏本,京东,已成交,2026-04,8905.99,9286.81,9286.81,采购订单,PC 经营采购,顾客0810,顾客0810,1**********,1**********
华硕（ASUS）,笔记本电脑,京东,已成交,2026-02,7591.54,8229.17,8229.17,采购订单,PC 经营采购,顾客0811,顾客0811,1**********,1**********
联想（Lenovo）,轻薄本,天猫,已成交,2026-03,6185.12,5882.17,5882.17,销售订单,PC 经营采购,顾客0812,顾客0812,1**********,1**********
华硕（ASUS）,显示器,京东,待发布,2026-07,,7245.86,165.21,销售订单,PC 经营采购,顾客0813,顾客0813,1**********,1**********
机械革命,一体机,拼多多,已成交,2026-01,8541.14,10298.4,10298.4,退换订单,PC 经营采购,顾客0814,顾客0814,1**********,1**********
惠普(HP),一体机,抖音,撤销,2026-05,,8960.77,1599.02,退换订单,PC 经营采购,顾客0815,顾客0815,1**********,1**********
宏碁（acer）,电脑配件,抖音,已成交,2026-08,7562.81,7092.78,7092.78,销售订单,PC 经营采购,顾客0816,顾客0816,1**********,1**********
联想（Lenovo）,台式整机,抖音,撤销,2026-06,,6069.71,336.68,退换订单,PC 经营采购,顾客0817,顾客0817,1**********,1**********
ThinkPad,台式整机,拼多多,撤销,2026-06,,6822.75,166.76,退换订单,PC 经营采购,顾客0818,顾客0818,1**********,1**********
华硕（ASUS）,显示器,拼多多,已成交,2026-01,7630.49,10089.43,10089.43,退换订单,PC 经营采购,顾客0819,顾客0819,1**********,1**********
华硕（ASUS）,轻薄本,天猫,已成交,2026-05,8102.48,10071.62,10071.62,销售订单,PC 经营采购,顾客0820,顾客0820,1**********,1**********
机械革命,电脑配件,电商通,报价中,2026-01,,7863.45,1058.64,采购订单,PC 经营采购,顾客0821,顾客0821,1**********,1**********
雷神,轻薄本,天猫,已成交,2026-02,7801.73,8652.13,8652.13,采购订单,PC 经营采购,顾客0822,顾客0822,1**********,1**********
机械革命,轻薄本,拼多多,撤销,2026-05,,9330.1,2319.52,退换订单,PC 经营采购,顾客0823,顾客0823,1**********,1**********
联想（Lenovo）,笔记本电脑,天猫,已成交,2026-02,7442.52,7615.58,7615.58,销售订单,PC 经营采购,顾客0824,顾客0824,1**********,1**********
华硕（ASUS）,一体机,拼多多,已成交,2026-07,8813.39,7048.87,7048.87,采购订单,PC 经营采购,顾客0825,顾客0825,1**********,1**********
ThinkPad,台式整机,拼多多,报价中,2026-02,,7800.79,1542.95,采购订单,PC 经营采购,顾客0826,顾客0826,1**********,1**********
联想（Lenovo）,游戏本,拼多多,已成交,2026-02,6526.56,7383.57,7383.57,销售订单,PC 经营采购,顾客0827,顾客0827,1**********,1**********
惠普(HP),轻薄本,抖音,已成交,2026-05,7993.49,9018.38,9018.38,退换订单,PC 经营采购,顾客0828,顾客0828,1**********,1**********
微星,电脑配件,抖音,已成交,2026-08,8613.27,10635.12,10635.12,销售订单,PC 经营采购,顾客0829,顾客0829,1**********,1**********
微星,笔记本电脑,抖音,已成交,2026-03,10282.15,10313.73,10313.73,销售订单,PC 经营采购,顾客0830,顾客0830,1**********,1**********
微星,显示器,淘宝,已成交,2026-07,9305.82,8111.61,8111.61,退换订单,PC 经营采购,顾客0831,顾客0831,1**********,1**********
华硕（ASUS）,一体机,淘宝,已成交,2026-06,9039.82,8847.77,8847.77,采购订单,PC 经营采购,顾客0832,顾客0832,1**********,1**********
机械革命,电脑配件,天猫,已成交,2026-01,10525.2,10753.52,10753.52,销售订单,PC 经营采购,顾客0833,顾客0833,1**********,1**********
七彩虹,笔记本电脑,抖音,报价中,2026-07,,7042.04,607.1,销售订单,PC 经营采购,顾客0834,顾客0834,1**********,1**********
微星,显示器,抖音,新建采购,2026-04,,9993.9,7.29,销售订单,PC 经营采购,顾客0835,顾客0835,1**********,1**********
微星,游戏本,淘宝,报价中,2026-03,,9558.69,1092.5,采购订单,PC 经营采购,顾客0836,顾客0836,1**********,1**********
雷神,显示器,电商通,撤销,2026-01,,8718.04,1384.52,采购订单,PC 经营采购,顾客0837,顾客0837,1**********,1**********
宏碁（acer）,一体机,淘宝,撤销,2026-05,,7334.19,452.5,退换订单,PC 经营采购,顾客0838,顾客0838,1**********,1**********
微星,一体机,淘宝,已成交,2026-05,8724.03,10295.85,10295.85,采购订单,PC 经营采购,顾客0839,顾客0839,1**********,1**********
华硕（ASUS）,电脑配件,拼多多,已成交,2026-02,8250.57,7425.07,7425.07,采购订单,PC 经营采购,顾客0840,顾客0840,1**********,1**********
微星,笔记本电脑,拼多多,已成交,2026-08,10260.68,7986.27,7986.27,退换订单,PC 经营采购,顾客0841,顾客0841,1**********,1**********
华硕（ASUS）,电脑配件,电商通,新建采购,2026-07,,10094.14,2076.38,采购订单,PC 经营采购,顾客0842,顾客0842,1**********,1**********
雷神,笔记本电脑,电商通,已成交,2026-06,9901.0,8295.28,8295.28,采购订单,PC 经营采购,顾客0843,顾客0843,1**********,1**********
宏碁（acer）,笔记本电脑,京东,已成交,2026-03,6879.05,8526.13,8526.13,采购订单,PC 经营采购,顾客0844,顾客0844,1**********,1**********
机械革命,显示器,拼多多,已成交,2026-05,10471.62,8651.1,8651.1,退换订单,PC 经营采购,顾客0845,顾客0845,1**********,1**********
宏碁（acer）,轻薄本,京东,撤销,2026-05,,6335.77,629.09,退换订单,PC 经营采购,顾客0846,顾客0846,1**********,1**********
雷神,游戏本,拼多多,已成交,2026-06,8187.09,7121.45,7121.45,销售订单,PC 经营采购,顾客0847,顾客0847,1**********,1**********
ThinkPad,电脑配件,抖音,已成交,2026-02,7280.55,8365.88,8365.88,退换订单,PC 经营采购,顾客0848,顾客0848,1**********,1**********
ThinkPad,电脑配件,淘宝,撤销,2026-08,,6645.27,1318.76,采购订单,PC 经营采购,顾客0849,顾客0849,1**********,1**********
机械革命,显示器,拼多多,撤销,2026-01,,10108.23,849.27,退换订单,PC 经营采购,顾客0850,顾客0850,1**********,1**********
宏碁（acer）,轻薄本,京东,已成交,2026-03,7714.9,8444.05,8444.05,销售订单,PC 经营采购,顾客0851,顾客0851,1**********,1**********
机械革命,一体机,拼多多,撤销,2026-03,,8228.24,2178.23,退换订单,PC 经营采购,顾客0852,顾客0852,1**********,1**********
宏碁（acer）,一体机,快手,新建采购,2026-05,,6880.24,593.06,销售订单,PC 经营采购,顾客0853,顾客0853,1**********,1**********
机械革命,笔记本电脑,淘宝,已成交,2026-03,8778.77,10403.2,10403.2,采购订单,PC 经营采购,顾客0854,顾客0854,1**********,1**********
宏碁（acer）,游戏本,京东,已成交,2026-06,7602.75,7537.09,7537.09,销售订单,PC 经营采购,顾客0855,顾客0855,1**********,1**********
ThinkPad,电脑配件,抖音,已成交,2026-05,6488.8,5943.07,5943.07,采购订单,PC 经营采购,顾客0856,顾客0856,1**********,1**********
雷神,一体机,淘宝,已成交,2026-05,7683.78,8708.02,8708.02,销售订单,PC 经营采购,顾客0857,顾客0857,1**********,1**********
华硕（ASUS）,电脑配件,抖音,已成交,2026-03,7378.54,10076.94,10076.94,退换订单,PC 经营采购,顾客0858,顾客0858,1**********,1**********
七彩虹,一体机,淘宝,报价中,2026-08,,9330.86,2145.38,销售订单,PC 经营采购,顾客0859,顾客0859,1**********,1**********
联想（Lenovo）,电脑配件,抖音,撤销,2026-07,,6840.45,62.74,退换订单,PC 经营采购,顾客0860,顾客0860,1**********,1**********
华硕（ASUS）,一体机,淘宝,已成交,2026-02,8717.38,9203.51,9203.51,采购订单,PC 经营采购,顾客0861,顾客0861,1**********,1**********
机械革命,电脑配件,抖音,撤销,2026-05,,10865.53,1982.01,退换订单,PC 经营采购,顾客0862,顾客0862,1**********,1**********
华硕（ASUS）,游戏本,天猫,已成交,2026-04,8708.85,7653.86,7653.86,采购订单,PC 经营采购,顾客0863,顾客0863,1**********,1**********
雷神,一体机,天猫,撤销,2026-03,,7587.58,2150.74,采购订单,PC 经营采购,顾客0864,顾客0864,1**********,1**********
机械革命,显示器,京东,已成交,2026-02,10705.92,10525.31,10525.31,退换订单,PC 经营采购,顾客0865,顾客0865,1**********,1**********
微星,电脑配件,淘宝,已成交,2026-03,9068.71,11154.34,11154.34,退换订单,PC 经营采购,顾客0866,顾客0866,1**********,1**********
雷神,显示器,抖音,已成交,2026-02,8929.54,9550.19,9550.19,采购订单,PC 经营采购,顾客0867,顾客0867,1**********,1**********
惠普(HP),电脑配件,淘宝,已成交,2026-04,8980.46,8927.97,8927.97,退换订单,PC 经营采购,顾客0868,顾客0868,1**********,1**********
ThinkPad,一体机,电商通,已成交,2026-02,7329.67,7423.21,7423.21,销售订单,PC 经营采购,顾客0869,顾客0869,1**********,1**********
雷神,游戏本,快手,报价中,2026-04,,10106.93,1426.44,销售订单,PC 经营采购,顾客0870,顾客0870,1**********,1**********
七彩虹,台式整机,天猫,已成交,2026-05,8480.78,7564.15,7564.15,采购订单,PC 经营采购,顾客0871,顾客0871,1**********,1**********
宏碁（acer）,显示器,电商通,撤销,2026-03,,6749.06,945.68,退换订单,PC 经营采购,顾客0872,顾客0872,1**********,1**********
华硕（ASUS）,一体机,拼多多,已成交,2026-08,7998.27,8092.01,8092.01,销售订单,PC 经营采购,顾客0873,顾客0873,1**********,1**********
机械革命,轻薄本,天猫,已成交,2026-01,10147.88,10927.01,10927.01,采购订单,PC 经营采购,顾客0874,顾客0874,1**********,1**********
惠普(HP),轻薄本,天猫,已成交,2026-06,8092.14,7881.33,7881.33,采购订单,PC 经营采购,顾客0875,顾客0875,1**********,1**********
华硕（ASUS）,笔记本电脑,抖音,已成交,2026-05,7632.9,8741.38,8741.38,销售订单,PC 经营采购,顾客0876,顾客0876,1**********,1**********
雷神,一体机,淘宝,已成交,2026-04,7630.67,8282.27,8282.27,销售订单,PC 经营采购,顾客0877,顾客0877,1**********,1**********
华硕（ASUS）,轻薄本,拼多多,撤销,2026-06,,9983.13,1156.94,退换订单,PC 经营采购,顾客0878,顾客0878,1**********,1**********
雷神,台式整机,抖音,已成交,2026-02,9336.77,7906.09,7906.09,销售订单,PC 经营采购,顾客0879,顾客0879,1**********,1**********
宏碁（acer）,笔记本电脑,电商通,新建采购,2026-05,,7859.82,833.64,采购订单,PC 经营采购,顾客0880,顾客0880,1**********,1**********
七彩虹,一体机,天猫,撤销,2026-04,,8314.84,2119.8,销售订单,PC 经营采购,顾客0881,顾客0881,1**********,1**********
华硕（ASUS）,显示器,电商通,待发布,2026-05,,7669.17,1879.44,退换订单,PC 经营采购,顾客0882,顾客0882,1**********,1**********
雷神,一体机,淘宝,已成交,2026-04,8491.55,8390.78,8390.78,退换订单,PC 经营采购,顾客0883,顾客0883,1**********,1**********
华硕（ASUS）,台式整机,拼多多,已成交,2026-05,9457.11,10038.54,10038.54,销售订单,PC 经营采购,顾客0884,顾客0884,1**********,1**********
宏碁（acer）,轻薄本,拼多多,已成交,2026-04,7094.16,7115.25,7115.25,退换订单,PC 经营采购,顾客0885,顾客0885,1**********,1**********
联想（Lenovo）,游戏本,拼多多,报价中,2026-03,,7622.6,509.19,销售订单,PC 经营采购,顾客0886,顾客0886,1**********,1**********
ThinkPad,台式整机,天猫,已成交,2026-01,7416.73,8471.8,8471.8,销售订单,PC 经营采购,顾客0887,顾客0887,1**********,1**********
ThinkPad,轻薄本,抖音,已成交,2026-03,7339.92,7723.65,7723.65,退换订单,PC 经营采购,顾客0888,顾客0888,1**********,1**********
宏碁（acer）,台式整机,天猫,已成交,2026-06,6518.78,7433.29,7433.29,销售订单,PC 经营采购,顾客0889,顾客0889,1**********,1**********
华硕（ASUS）,台式整机,抖音,报价中,2026-01,,9141.26,2311.71,采购订单,PC 经营采购,顾客0890,顾客0890,1**********,1**********
机械革命,一体机,淘宝,撤销,2026-06,,10568.8,2028.86,销售订单,PC 经营采购,顾客0891,顾客0891,1**********,1**********
七彩虹,轻薄本,拼多多,已成交,2026-08,9439.78,8042.78,8042.78,退换订单,PC 经营采购,顾客0892,顾客0892,1**********,1**********
联想（Lenovo）,游戏本,拼多多,报价中,2026-03,,6965.78,83.99,销售订单,PC 经营采购,顾客0893,顾客0893,1**********,1**********
宏碁（acer）,笔记本电脑,快手,撤销,2026-07,,7822.91,1766.62,采购订单,PC 经营采购,顾客0894,顾客0894,1**********,1**********
宏碁（acer）,笔记本电脑,淘宝,已成交,2026-02,6855.04,6797.05,6797.05,退换订单,PC 经营采购,顾客0895,顾客0895,1**********,1**********
ThinkPad,台式整机,京东,已成交,2026-04,8282.66,6766.03,6766.03,销售订单,PC 经营采购,顾客0896,顾客0896,1**********,1**********
惠普(HP),显示器,拼多多,已成交,2026-04,7684.2,7045.31,7045.31,采购订单,PC 经营采购,顾客0897,顾客0897,1**********,1**********
联想（Lenovo）,轻薄本,电商通,待发布,2026-02,,5890.89,783.85,采购订单,PC 经营采购,顾客0898,顾客0898,1**********,1**********
雷神,台式整机,拼多多,撤销,2026-07,,9353.25,2120.76,退换订单,PC 经营采购,顾客0899,顾客0899,1**********,1**********
七彩虹,台式整机,拼多多,新建采购,2026-03,,9671.16,188.06,退换订单,PC 经营采购,顾客0900,顾客0900,1**********,1**********
惠普(HP),台式整机,淘宝,已成交,2026-05,8202.04,9106.42,9106.42,销售订单,PC 经营采购,顾客0901,顾客0901,1**********,1**********
机械革命,游戏本,抖音,撤销,2026-04,,10297.33,2524.09,采购订单,PC 经营采购,顾客0902,顾客0902,1**********,1**********
七彩虹,一体机,电商通,报价中,2026-08,,9074.41,883.65,退换订单,PC 经营采购,顾客0903,顾客0903,1**********,1**********
惠普(HP),电脑配件,快手,已成交,2026-05,6783.29,6866.19,6866.19,退换订单,PC 经营采购,顾客0904,顾客0904,1**********,1**********
微星,台式整机,抖音,已成交,2026-08,9217.31,10775.17,10775.17,退换订单,PC 经营采购,顾客0905,顾客0905,1**********,1**********
ThinkPad,显示器,拼多多,撤销,2026-06,,7957.68,1498.05,采购订单,PC 经营采购,顾客0906,顾客0906,1**********,1**********
宏碁（acer）,显示器,抖音,已成交,2026-06,6466.86,8443.94,8443.94,采购订单,PC 经营采购,顾客0907,顾客0907,1**********,1**********
惠普(HP),电脑配件,快手,撤销,2026-07,,6563.03,224.48,采购订单,PC 经营采购,顾客0908,顾客0908,1**********,1**********
联想（Lenovo）,电脑配件,天猫,已成交,2026-04,6781.66,7101.16,7101.16,退换订单,PC 经营采购,顾客0909,顾客0909,1**********,1**********
微星,游戏本,拼多多,新建采购,2026-06,,9447.3,372.4,退换订单,PC 经营采购,顾客0910,顾客0910,1**********,1**********
七彩虹,游戏本,抖音,报价中,2026-04,,9506.94,1609.85,退换订单,PC 经营采购,顾客0911,顾客0911,1**********,1**********
惠普(HP),游戏本,京东,已成交,2026-06,7452.28,7247.39,7247.39,销售订单,PC 经营采购,顾客0912,顾客0912,1**********,1**********
宏碁（acer）,一体机,快手,撤销,2026-06,,6689.0,318.41,采购订单,PC 经营采购,顾客0913,顾客0913,1**********,1**********
华硕（ASUS）,笔记本电脑,京东,已成交,2026-08,7336.01,7888.15,7888.15,销售订单,PC 经营采购,顾客0914,顾客0914,1**********,1**********
微星,轻薄本,拼多多,报价中,2026-01,,8063.53,514.93,销售订单,PC 经营采购,顾客0915,顾客0915,1**********,1**********
雷神,台式整机,淘宝,撤销,2026-05,,7409.5,800.57,销售订单,PC 经营采购,顾客0916,顾客0916,1**********,1**********
惠普(HP),笔记本电脑,淘宝,已成交,2026-03,7933.23,7194.74,7194.74,销售订单,PC 经营采购,顾客0917,顾客0917,1**********,1**********
微星,游戏本,京东,报价中,2026-03,,9366.45,434.82,退换订单,PC 经营采购,顾客0918,顾客0918,1**********,1**********
华硕（ASUS）,电脑配件,天猫,已成交,2026-02,9398.33,8825.96,8825.96,退换订单,PC 经营采购,顾客0919,顾客0919,1**********,1**********
七彩虹,笔记本电脑,电商通,已成交,2026-02,9140.89,8207.22,8207.22,销售订单,PC 经营采购,顾客0920,顾客0920,1**********,1**********
七彩虹,轻薄本,抖音,已成交,2026-07,9330.06,6972.31,6972.31,销售订单,PC 经营采购,顾客0921,顾客0921,1**********,1**********
雷神,一体机,电商通,已成交,2026-01,9468.07,7131.09,7131.09,采购订单,PC 经营采购,顾客0922,顾客0922,1**********,1**********
惠普(HP),笔记本电脑,快手,新建采购,2026-04,,7069.68,609.21,销售订单,PC 经营采购,顾客0923,顾客0923,1**********,1**********
机械革命,电脑配件,抖音,已成交,2026-06,8196.85,9776.48,9776.48,销售订单,PC 经营采购,顾客0924,顾客0924,1**********,1**********
宏碁（acer）,一体机,快手,报价中,2026-06,,8014.54,160.75,采购订单,PC 经营采购,顾客0925,顾客0925,1**********,1**********
宏碁（acer）,游戏本,淘宝,撤销,2026-03,,6776.43,1086.35,退换订单,PC 经营采购,顾客0926,顾客0926,1**********,1**********
微星,台式整机,天猫,已成交,2026-05,10432.13,8822.73,8822.73,退换订单,PC 经营采购,顾客0927,顾客0927,1**********,1**********
机械革命,显示器,抖音,撤销,2026-08,,10836.13,2424.04,退换订单,PC 经营采购,顾客0928,顾客0928,1**********,1**********
ThinkPad,游戏本,天猫,撤销,2026-04,,6617.13,917.98,退换订单,PC 经营采购,顾客0929,顾客0929,1**********,1**********
宏碁（acer）,电脑配件,淘宝,撤销,2026-01,,6671.87,221.79,采购订单,PC 经营采购,顾客0930,顾客0930,1**********,1**********
ThinkPad,一体机,天猫,已成交,2026-06,7863.2,6210.29,6210.29,销售订单,PC 经营采购,顾客0931,顾客0931,1**********,1**********
机械革命,笔记本电脑,拼多多,报价中,2026-08,,9021.72,730.75,采购订单,PC 经营采购,顾客0932,顾客0932,1**********,1**********
七彩虹,轻薄本,拼多多,撤销,2026-05,,8804.71,849.35,销售订单,PC 经营采购,顾客0933,顾客0933,1**********,1**********
联想（Lenovo）,电脑配件,抖音,已成交,2026-04,5745.89,5767.37,5767.37,采购订单,PC 经营采购,顾客0934,顾客0934,1**********,1**********
联想（Lenovo）,轻薄本,拼多多,已成交,2026-02,7732.73,5699.01,5699.01,销售订单,PC 经营采购,顾客0935,顾客0935,1**********,1**********
惠普(HP),游戏本,京东,已成交,2026-07,7286.41,7314.23,7314.23,退换订单,PC 经营采购,顾客0936,顾客0936,1**********,1**********
惠普(HP),台式整机,抖音,已成交,2026-06,8374.43,8489.85,8489.85,退换订单,PC 经营采购,顾客0937,顾客0937,1**********,1**********
华硕（ASUS）,笔记本电脑,抖音,已成交,2026-02,7491.36,7779.2,7779.2,退换订单,PC 经营采购,顾客0938,顾客0938,1**********,1**********
机械革命,电脑配件,快手,报价中,2026-08,,7944.71,1134.86,采购订单,PC 经营采购,顾客0939,顾客0939,1**********,1**********
七彩虹,一体机,抖音,已成交,2026-03,7687.37,6887.2,6887.2,退换订单,PC 经营采购,顾客0940,顾客0940,1**********,1**********
宏碁（acer）,轻薄本,拼多多,已成交,2026-05,6410.65,7108.77,7108.77,销售订单,PC 经营采购,顾客0941,顾客0941,1**********,1**********
机械革命,台式整机,天猫,已成交,2026-01,9014.81,10673.79,10673.79,退换订单,PC 经营采购,顾客0942,顾客0942,1**********,1**********
联想（Lenovo）,显示器,天猫,撤销,2026-01,,7405.98,1982.38,采购订单,PC 经营采购,顾客0943,顾客0943,1**********,1**********
雷神,笔记本电脑,天猫,报价中,2026-01,,8331.85,21.05,退换订单,PC 经营采购,顾客0944,顾客0944,1**********,1**********
ThinkPad,笔记本电脑,拼多多,新建采购,2026-07,,6064.27,1751.9,退换订单,PC 经营采购,顾客0945,顾客0945,1**********,1**********
联想（Lenovo）,轻薄本,天猫,已成交,2026-01,6696.38,6432.75,6432.75,采购订单,PC 经营采购,顾客0946,顾客0946,1**********,1**********
微星,台式整机,抖音,已成交,2026-05,8161.8,8640.78,8640.78,退换订单,PC 经营采购,顾客0947,顾客0947,1**********,1**********
宏碁（acer）,显示器,拼多多,已成交,2026-06,6902.53,8541.95,8541.95,退换订单,PC 经营采购,顾客0948,顾客0948,1**********,1**********
雷神,一体机,拼多多,待发布,2026-05,,7953.68,1818.09,退换订单,PC 经营采购,顾客0949,顾客0949,1**********,1**********
雷神,一体机,拼多多,已成交,2026-03,8644.34,9882.04,9882.04,采购订单,PC 经营采购,顾客0950,顾客0950,1**********,1**********
ThinkPad,轻薄本,拼多多,已成交,2026-04,7985.24,7902.97,7902.97,采购订单,PC 经营采购,顾客0951,顾客0951,1**********,1**********
ThinkPad,游戏本,拼多多,撤销,2026-06,,5967.52,511.66,销售订单,PC 经营采购,顾客0952,顾客0952,1**********,1**********
机械革命,游戏本,抖音,已成交,2026-06,10882.38,9501.93,9501.93,退换订单,PC 经营采购,顾客0953,顾客0953,1**********,1**********
惠普(HP),电脑配件,天猫,已成交,2026-06,8460.21,8315.38,8315.38,采购订单,PC 经营采购,顾客0954,顾客0954,1**********,1**********
微星,台式整机,拼多多,报价中,2026-04,,8467.11,2251.17,采购订单,PC 经营采购,顾客0955,顾客0955,1**********,1**********
雷神,台式整机,抖音,报价中,2026-06,,9899.79,2799.09,采购订单,PC 经营采购,顾客0956,顾客0956,1**********,1**********
联想（Lenovo）,显示器,抖音,已成交,2026-05,5917.24,7804.97,7804.97,采购订单,PC 经营采购,顾客0957,顾客0957,1**********,1**********
宏碁（acer）,一体机,拼多多,待发布,2026-06,,7812.54,1339.47,销售订单,PC 经营采购,顾客0958,顾客0958,1**********,1**********
联想（Lenovo）,一体机,淘宝,已成交,2026-07,7701.11,5851.74,5851.74,采购订单,PC 经营采购,顾客0959,顾客0959,1**********,1**********
机械革命,轻薄本,拼多多,撤销,2026-04,,9007.67,1788.47,退换订单,PC 经营采购,顾客0960,顾客0960,1**********,1**********
宏碁（acer）,电脑配件,天猫,撤销,2026-05,,6236.81,66.81,退换订单,PC 经营采购,顾客0961,顾客0961,1**********,1**********
联想（Lenovo）,显示器,快手,待发布,2026-08,,6485.25,1364.78,退换订单,PC 经营采购,顾客0962,顾客0962,1**********,1**********
七彩虹,电脑配件,淘宝,已成交,2026-06,8442.55,9569.81,9569.81,销售订单,PC 经营采购,顾客0963,顾客0963,1**********,1**********
惠普(HP),游戏本,天猫,已成交,2026-01,7501.31,8582.64,8582.64,销售订单,PC 经营采购,顾客0964,顾客0964,1**********,1**********
机械革命,显示器,京东,已成交,2026-03,10839.05,8390.49,8390.49,退换订单,PC 经营采购,顾客0965,顾客0965,1**********,1**********
机械革命,轻薄本,抖音,已成交,2026-06,9877.0,10266.3,10266.3,采购订单,PC 经营采购,顾客0966,顾客0966,1**********,1**********
ThinkPad,一体机,淘宝,已成交,2026-08,6347.32,8412.14,8412.14,退换订单,PC 经营采购,顾客0967,顾客0967,1**********,1**********
华硕（ASUS）,显示器,拼多多,已成交,2026-03,8921.46,8041.15,8041.15,采购订单,PC 经营采购,顾客0968,顾客0968,1**********,1**********
联想（Lenovo）,笔记本电脑,淘宝,撤销,2026-08,,7796.57,665.23,退换订单,PC 经营采购,顾客0969,顾客0969,1**********,1**********
七彩虹,游戏本,天猫,已成交,2026-01,7835.63,9792.59,9792.59,销售订单,PC 经营采购,顾客0970,顾客0970,1**********,1**********
宏碁（acer）,轻薄本,抖音,已成交,2026-02,7781.99,6112.18,6112.18,退换订单,PC 经营采购,顾客0971,顾客0971,1**********,1**********
联想（Lenovo）,台式整机,拼多多,已成交,2026-03,6856.55,7213.23,7213.23,采购订单,PC 经营采购,顾客0972,顾客0972,1**********,1**********
机械革命,显示器,拼多多,已成交,2026-01,9375.25,8902.57,8902.57,退换订单,PC 经营采购,顾客0973,顾客0973,1**********,1**********
惠普(HP),一体机,拼多多,撤销,2026-03,,7158.0,276.41,退换订单,PC 经营采购,顾客0974,顾客0974,1**********,1**********
雷神,轻薄本,拼多多,已成交,2026-03,8442.75,9996.72,9996.72,退换订单,PC 经营采购,顾客0975,顾客0975,1**********,1**********
机械革命,显示器,抖音,新建采购,2026-06,,8770.91,2594.27,销售订单,PC 经营采购,顾客0976,顾客0976,1**********,1**********
微星,一体机,天猫,新建采购,2026-07,,9372.16,350.17,采购订单,PC 经营采购,顾客0977,顾客0977,1**********,1**********
联想（Lenovo）,一体机,拼多多,已成交,2026-06,6523.5,5870.44,5870.44,销售订单,PC 经营采购,顾客0978,顾客0978,1**********,1**********
惠普(HP),电脑配件,电商通,撤销,2026-08,,8049.53,1204.35,退换订单,PC 经营采购,顾客0979,顾客0979,1**********,1**********
联想（Lenovo）,游戏本,淘宝,已成交,2026-03,7386.76,6381.51,6381.51,采购订单,PC 经营采购,顾客0980,顾客0980,1**********,1**********
华硕（ASUS）,游戏本,抖音,报价中,2026-07,,9079.32,2432.47,退换订单,PC 经营采购,顾客0981,顾客0981,1**********,1**********
七彩虹,一体机,拼多多,新建采购,2026-08,,7812.16,1313.66,销售订单,PC 经营采购,顾客0982,顾客0982,1**********,1**********
机械革命,游戏本,拼多多,撤销,2026-03,,8837.44,285.79,退换订单,PC 经营采购,顾客0983,顾客0983,1**********,1**********
雷神,台式整机,电商通,已成交,2026-08,7701.4,9462.78,9462.78,销售订单,PC 经营采购,顾客0984,顾客0984,1**********,1**********
微星,笔记本电脑,拼多多,新建采购,2026-08,,7987.71,937.62,退换订单,PC 经营采购,顾客0985,顾客0985,1**********,1**********
机械革命,轻薄本,电商通,已成交,2026-05,9331.15,10420.73,10420.73,销售订单,PC 经营采购,顾客0986,顾客0986,1**********,1**********
宏碁（acer）,笔记本电脑,拼多多,已成交,2026-07,7070.68,6790.54,6790.54,退换订单,PC 经营采购,顾客0987,顾客0987,1**********,1**********
惠普(HP),轻薄本,电商通,已成交,2026-03,8057.43,8795.41,8795.41,销售订单,PC 经营采购,顾客0988,顾客0988,1**********,1**********
宏碁（acer）,台式整机,快手,待发布,2026-06,,5974.95,463.78,销售订单,PC 经营采购,顾客0989,顾客0989,1**********,1**********
惠普(HP),台式整机,拼多多,已成交,2026-01,7989.72,6621.35,6621.35,退换订单,PC 经营采购,顾客0990,顾客0990,1**********,1**********
联想（Lenovo）,一体机,天猫,已成交,2026-04,7384.86,5561.13,5561.13,采购订单,PC 经营采购,顾客0991,顾客0991,1**********,1**********
微星,电脑配件,天猫,已成交,2026-04,10882.13,8824.21,8824.21,采购订单,PC 经营采购,顾客0992,顾客0992,1**********,1**********
微星,显示器,天猫,已成交,2026-02,9347.63,10069.02,10069.02,销售订单,PC 经营采购,顾客0993,顾客0993,1**********,1**********
惠普(HP),轻薄本,快手,撤销,2026-01,,7171.89,388.57,销售订单,PC 经营采购,顾客0994,顾客0994,1**********,1**********
七彩虹,笔记本电脑,电商通,撤销,2026-04,,7814.17,119.58,退换订单,PC 经营采购,顾客0995,顾客0995,1**********,1**********
宏碁（acer）,游戏本,快手,撤销,2026-01,,6641.27,789.49,销售订单,PC 经营采购,顾客0996,顾客0996,1**********,1**********
惠普(HP),轻薄本,天猫,已成交,2026-08,8455.5,7030.43,7030.43,采购订单,PC 经营采购,顾客0997,顾客0997,1**********,1**********
机械革命,显示器,京东,撤销,2026-08,,8767.66,138.87,销售订单,PC 经营采购,顾客0998,顾客0998,1**********,1**********
ThinkPad,显示器,天猫,已成交,2026-03,7326.55,8172.38,8172.38,销售订单,PC 经营采购,顾客0999,顾客0999,1**********,1**********
华硕（ASUS）,台式整机,抖音,已成交,2026-08,7906.25,7780.26,7780.26,退换订单,PC 经营采购,顾客1000,顾客1000,1**********,1**********
微星,一体机,天猫,已成交,2026-07,9243.28,10961.02,10961.02,销售订单,PC 经营采购,顾客1001,顾客1001,1**********,1**********
惠普(HP),轻薄本,天猫,已成交,2026-07,8886.01,8607.92,8607.92,退换订单,PC 经营采购,顾客1002,顾客1002,1**********,1**********
联想（Lenovo）,笔记本电脑,快手,撤销,2026-04,,6435.36,1247.95,采购订单,PC 经营采购,顾客1003,顾客1003,1**********,1**********
惠普(HP),轻薄本,淘宝,待发布,2026-07,,6849.53,1734.51,销售订单,PC 经营采购,顾客1004,顾客1004,1**********,1**********
ThinkPad,电脑配件,淘宝,撤销,2026-05,,6196.05,1022.62,采购订单,PC 经营采购,顾客1005,顾客1005,1**********,1**********
七彩虹,电脑配件,京东,已成交,2026-01,8039.68,6873.27,6873.27,退换订单,PC 经营采购,顾客1006,顾客1006,1**********,1**********
宏碁（acer）,笔记本电脑,电商通,已成交,2026-06,7316.74,7151.86,7151.86,退换订单,PC 经营采购,顾客1007,顾客1007,1**********,1**********
七彩虹,一体机,淘宝,待发布,2026-04,,9266.56,1926.46,退换订单,PC 经营采购,顾客1008,顾客1008,1**********,1**********
微星,显示器,快手,报价中,2026-07,,8758.04,1830.99,采购订单,PC 经营采购,顾客1009,顾客1009,1**********,1**********
七彩虹,轻薄本,淘宝,已成交,2026-08,7806.63,8122.29,8122.29,销售订单,PC 经营采购,顾客1010,顾客1010,1**********,1**********
七彩虹,电脑配件,抖音,报价中,2026-08,,7572.45,848.03,采购订单,PC 经营采购,顾客1011,顾客1011,1**********,1**********
ThinkPad,笔记本电脑,淘宝,报价中,2026-03,,6378.04,1913.29,采购订单,PC 经营采购,顾客1012,顾客1012,1**********,1**********
华硕（ASUS）,台式整机,拼多多,已成交,2026-06,7315.72,9363.93,9363.93,销售订单,PC 经营采购,顾客1013,顾客1013,1**********,1**********
联想（Lenovo）,台式整机,抖音,已成交,2026-06,6889.47,5846.76,5846.76,采购订单,PC 经营采购,顾客1014,顾客1014,1**********,1**********
惠普(HP),台式整机,拼多多,已成交,2026-01,8073.36,8838.0,8838.0,采购订单,PC 经营采购,顾客1015,顾客1015,1**********,1**********
惠普(HP),显示器,快手,待发布,2026-06,,6802.05,765.29,采购订单,PC 经营采购,顾客1016,顾客1016,1**********,1**********
微星,电脑配件,快手,撤销,2026-03,,8915.64,1396.12,退换订单,PC 经营采购,顾客1017,顾客1017,1**********,1**********
雷神,电脑配件,拼多多,报价中,2026-04,,9752.82,642.04,采购订单,PC 经营采购,顾客1018,顾客1018,1**********,1**********
雷神,笔记本电脑,拼多多,撤销,2026-06,,7535.92,1424.15,退换订单,PC 经营采购,顾客1019,顾客1019,1**********,1**********
机械革命,笔记本电脑,抖音,已成交,2026-06,9621.0,10149.99,10149.99,退换订单,PC 经营采购,顾客1020,顾客1020,1**********,1**********
惠普(HP),台式整机,淘宝,已成交,2026-07,8308.27,8725.03,8725.03,采购订单,PC 经营采购,顾客1021,顾客1021,1**********,1**********
宏碁（acer）,轻薄本,京东,新建采购,2026-06,,7406.04,41.64,退换订单,PC 经营采购,顾客1022,顾客1022,1**********,1**********
七彩虹,笔记本电脑,抖音,已成交,2026-04,8203.53,7180.29,7180.29,采购订单,PC 经营采购,顾客1023,顾客1023,1**********,1**********
雷神,笔记本电脑,抖音,已成交,2026-07,8639.11,9963.25,9963.25,采购订单,PC 经营采购,顾客1024,顾客1024,1**********,1**********
ThinkPad,笔记本电脑,拼多多,撤销,2026-01,,6076.11,1769.34,采购订单,PC 经营采购,顾客1025,顾客1025,1**********,1**********
宏碁（acer）,台式整机,抖音,报价中,2026-02,,8101.66,2345.52,采购订单,PC 经营采购,顾客1026,顾客1026,1**********,1**********
机械革命,笔记本电脑,拼多多,已成交,2026-02,9995.72,10816.27,10816.27,销售订单,PC 经营采购,顾客1027,顾客1027,1**********,1**********
ThinkPad,游戏本,淘宝,撤销,2026-06,,8209.15,1596.68,退换订单,PC 经营采购,顾客1028,顾客1028,1**********,1**********
雷神,电脑配件,抖音,已成交,2026-02,8668.94,9774.56,9774.56,采购订单,PC 经营采购,顾客1029,顾客1029,1**********,1**********
惠普(HP),笔记本电脑,拼多多,已成交,2026-07,8461.22,7759.32,7759.32,退换订单,PC 经营采购,顾客1030,顾客1030,1**********,1**********
联想（Lenovo）,轻薄本,淘宝,已成交,2026-05,6938.13,7621.16,7621.16,采购订单,PC 经营采购,顾客1031,顾客1031,1**********,1**********
ThinkPad,轻薄本,电商通,撤销,2026-04,,6621.29,183.4,退换订单,PC 经营采购,顾客1032,顾客1032,1**********,1**********
机械革命,显示器,拼多多,已成交,2026-05,8620.87,10836.21,10836.21,销售订单,PC 经营采购,顾客1033,顾客1033,1**********,1**********
机械革命,显示器,拼多多,已成交,2026-08,8164.07,10865.67,10865.67,采购订单,PC 经营采购,顾客1034,顾客1034,1**********,1**********
ThinkPad,轻薄本,淘宝,已成交,2026-02,7868.64,5992.31,5992.31,退换订单,PC 经营采购,顾客1035,顾客1035,1**********,1**********
雷神,轻薄本,拼多多,报价中,2026-02,,7716.36,584.0,退换订单,PC 经营采购,顾客1036,顾客1036,1**********,1**********
华硕（ASUS）,笔记本电脑,抖音,已成交,2026-06,7938.44,9479.89,9479.89,退换订单,PC 经营采购,顾客1037,顾客1037,1**********,1**********
联想（Lenovo）,台式整机,淘宝,已成交,2026-05,5761.51,7699.4,7699.4,退换订单,PC 经营采购,顾客1038,顾客1038,1**********,1**********
华硕（ASUS）,一体机,抖音,报价中,2026-07,,7235.65,1535.75,采购订单,PC 经营采购,顾客1039,顾客1039,1**********,1**********
ThinkPad,轻薄本,电商通,撤销,2026-01,,6764.72,158.96,退换订单,PC 经营采购,顾客1040,顾客1040,1**********,1**********
ThinkPad,游戏本,电商通,已成交,2026-07,7044.66,7132.95,7132.95,退换订单,PC 经营采购,顾客1041,顾客1041,1**********,1**********
ThinkPad,显示器,天猫,已成交,2026-06,7358.7,7284.17,7284.17,退换订单,PC 经营采购,顾客1042,顾客1042,1**********,1**********
联想（Lenovo）,电脑配件,淘宝,撤销,2026-05,,6854.62,1210.93,销售订单,PC 经营采购,顾客1043,顾客1043,1**********,1**********
华硕（ASUS）,台式整机,抖音,待发布,2026-02,,7706.17,392.51,退换订单,PC 经营采购,顾客1044,顾客1044,1**********,1**********
宏碁（acer）,电脑配件,拼多多,报价中,2026-03,,6491.9,552.98,采购订单,PC 经营采购,顾客1045,顾客1045,1**********,1**********
宏碁（acer）,游戏本,天猫,已成交,2026-03,7630.23,6781.91,6781.91,销售订单,PC 经营采购,顾客1046,顾客1046,1**********,1**********
ThinkPad,电脑配件,拼多多,已成交,2026-04,7766.02,6439.9,6439.9,采购订单,PC 经营采购,顾客1047,顾客1047,1**********,1**********
雷神,轻薄本,拼多多,已成交,2026-04,8459.93,10192.6,10192.6,采购订单,PC 经营采购,顾客1048,顾客1048,1**********,1**********
华硕（ASUS）,显示器,拼多多,报价中,2026-07,,7637.99,1118.84,销售订单,PC 经营采购,顾客1049,顾客1049,1**********,1**********
雷神,台式整机,拼多多,已成交,2026-08,7831.38,8209.53,8209.53,销售订单,PC 经营采购,顾客1050,顾客1050,1**********,1**********
ThinkPad,台式整机,京东,报价中,2026-02,,7050.99,1363.19,销售订单,PC 经营采购,顾客1051,顾客1051,1**********,1**********
微星,台式整机,电商通,已成交,2026-08,10179.87,9529.35,9529.35,退换订单,PC 经营采购,顾客1052,顾客1052,1**********,1**********
雷神,游戏本,抖音,撤销,2026-06,,9743.87,2004.86,销售订单,PC 经营采购,顾客1053,顾客1053,1**********,1**********
宏碁（acer）,电脑配件,拼多多,撤销,2026-01,,7376.56,1524.9,销售订单,PC 经营采购,顾客1054,顾客1054,1**********,1**********
华硕（ASUS）,轻薄本,拼多多,已成交,2026-02,9644.07,8176.01,8176.01,采购订单,PC 经营采购,顾客1055,顾客1055,1**********,1**********
七彩虹,台式整机,抖音,报价中,2026-07,,9292.1,2737.91,销售订单,PC 经营采购,顾客1056,顾客1056,1**********,1**********
雷神,轻薄本,拼多多,已成交,2026-02,8048.49,8404.65,8404.65,退换订单,PC 经营采购,顾客1057,顾客1057,1**********,1**********
微星,一体机,淘宝,已成交,2026-01,10704.25,10732.19,10732.19,退换订单,PC 经营采购,顾客1058,顾客1058,1**********,1**********
ThinkPad,笔记本电脑,拼多多,已成交,2026-02,7832.84,7805.37,7805.37,采购订单,PC 经营采购,顾客1059,顾客1059,1**********,1**********
惠普(HP),游戏本,电商通,已成交,2026-04,8011.34,9278.13,9278.13,采购订单,PC 经营采购,顾客1060,顾客1060,1**********,1**********
宏碁（acer）,一体机,快手,撤销,2026-07,,6767.94,1773.94,退换订单,PC 经营采购,顾客1061,顾客1061,1**********,1**********
雷神,台式整机,电商通,报价中,2026-06,,8467.71,1905.15,采购订单,PC 经营采购,顾客1062,顾客1062,1**********,1**********
惠普(HP),游戏本,抖音,报价中,2026-05,,7164.76,1458.27,销售订单,PC 经营采购,顾客1063,顾客1063,1**********,1**********
宏碁（acer）,轻薄本,天猫,已成交,2026-04,7521.88,6563.97,6563.97,销售订单,PC 经营采购,顾客1064,顾客1064,1**********,1**********
联想（Lenovo）,笔记本电脑,拼多多,已成交,2026-07,7200.3,6559.41,6559.41,销售订单,PC 经营采购,顾客1065,顾客1065,1**********,1**********
联想（Lenovo）,笔记本电脑,京东,报价中,2026-01,,7087.14,817.04,采购订单,PC 经营采购,顾客1066,顾客1066,1**********,1**********
雷神,笔记本电脑,天猫,撤销,2026-02,,9703.72,1953.12,采购订单,PC 经营采购,顾客1067,顾客1067,1**********,1**********
机械革命,笔记本电脑,淘宝,已成交,2026-05,9067.13,7809.69,7809.69,销售订单,PC 经营采购,顾客1068,顾客1068,1**********,1**********
惠普(HP),一体机,拼多多,新建采购,2026-04,,7302.53,656.96,销售订单,PC 经营采购,顾客1069,顾客1069,1**********,1**********
机械革命,轻薄本,拼多多,撤销,2026-02,,10065.08,2904.11,销售订单,PC 经营采购,顾客1070,顾客1070,1**********,1**********
机械革命,一体机,抖音,撤销,2026-05,,10668.04,1746.16,采购订单,PC 经营采购,顾客1071,顾客1071,1**********,1**********
雷神,显示器,淘宝,报价中,2026-02,,8601.8,926.08,退换订单,PC 经营采购,顾客1072,顾客1072,1**********,1**********
华硕（ASUS）,笔记本电脑,天猫,已成交,2026-01,9193.32,7107.09,7107.09,销售订单,PC 经营采购,顾客1073,顾客1073,1**********,1**********
ThinkPad,笔记本电脑,抖音,已成交,2026-02,7067.5,7223.98,7223.98,退换订单,PC 经营采购,顾客1074,顾客1074,1**********,1**********
ThinkPad,电脑配件,拼多多,已成交,2026-01,6749.42,6571.52,6571.52,采购订单,PC 经营采购,顾客1075,顾客1075,1**********,1**********
惠普(HP),电脑配件,拼多多,报价中,2026-08,,8350.03,1360.69,销售订单,PC 经营采购,顾客1076,顾客1076,1**********,1**********
华硕（ASUS）,轻薄本,电商通,撤销,2026-05,,7370.86,2133.99,采购订单,PC 经营采购,顾客1077,顾客1077,1**********,1**********
华硕（ASUS）,显示器,快手,撤销,2026-06,,10043.29,2487.64,退换订单,PC 经营采购,顾客1078,顾客1078,1**********,1**********
ThinkPad,轻薄本,天猫,已成交,2026-08,6552.11,7139.72,7139.72,采购订单,PC 经营采购,顾客1079,顾客1079,1**********,1**********
机械革命,笔记本电脑,抖音,已成交,2026-05,10849.14,10449.92,10449.92,退换订单,PC 经营采购,顾客1080,顾客1080,1**********,1**********
华硕（ASUS）,笔记本电脑,拼多多,已成交,2026-07,9554.38,7651.98,7651.98,采购订单,PC 经营采购,顾客1081,顾客1081,1**********,1**********
华硕（ASUS）,笔记本电脑,京东,已成交,2026-03,9375.83,8851.98,8851.98,销售订单,PC 经营采购,顾客1082,顾客1082,1**********,1**********
ThinkPad,显示器,拼多多,已成交,2026-05,6143.29,7301.57,7301.57,销售订单,PC 经营采购,顾客1083,顾客1083,1**********,1**********
宏碁（acer）,显示器,快手,已成交,2026-07,6427.11,7496.58,7496.58,退换订单,PC 经营采购,顾客1084,顾客1084,1**********,1**********
ThinkPad,轻薄本,拼多多,撤销,2026-05,,8214.13,1962.89,销售订单,PC 经营采购,顾客1085,顾客1085,1**********,1**********
ThinkPad,一体机,天猫,报价中,2026-02,,7764.0,1909.28,销售订单,PC 经营采购,顾客1086,顾客1086,1**********,1**********
微星,一体机,拼多多,已成交,2026-05,9176.28,9742.18,9742.18,采购订单,PC 经营采购,顾客1087,顾客1087,1**********,1**********
宏碁（acer）,轻薄本,拼多多,已成交,2026-06,8252.35,6971.88,6971.88,采购订单,PC 经营采购,顾客1088,顾客1088,1**********,1**********
机械革命,笔记本电脑,抖音,已成交,2026-03,10644.7,10998.33,10998.33,销售订单,PC 经营采购,顾客1089,顾客1089,1**********,1**********
宏碁（acer）,轻薄本,淘宝,已成交,2026-02,6783.02,7985.79,7985.79,销售订单,PC 经营采购,顾客1090,顾客1090,1**********,1**********
惠普(HP),笔记本电脑,淘宝,新建采购,2026-06,,8003.98,1998.86,退换订单,PC 经营采购,顾客1091,顾客1091,1**********,1**********
ThinkPad,笔记本电脑,拼多多,待发布,2026-04,,6951.79,466.2,采购订单,PC 经营采购,顾客1092,顾客1092,1**********,1**********
微星,轻薄本,拼多多,已成交,2026-07,8666.5,7997.87,7997.87,退换订单,PC 经营采购,顾客1093,顾客1093,1**********,1**********
微星,电脑配件,淘宝,已成交,2026-06,9692.87,10891.93,10891.93,销售订单,PC 经营采购,顾客1094,顾客1094,1**********,1**********
联想（Lenovo）,笔记本电脑,拼多多,已成交,2026-01,7447.84,6849.32,6849.32,退换订单,PC 经营采购,顾客1095,顾客1095,1**********,1**********
ThinkPad,笔记本电脑,拼多多,已成交,2026-03,7465.93,7199.06,7199.06,采购订单,PC 经营采购,顾客1096,顾客1096,1**********,1**********
七彩虹,台式整机,拼多多,已成交,2026-06,7356.49,9385.68,9385.68,销售订单,PC 经营采购,顾客1097,顾客1097,1**********,1**********
联想（Lenovo）,笔记本电脑,淘宝,已成交,2026-03,6400.75,7822.75,7822.75,退换订单,PC 经营采购,顾客1098,顾客1098,1**********,1**********
惠普(HP),台式整机,电商通,报价中,2026-03,,8949.02,1677.9,退换订单,PC 经营采购,顾客1099,顾客1099,1**********,1**********
雷神,显示器,抖音,已成交,2026-02,8360.88,7817.9,7817.9,采购订单,PC 经营采购,顾客1100,顾客1100,1**********,1**********
华硕（ASUS）,台式整机,拼多多,已成交,2026-02,8458.17,9566.99,9566.99,退换订单,PC 经营采购,顾客1101,顾客1101,1**********,1**********
ThinkPad,电脑配件,快手,撤销,2026-04,,7190.94,1681.55,采购订单,PC 经营采购,顾客1102,顾客1102,1**********,1**********
华硕（ASUS）,轻薄本,拼多多,已成交,2026-01,9023.65,7568.26,7568.26,采购订单,PC 经营采购,顾客1103,顾客1103,1**********,1**********
雷神,电脑配件,快手,新建采购,2026-07,,7715.39,850.57,采购订单,PC 经营采购,顾客1104,顾客1104,1**********,1**********
华硕（ASUS）,台式整机,抖音,已成交,2026-02,9694.26,9072.74,9072.74,退换订单,PC 经营采购,顾客1105,顾客1105,1**********,1**********
惠普(HP),一体机,快手,报价中,2026-03,,9252.14,2419.47,采购订单,PC 经营采购,顾客1106,顾客1106,1**********,1**********
ThinkPad,笔记本电脑,天猫,已成交,2026-01,7357.29,6252.14,6252.14,销售订单,PC 经营采购,顾客1107,顾客1107,1**********,1**********
惠普(HP),台式整机,拼多多,已成交,2026-03,8664.12,9066.89,9066.89,采购订单,PC 经营采购,顾客1108,顾客1108,1**********,1**********
ThinkPad,显示器,淘宝,撤销,2026-03,,6019.54,203.7,销售订单,PC 经营采购,顾客1109,顾客1109,1**********,1**********
雷神,游戏本,淘宝,已成交,2026-03,8562.5,7657.09,7657.09,采购订单,PC 经营采购,顾客1110,顾客1110,1**********,1**********
机械革命,笔记本电脑,京东,已成交,2026-08,9835.36,10455.32,10455.32,采购订单,PC 经营采购,顾客1111,顾客1111,1**********,1**********
雷神,台式整机,抖音,已成交,2026-03,9775.35,8445.43,8445.43,采购订单,PC 经营采购,顾客1112,顾客1112,1**********,1**********
机械革命,一体机,电商通,已成交,2026-02,9390.31,7846.44,7846.44,采购订单,PC 经营采购,顾客1113,顾客1113,1**********,1**********
机械革命,电脑配件,拼多多,已成交,2026-01,9515.01,8859.94,8859.94,销售订单,PC 经营采购,顾客1114,顾客1114,1**********,1**********
联想（Lenovo）,台式整机,淘宝,已成交,2026-08,6324.86,6131.76,6131.76,退换订单,PC 经营采购,顾客1115,顾客1115,1**********,1**********
华硕（ASUS）,游戏本,抖音,已成交,2026-06,8465.6,9685.29,9685.29,采购订单,PC 经营采购,顾客1116,顾客1116,1**********,1**********
宏碁（acer）,轻薄本,电商通,已成交,2026-04,7757.15,6929.84,6929.84,采购订单,PC 经营采购,顾客1117,顾客1117,1**********,1**********
微星,显示器,京东,报价中,2026-07,,7906.94,2201.41,销售订单,PC 经营采购,顾客1118,顾客1118,1**********,1**********
ThinkPad,电脑配件,电商通,已成交,2026-02,6727.83,8150.92,8150.92,采购订单,PC 经营采购,顾客1119,顾客1119,1**********,1**********
ThinkPad,游戏本,淘宝,已成交,2026-06,7228.24,8278.86,8278.86,采购订单,PC 经营采购,顾客1120,顾客1120,1**********,1**********
宏碁（acer）,电脑配件,抖音,报价中,2026-06,,7508.5,1604.36,销售订单,PC 经营采购,顾客1121,顾客1121,1**********,1**********
七彩虹,游戏本,抖音,已成交,2026-05,8562.87,7064.58,7064.58,采购订单,PC 经营采购,顾客1122,顾客1122,1**********,1**********
ThinkPad,笔记本电脑,京东,新建采购,2026-03,,7187.43,641.03,退换订单,PC 经营采购,顾客1123,顾客1123,1**********,1**********
机械革命,显示器,天猫,撤销,2026-06,,8815.04,2540.75,退换订单,PC 经营采购,顾客1124,顾客1124,1**********,1**********
宏碁（acer）,轻薄本,拼多多,新建采购,2026-05,,8173.9,536.1,采购订单,PC 经营采购,顾客1125,顾客1125,1**********,1**********
宏碁（acer）,电脑配件,电商通,已成交,2026-01,7871.18,8025.98,8025.98,退换订单,PC 经营采购,顾客1126,顾客1126,1**********,1**********
七彩虹,一体机,天猫,已成交,2026-03,9157.09,8671.89,8671.89,采购订单,PC 经营采购,顾客1127,顾客1127,1**********,1**********
机械革命,一体机,京东,已成交,2026-03,9355.53,7846.38,7846.38,销售订单,PC 经营采购,顾客1128,顾客1128,1**********,1**********
雷神,轻薄本,抖音,已成交,2026-05,9237.2,9210.09,9210.09,采购订单,PC 经营采购,顾客1129,顾客1129,1**********,1**********
机械革命,台式整机,抖音,报价中,2026-01,,10501.76,2827.0,销售订单,PC 经营采购,顾客1130,顾客1130,1**********,1**********
宏碁（acer）,笔记本电脑,拼多多,撤销,2026-07,,6133.52,343.03,销售订单,PC 经营采购,顾客1131,顾客1131,1**********,1**********
微星,笔记本电脑,拼多多,撤销,2026-03,,10298.82,2607.26,销售订单,PC 经营采购,顾客1132,顾客1132,1**********,1**********
七彩虹,电脑配件,京东,报价中,2026-02,,8653.03,1881.24,退换订单,PC 经营采购,顾客1133,顾客1133,1**********,1**********
微星,电脑配件,拼多多,新建采购,2026-01,,10097.97,1188.84,销售订单,PC 经营采购,顾客1134,顾客1134,1**********,1**********
ThinkPad,一体机,淘宝,报价中,2026-04,,8455.64,2288.4,销售订单,PC 经营采购,顾客1135,顾客1135,1**********,1**********
惠普(HP),台式整机,淘宝,已成交,2026-04,7934.55,6594.87,6594.87,采购订单,PC 经营采购,顾客1136,顾客1136,1**********,1**********
惠普(HP),笔记本电脑,抖音,已成交,2026-01,9045.94,8772.21,8772.21,采购订单,PC 经营采购,顾客1137,顾客1137,1**********,1**********
宏碁（acer）,轻薄本,淘宝,已成交,2026-04,8231.38,7887.63,7887.63,采购订单,PC 经营采购,顾客1138,顾客1138,1**********,1**********
雷神,轻薄本,京东,已成交,2026-04,9190.89,7754.78,7754.78,退换订单,PC 经营采购,顾客1139,顾客1139,1**********,1**********
机械革命,电脑配件,拼多多,报价中,2026-04,,8757.7,1364.4,采购订单,PC 经营采购,顾客1140,顾客1140,1**********,1**********
机械革命,电脑配件,淘宝,撤销,2026-08,,10098.84,2798.0,退换订单,PC 经营采购,顾客1141,顾客1141,1**********,1**********
雷神,台式整机,京东,已成交,2026-01,8305.77,7866.67,7866.67,退换订单,PC 经营采购,顾客1142,顾客1142,1**********,1**********
七彩虹,台式整机,淘宝,待发布,2026-03,,9637.12,2491.48,退换订单,PC 经营采购,顾客1143,顾客1143,1**********,1**********
七彩虹,轻薄本,电商通,已成交,2026-08,7348.89,8585.26,8585.26,销售订单,PC 经营采购,顾客1144,顾客1144,1**********,1**********
七彩虹,笔记本电脑,拼多多,已成交,2026-01,8508.31,8571.75,8571.75,采购订单,PC 经营采购,顾客1145,顾客1145,1**********,1**********
雷神,电脑配件,抖音,撤销,2026-02,,8899.04,1422.44,销售订单,PC 经营采购,顾客1146,顾客1146,1**********,1**********
微星,一体机,天猫,已成交,2026-03,10660.46,7891.68,7891.68,采购订单,PC 经营采购,顾客1147,顾客1147,1**********,1**********
ThinkPad,游戏本,天猫,已成交,2026-02,7531.26,6383.0,6383.0,销售订单,PC 经营采购,顾客1148,顾客1148,1**********,1**********
七彩虹,电脑配件,天猫,已成交,2026-03,7472.28,8546.34,8546.34,退换订单,PC 经营采购,顾客1149,顾客1149,1**********,1**********
华硕（ASUS）,轻薄本,天猫,已成交,2026-01,9065.69,8977.73,8977.73,销售订单,PC 经营采购,顾客1150,顾客1150,1**********,1**********
七彩虹,台式整机,拼多多,已成交,2026-04,8304.32,8332.34,8332.34,采购订单,PC 经营采购,顾客1151,顾客1151,1**********,1**********
机械革命,台式整机,天猫,撤销,2026-01,,8702.93,2325.23,退换订单,PC 经营采购,顾客1152,顾客1152,1**********,1**********
七彩虹,轻薄本,拼多多,撤销,2026-04,,9028.34,1267.4,销售订单,PC 经营采购,顾客1153,顾客1153,1**********,1**********
惠普(HP),笔记本电脑,天猫,已成交,2026-02,6886.98,7315.73,7315.73,退换订单,PC 经营采购,顾客1154,顾客1154,1**********,1**********
微星,轻薄本,淘宝,撤销,2026-04,,10834.74,1139.56,退换订单,PC 经营采购,顾客1155,顾客1155,1**********,1**********
华硕（ASUS）,一体机,抖音,报价中,2026-03,,7210.73,1814.06,退换订单,PC 经营采购,顾客1156,顾客1156,1**********,1**********
宏碁（acer）,显示器,淘宝,撤销,2026-08,,7819.36,1283.92,退换订单,PC 经营采购,顾客1157,顾客1157,1**********,1**********
联想（Lenovo）,一体机,京东,报价中,2026-01,,7814.43,2137.17,采购订单,PC 经营采购,顾客1158,顾客1158,1**********,1**********
惠普(HP),台式整机,拼多多,已成交,2026-07,8874.33,6888.77,6888.77,采购订单,PC 经营采购,顾客1159,顾客1159,1**********,1**********
微星,一体机,京东,报价中,2026-03,,11175.21,2682.55,采购订单,PC 经营采购,顾客1160,顾客1160,1**********,1**********
微星,一体机,快手,撤销,2026-04,,10565.71,742.6,退换订单,PC 经营采购,顾客1161,顾客1161,1**********,1**********
ThinkPad,笔记本电脑,拼多多,新建采购,2026-03,,7112.83,78.38,采购订单,PC 经营采购,顾客1162,顾客1162,1**********,1**********
ThinkPad,显示器,淘宝,已成交,2026-07,8175.86,7586.79,7586.79,退换订单,PC 经营采购,顾客1163,顾客1163,1**********,1**********
ThinkPad,显示器,京东,已成交,2026-02,8197.61,6898.96,6898.96,采购订单,PC 经营采购,顾客1164,顾客1164,1**********,1**********
雷神,一体机,拼多多,已成交,2026-04,9684.88,8789.66,8789.66,销售订单,PC 经营采购,顾客1165,顾客1165,1**********,1**********
七彩虹,笔记本电脑,快手,新建采购,2026-06,,8162.47,1363.04,采购订单,PC 经营采购,顾客1166,顾客1166,1**********,1**********
联想（Lenovo）,笔记本电脑,天猫,已成交,2026-04,6071.46,7717.64,7717.64,采购订单,PC 经营采购,顾客1167,顾客1167,1**********,1**********
华硕（ASUS）,显示器,快手,撤销,2026-04,,9163.11,463.59,采购订单,PC 经营采购,顾客1168,顾客1168,1**********,1**********
雷神,显示器,电商通,撤销,2026-07,,8343.04,926.03,退换订单,PC 经营采购,顾客1169,顾客1169,1**********,1**********
微星,显示器,快手,撤销,2026-08,,11074.64,2576.86,采购订单,PC 经营采购,顾客1170,顾客1170,1**********,1**********
联想（Lenovo）,显示器,淘宝,已成交,2026-04,6067.98,7712.06,7712.06,退换订单,PC 经营采购,顾客1171,顾客1171,1**********,1**********
联想（Lenovo）,台式整机,快手,待发布,2026-03,,7679.23,547.91,销售订单,PC 经营采购,顾客1172,顾客1172,1**********,1**********
联想（Lenovo）,笔记本电脑,淘宝,已成交,2026-04,6992.07,6899.63,6899.63,销售订单,PC 经营采购,顾客1173,顾客1173,1**********,1**********
ThinkPad,台式整机,拼多多,已成交,2026-02,6377.48,6825.72,6825.72,采购订单,PC 经营采购,顾客1174,顾客1174,1**********,1**********
机械革命,电脑配件,淘宝,已成交,2026-07,8215.56,9975.49,9975.49,销售订单,PC 经营采购,顾客1175,顾客1175,1**********,1**********
七彩虹,笔记本电脑,快手,报价中,2026-06,,8258.35,322.67,销售订单,PC 经营采购,顾客1176,顾客1176,1**********,1**********
微星,台式整机,淘宝,撤销,2026-01,,9732.72,2301.93,采购订单,PC 经营采购,顾客1177,顾客1177,1**********,1**********
微星,电脑配件,拼多多,已成交,2026-07,10532.74,10835.31,10835.31,销售订单,PC 经营采购,顾客1178,顾客1178,1**********,1**********
微星,电脑配件,淘宝,撤销,2026-02,,11047.52,441.63,退换订单,PC 经营采购,顾客1179,顾客1179,1**********,1**********
宏碁（acer）,显示器,京东,已成交,2026-05,7134.96,6204.81,6204.81,退换订单,PC 经营采购,顾客1180,顾客1180,1**********,1**********
宏碁（acer）,显示器,拼多多,撤销,2026-06,,7076.38,734.33,销售订单,PC 经营采购,顾客1181,顾客1181,1**********,1**********
宏碁（acer）,游戏本,抖音,已成交,2026-07,6778.23,6430.62,6430.62,退换订单,PC 经营采购,顾客1182,顾客1182,1**********,1**********
联想（Lenovo）,台式整机,拼多多,新建采购,2026-04,,6978.88,1387.52,退换订单,PC 经营采购,顾客1183,顾客1183,1**********,1**********
七彩虹,电脑配件,天猫,已成交,2026-04,8225.72,8855.11,8855.11,销售订单,PC 经营采购,顾客1184,顾客1184,1**********,1**********
惠普(HP),笔记本电脑,拼多多,已成交,2026-01,7614.55,6570.2,6570.2,销售订单,PC 经营采购,顾客1185,顾客1185,1**********,1**********
华硕（ASUS）,显示器,京东,已成交,2026-04,8076.15,8212.97,8212.97,退换订单,PC 经营采购,顾客1186,顾客1186,1**********,1**********
惠普(HP),笔记本电脑,拼多多,已成交,2026-03,7119.11,7028.08,7028.08,退换订单,PC 经营采购,顾客1187,顾客1187,1**********,1**********
宏碁（acer）,游戏本,拼多多,已成交,2026-01,6997.78,6850.08,6850.08,退换订单,PC 经营采购,顾客1188,顾客1188,1**********,1**********
机械革命,台式整机,抖音,已成交,2026-07,9426.85,10136.37,10136.37,销售订单,PC 经营采购,顾客1189,顾客1189,1**********,1**********
ThinkPad,轻薄本,天猫,已成交,2026-02,7322.52,8442.88,8442.88,采购订单,PC 经营采购,顾客1190,顾客1190,1**********,1**********
微星,台式整机,淘宝,撤销,2026-07,,9906.04,1731.73,退换订单,PC 经营采购,顾客1191,顾客1191,1**********,1**********
联想（Lenovo）,显示器,天猫,已成交,2026-02,6285.66,6747.51,6747.51,销售订单,PC 经营采购,顾客1192,顾客1192,1**********,1**********
七彩虹,电脑配件,拼多多,报价中,2026-02,,9240.7,1211.26,销售订单,PC 经营采购,顾客1193,顾客1193,1**********,1**********
宏碁（acer）,一体机,淘宝,已成交,2026-02,6184.63,6126.78,6126.78,采购订单,PC 经营采购,顾客1194,顾客1194,1**********,1**********
惠普(HP),轻薄本,京东,已成交,2026-08,7922.53,7280.58,7280.58,销售订单,PC 经营采购,顾客1195,顾客1195,1**********,1**********
惠普(HP),笔记本电脑,快手,已成交,2026-02,8735.65,8386.85,8386.85,采购订单,PC 经营采购,顾客1196,顾客1196,1**********,1**********
华硕（ASUS）,台式整机,抖音,已成交,2026-02,7767.01,8321.0,8321.0,采购订单,PC 经营采购,顾客1197,顾客1197,1**********,1**********
华硕（ASUS）,笔记本电脑,拼多多,已成交,2026-05,7740.54,9974.46,9974.46,销售订单,PC 经营采购,顾客1198,顾客1198,1**********,1**********
微星,笔记本电脑,天猫,已成交,2026-01,9725.8,10585.06,10585.06,退换订单,PC 经营采购,顾客1199,顾客1199,1**********,1**********
微星,一体机,抖音,撤销,2026-03,,9175.1,1591.18,销售订单,PC 经营采购,顾客1200,顾客1200,1**********,1**********
华硕（ASUS）,轻薄本,京东,已成交,2026-04,9431.54,9260.36,9260.36,销售订单,PC 经营采购,顾客1201,顾客1201,1**********,1**********
惠普(HP),台式整机,快手,报价中,2026-01,,6504.36,1463.61,退换订单,PC 经营采购,顾客1202,顾客1202,1**********,1**********
华硕（ASUS）,游戏本,快手,新建采购,2026-01,,9546.63,2239.54,采购订单,PC 经营采购,顾客1203,顾客1203,1**********,1**********
机械革命,轻薄本,京东,新建采购,2026-06,,9528.13,188.71,退换订单,PC 经营采购,顾客1204,顾客1204,1**********,1**********
宏碁（acer）,一体机,电商通,新建采购,2026-05,,6466.94,1483.38,退换订单,PC 经营采购,顾客1205,顾客1205,1**********,1**********
惠普(HP),轻薄本,京东,报价中,2026-04,,7107.6,35.76,退换订单,PC 经营采购,顾客1206,顾客1206,1**********,1**********
华硕（ASUS）,台式整机,快手,撤销,2026-04,,7292.64,947.13,采购订单,PC 经营采购,顾客1207,顾客1207,1**********,1**********
惠普(HP),台式整机,拼多多,报价中,2026-04,,8652.49,1066.07,销售订单,PC 经营采购,顾客1208,顾客1208,1**********,1**********
雷神,轻薄本,抖音,已成交,2026-01,9629.09,7147.36,7147.36,销售订单,PC 经营采购,顾客1209,顾客1209,1**********,1**********
微星,电脑配件,京东,撤销,2026-01,,10971.71,3084.85,采购订单,PC 经营采购,顾客1210,顾客1210,1**********,1**********
惠普(HP),游戏本,抖音,撤销,2026-01,,7688.01,2147.22,销售订单,PC 经营采购,顾客1211,顾客1211,1**********,1**********
惠普(HP),游戏本,快手,撤销,2026-01,,6633.79,624.89,销售订单,PC 经营采购,顾客1212,顾客1212,1**********,1**********
机械革命,笔记本电脑,拼多多,撤销,2026-08,,9064.59,1501.09,采购订单,PC 经营采购,顾客1213,顾客1213,1**********,1**********
惠普(HP),电脑配件,电商通,待发布,2026-04,,7033.18,1332.55,退换订单,PC 经营采购,顾客1214,顾客1214,1**********,1**********
机械革命,轻薄本,拼多多,已成交,2026-07,9762.33,9600.75,9600.75,退换订单,PC 经营采购,顾客1215,顾客1215,1**********,1**********
华硕（ASUS）,游戏本,抖音,已成交,2026-03,9315.56,9687.36,9687.36,采购订单,PC 经营采购,顾客1216,顾客1216,1**********,1**********
ThinkPad,显示器,京东,报价中,2026-05,,7494.8,727.06,销售订单,PC 经营采购,顾客1217,顾客1217,1**********,1**********
宏碁（acer）,轻薄本,京东,已成交,2026-07,7022.57,6437.8,6437.8,退换订单,PC 经营采购,顾客1218,顾客1218,1**********,1**********
华硕（ASUS）,台式整机,拼多多,已成交,2026-01,9817.8,7884.93,7884.93,销售订单,PC 经营采购,顾客1219,顾客1219,1**********,1**********
机械革命,台式整机,抖音,已成交,2026-01,9506.48,11213.94,11213.94,销售订单,PC 经营采购,顾客1220,顾客1220,1**********,1**********
华硕（ASUS）,轻薄本,抖音,新建采购,2026-08,,8230.18,1561.72,销售订单,PC 经营采购,顾客1221,顾客1221,1**********,1**********
惠普(HP),电脑配件,天猫,已成交,2026-06,7550.23,7290.95,7290.95,销售订单,PC 经营采购,顾客1222,顾客1222,1**********,1**********
雷神,一体机,京东,已成交,2026-04,9046.75,7461.69,7461.69,退换订单,PC 经营采购,顾客1223,顾客1223,1**********,1**********
惠普(HP),游戏本,淘宝,报价中,2026-02,,8999.08,2069.21,采购订单,PC 经营采购,顾客1224,顾客1224,1**********,1**********
华硕（ASUS）,游戏本,拼多多,撤销,2026-03,,7878.0,2273.71,退换订单,PC 经营采购,顾客1225,顾客1225,1**********,1**********
ThinkPad,游戏本,淘宝,撤销,2026-04,,6863.37,599.76,销售订单,PC 经营采购,顾客1226,顾客1226,1**********,1**********
雷神,轻薄本,快手,报价中,2026-06,,9567.38,1695.58,采购订单,PC 经营采购,顾客1227,顾客1227,1**********,1**********
惠普(HP),轻薄本,拼多多,待发布,2026-08,,8200.49,1021.5,退换订单,PC 经营采购,顾客1228,顾客1228,1**********,1**********
惠普(HP),笔记本电脑,京东,报价中,2026-04,,8228.16,1227.3,退换订单,PC 经营采购,顾客1229,顾客1229,1**********,1**********
ThinkPad,轻薄本,拼多多,报价中,2026-01,,7787.38,1077.93,退换订单,PC 经营采购,顾客1230,顾客1230,1**********,1**********
华硕（ASUS）,游戏本,天猫,已成交,2026-04,9199.77,8857.43,8857.43,采购订单,PC 经营采购,顾客1231,顾客1231,1**********,1**********
华硕（ASUS）,台式整机,快手,撤销,2026-06,,8379.66,2302.56,退换订单,PC 经营采购,顾客1232,顾客1232,1**********,1**********
雷神,电脑配件,电商通,已成交,2026-06,8000.59,7861.28,7861.28,退换订单,PC 经营采购,顾客1233,顾客1233,1**********,1**********
微星,显示器,天猫,撤销,2026-02,,10270.8,2551.42,采购订单,PC 经营采购,顾客1234,顾客1234,1**********,1**********
雷神,电脑配件,淘宝,新建采购,2026-05,,8870.94,1879.79,销售订单,PC 经营采购,顾客1235,顾客1235,1**********,1**********
联想（Lenovo）,笔记本电脑,京东,已成交,2026-08,6254.08,7083.54,7083.54,销售订单,PC 经营采购,顾客1236,顾客1236,1**********,1**********
惠普(HP),台式整机,淘宝,报价中,2026-07,,8923.26,268.24,采购订单,PC 经营采购,顾客1237,顾客1237,1**********,1**********
联想（Lenovo）,笔记本电脑,抖音,待发布,2026-07,,5660.25,356.81,销售订单,PC 经营采购,顾客1238,顾客1238,1**********,1**********
宏碁（acer）,笔记本电脑,抖音,已成交,2026-02,7241.72,7471.54,7471.54,退换订单,PC 经营采购,顾客1239,顾客1239,1**********,1**********
机械革命,轻薄本,淘宝,新建采购,2026-04,,10352.6,1729.42,销售订单,PC 经营采购,顾客1240,顾客1240,1**********,1**********
七彩虹,笔记本电脑,抖音,已成交,2026-04,7554.9,6925.94,6925.94,采购订单,PC 经营采购,顾客1241,顾客1241,1**********,1**********
联想（Lenovo）,显示器,电商通,已成交,2026-07,6902.85,6248.77,6248.77,退换订单,PC 经营采购,顾客1242,顾客1242,1**********,1**********
华硕（ASUS）,游戏本,拼多多,待发布,2026-01,,9865.96,2760.41,销售订单,PC 经营采购,顾客1243,顾客1243,1**********,1**********
七彩虹,一体机,拼多多,已成交,2026-08,9294.97,7918.2,7918.2,采购订单,PC 经营采购,顾客1244,顾客1244,1**********,1**********
华硕（ASUS）,显示器,拼多多,撤销,2026-03,,8480.05,103.32,销售订单,PC 经营采购,顾客1245,顾客1245,1**********,1**********
惠普(HP),游戏本,抖音,撤销,2026-05,,7985.16,1142.04,销售订单,PC 经营采购,顾客1246,顾客1246,1**********,1**********
雷神,显示器,淘宝,已成交,2026-03,8156.65,9544.5,9544.5,采购订单,PC 经营采购,顾客1247,顾客1247,1**********,1**********
华硕（ASUS）,笔记本电脑,拼多多,撤销,2026-08,,8453.05,1661.25,采购订单,PC 经营采购,顾客1248,顾客1248,1**********,1**********
机械革命,台式整机,拼多多,已成交,2026-08,10675.59,8880.29,8880.29,销售订单,PC 经营采购,顾客1249,顾客1249,1**********,1**********
宏碁（acer）,轻薄本,快手,已成交,2026-08,6916.94,8059.66,8059.66,销售订单,PC 经营采购,顾客1250,顾客1250,1**********,1**********
七彩虹,电脑配件,抖音,已成交,2026-08,9272.61,8227.04,8227.04,销售订单,PC 经营采购,顾客1251,顾客1251,1**********,1**********
宏碁（acer）,笔记本电脑,拼多多,已成交,2026-03,8122.58,5940.96,5940.96,采购订单,PC 经营采购,顾客1252,顾客1252,1**********,1**********
微星,笔记本电脑,抖音,已成交,2026-04,10484.23,9069.46,9069.46,采购订单,PC 经营采购,顾客1253,顾客1253,1**********,1**********
宏碁（acer）,游戏本,拼多多,已成交,2026-05,6910.11,8086.87,8086.87,采购订单,PC 经营采购,顾客1254,顾客1254,1**********,1**********
ThinkPad,一体机,抖音,已成交,2026-04,8210.18,7438.37,7438.37,采购订单,PC 经营采购,顾客1255,顾客1255,1**********,1**********
联想（Lenovo）,电脑配件,天猫,已成交,2026-06,5860.83,6119.13,6119.13,销售订单,PC 经营采购,顾客1256,顾客1256,1**********,1**********
七彩虹,一体机,拼多多,报价中,2026-04,,7503.55,2181.84,销售订单,PC 经营采购,顾客1257,顾客1257,1**********,1**********
ThinkPad,显示器,拼多多,已成交,2026-02,7725.43,7235.0,7235.0,退换订单,PC 经营采购,顾客1258,顾客1258,1**********,1**********
ThinkPad,台式整机,快手,撤销,2026-01,,8294.5,1900.52,退换订单,PC 经营采购,顾客1259,顾客1259,1**********,1**********
华硕（ASUS）,轻薄本,拼多多,已成交,2026-06,7818.66,7536.9,7536.9,销售订单,PC 经营采购,顾客1260,顾客1260,1**********,1**********
惠普(HP),一体机,淘宝,已成交,2026-02,8773.75,8936.78,8936.78,销售订单,PC 经营采购,顾客1261,顾客1261,1**********,1**********
联想（Lenovo）,笔记本电脑,拼多多,报价中,2026-04,,7463.49,1357.77,采购订单,PC 经营采购,顾客1262,顾客1262,1**********,1**********
雷神,轻薄本,拼多多,已成交,2026-08,7954.21,9164.54,9164.54,退换订单,PC 经营采购,顾客1263,顾客1263,1**********,1**********
联想（Lenovo）,电脑配件,天猫,已成交,2026-02,6183.68,6806.34,6806.34,退换订单,PC 经营采购,顾客1264,顾客1264,1**********,1**********
华硕（ASUS）,显示器,京东,已成交,2026-05,8166.71,8362.7,8362.7,采购订单,PC 经营采购,顾客1265,顾客1265,1**********,1**********
惠普(HP),电脑配件,天猫,待发布,2026-04,,8176.32,1214.1,退换订单,PC 经营采购,顾客1266,顾客1266,1**********,1**********
雷神,笔记本电脑,拼多多,已成交,2026-01,8791.85,9255.82,9255.82,采购订单,PC 经营采购,顾客1267,顾客1267,1**********,1**********
华硕（ASUS）,轻薄本,天猫,已成交,2026-01,8375.47,9449.92,9449.92,采购订单,PC 经营采购,顾客1268,顾客1268,1**********,1**********
雷神,笔记本电脑,拼多多,已成交,2026-03,8875.49,8589.39,8589.39,退换订单,PC 经营采购,顾客1269,顾客1269,1**********,1**********
雷神,笔记本电脑,天猫,已成交,2026-05,7525.21,9327.26,9327.26,采购订单,PC 经营采购,顾客1270,顾客1270,1**********,1**********
雷神,显示器,抖音,已成交,2026-03,9389.5,8945.02,8945.02,销售订单,PC 经营采购,顾客1271,顾客1271,1**********,1**********
惠普(HP),轻薄本,拼多多,已成交,2026-02,7160.61,8902.91,8902.91,退换订单,PC 经营采购,顾客1272,顾客1272,1**********,1**********
机械革命,轻薄本,淘宝,已成交,2026-06,10337.67,9480.42,9480.42,销售订单,PC 经营采购,顾客1273,顾客1273,1**********,1**********
惠普(HP),笔记本电脑,电商通,已成交,2026-06,7615.97,6742.53,6742.53,采购订单,PC 经营采购,顾客1274,顾客1274,1**********,1**********
机械革命,轻薄本,拼多多,撤销,2026-08,,10609.71,2461.84,销售订单,PC 经营采购,顾客1275,顾客1275,1**********,1**********
宏碁（acer）,电脑配件,快手,报价中,2026-06,,7946.44,2038.67,销售订单,PC 经营采购,顾客1276,顾客1276,1**********,1**********
宏碁（acer）,电脑配件,淘宝,新建采购,2026-06,,6208.25,299.83,采购订单,PC 经营采购,顾客1277,顾客1277,1**********,1**********
华硕（ASUS）,笔记本电脑,淘宝,已成交,2026-03,9090.33,9420.65,9420.65,退换订单,PC 经营采购,顾客1278,顾客1278,1**********,1**********
七彩虹,台式整机,拼多多,已成交,2026-06,9265.37,8314.01,8314.01,退换订单,PC 经营采购,顾客1279,顾客1279,1**********,1**********
惠普(HP),游戏本,抖音,已成交,2026-08,7616.31,7799.84,7799.84,退换订单,PC 经营采购,顾客1280,顾客1280,1**********,1**********
宏碁（acer）,显示器,拼多多,已成交,2026-08,7780.78,6206.73,6206.73,采购订单,PC 经营采购,顾客1281,顾客1281,1**********,1**********
宏碁（acer）,轻薄本,抖音,已成交,2026-07,6445.22,6848.55,6848.55,退换订单,PC 经营采购,顾客1282,顾客1282,1**********,1**********
宏碁（acer）,一体机,拼多多,已成交,2026-08,6591.13,7766.53,7766.53,销售订单,PC 经营采购,顾客1283,顾客1283,1**********,1**********
宏碁（acer）,台式整机,京东,待发布,2026-02,,7789.97,1619.02,退换订单,PC 经营采购,顾客1284,顾客1284,1**********,1**********
联想（Lenovo）,台式整机,拼多多,已成交,2026-05,7660.16,6505.32,6505.32,采购订单,PC 经营采购,顾客1285,顾客1285,1**********,1**********
联想（Lenovo）,一体机,京东,撤销,2026-01,,5627.34,935.23,采购订单,PC 经营采购,顾客1286,顾客1286,1**********,1**********
微星,电脑配件,淘宝,已成交,2026-08,8453.06,8748.95,8748.95,采购订单,PC 经营采购,顾客1287,顾客1287,1**********,1**********
ThinkPad,台式整机,电商通,撤销,2026-04,,8501.17,2200.8,采购订单,PC 经营采购,顾客1288,顾客1288,1**********,1**********
联想（Lenovo）,台式整机,抖音,已成交,2026-01,6068.19,7649.27,7649.27,退换订单,PC 经营采购,顾客1289,顾客1289,1**********,1**********
ThinkPad,游戏本,快手,待发布,2026-05,,6554.37,977.67,退换订单,PC 经营采购,顾客1290,顾客1290,1**********,1**********
微星,轻薄本,天猫,已成交,2026-07,10740.34,9021.5,9021.5,采购订单,PC 经营采购,顾客1291,顾客1291,1**********,1**********
惠普(HP),笔记本电脑,抖音,撤销,2026-04,,6498.46,266.57,销售订单,PC 经营采购,顾客1292,顾客1292,1**********,1**********
微星,笔记本电脑,京东,已成交,2026-08,10626.02,11189.21,11189.21,退换订单,PC 经营采购,顾客1293,顾客1293,1**********,1**********
宏碁（acer）,台式整机,拼多多,已成交,2026-04,8012.8,6808.03,6808.03,退换订单,PC 经营采购,顾客1294,顾客1294,1**********,1**********
机械革命,台式整机,拼多多,已成交,2026-02,10768.69,11025.12,11025.12,销售订单,PC 经营采购,顾客1295,顾客1295,1**********,1**********
七彩虹,笔记本电脑,快手,报价中,2026-02,,7183.27,227.35,退换订单,PC 经营采购,顾客1296,顾客1296,1**********,1**********
惠普(HP),笔记本电脑,拼多多,已成交,2026-02,7740.55,8054.4,8054.4,退换订单,PC 经营采购,顾客1297,顾客1297,1**********,1**********
宏碁（acer）,显示器,拼多多,撤销,2026-08,,6012.87,1100.15,采购订单,PC 经营采购,顾客1298,顾客1298,1**********,1**********
微星,电脑配件,拼多多,已成交,2026-01,9273.61,8737.2,8737.2,销售订单,PC 经营采购,顾客1299,顾客1299,1**********,1**********
惠普(HP),游戏本,拼多多,已成交,2026-05,6967.62,8076.83,8076.83,销售订单,PC 经营采购,顾客1300,顾客1300,1**********,1**********
机械革命,笔记本电脑,抖音,已成交,2026-03,9225.3,10552.94,10552.94,销售订单,PC 经营采购,顾客1301,顾客1301,1**********,1**********
惠普(HP),游戏本,京东,已成交,2026-01,8339.63,7775.97,7775.97,退换订单,PC 经营采购,顾客1302,顾客1302,1**********,1**********
雷神,轻薄本,抖音,已成交,2026-05,9712.01,10052.96,10052.96,退换订单,PC 经营采购,顾客1303,顾客1303,1**********,1**********
机械革命,台式整机,电商通,已成交,2026-02,10371.99,8328.17,8328.17,退换订单,PC 经营采购,顾客1304,顾客1304,1**********,1**********
雷神,游戏本,拼多多,已成交,2026-03,8052.05,9069.79,9069.79,采购订单,PC 经营采购,顾客1305,顾客1305,1**********,1**********
联想（Lenovo）,游戏本,电商通,新建采购,2026-01,,7868.14,1226.48,销售订单,PC 经营采购,顾客1306,顾客1306,1**********,1**********
雷神,显示器,淘宝,报价中,2026-02,,7810.03,2033.3,销售订单,PC 经营采购,顾客1307,顾客1307,1**********,1**********
惠普(HP),台式整机,抖音,已成交,2026-03,8819.51,6479.07,6479.07,采购订单,PC 经营采购,顾客1308,顾客1308,1**********,1**********
机械革命,轻薄本,京东,已成交,2026-08,10607.52,10978.7,10978.7,退换订单,PC 经营采购,顾客1309,顾客1309,1**********,1**********
华硕（ASUS）,电脑配件,抖音,撤销,2026-06,,10038.74,1832.8,采购订单,PC 经营采购,顾客1310,顾客1310,1**********,1**********
惠普(HP),游戏本,淘宝,撤销,2026-08,,7059.9,31.27,退换订单,PC 经营采购,顾客1311,顾客1311,1**********,1**********
微星,显示器,京东,报价中,2026-08,,10798.52,254.63,销售订单,PC 经营采购,顾客1312,顾客1312,1**********,1**********
华硕（ASUS）,台式整机,淘宝,撤销,2026-06,,7962.6,1905.34,退换订单,PC 经营采购,顾客1313,顾客1313,1**********,1**********
联想（Lenovo）,轻薄本,拼多多,报价中,2026-02,,6252.81,126.96,采购订单,PC 经营采购,顾客1314,顾客1314,1**********,1**********
雷神,笔记本电脑,拼多多,已成交,2026-06,7489.61,8553.88,8553.88,采购订单,PC 经营采购,顾客1315,顾客1315,1**********,1**********
联想（Lenovo）,游戏本,淘宝,已成交,2026-06,7487.91,6941.66,6941.66,退换订单,PC 经营采购,顾客1316,顾客1316,1**********,1**********
宏碁（acer）,笔记本电脑,淘宝,报价中,2026-04,,6105.43,1220.63,销售订单,PC 经营采购,顾客1317,顾客1317,1**********,1**********
七彩虹,台式整机,快手,报价中,2026-07,,9039.88,1219.75,采购订单,PC 经营采购,顾客1318,顾客1318,1**********,1**********
雷神,游戏本,抖音,待发布,2026-01,,7718.57,107.5,采购订单,PC 经营采购,顾客1319,顾客1319,1**********,1**********
宏碁（acer）,一体机,京东,已成交,2026-06,6403.57,7616.63,7616.63,退换订单,PC 经营采购,顾客1320,顾客1320,1**********,1**********
联想（Lenovo）,显示器,快手,撤销,2026-06,,6079.62,1540.82,销售订单,PC 经营采购,顾客1321,顾客1321,1**********,1**********
微星,台式整机,京东,报价中,2026-06,,11110.88,570.31,采购订单,PC 经营采购,顾客1322,顾客1322,1**********,1**********
七彩虹,游戏本,电商通,已成交,2026-01,7541.58,9252.14,9252.14,采购订单,PC 经营采购,顾客1323,顾客1323,1**********,1**********
机械革命,笔记本电脑,淘宝,已成交,2026-03,8523.33,11175.9,11175.9,退换订单,PC 经营采购,顾客1324,顾客1324,1**********,1**********
联想（Lenovo）,笔记本电脑,快手,已成交,2026-06,6742.15,6787.43,6787.43,采购订单,PC 经营采购,顾客1325,顾客1325,1**********,1**********
惠普(HP),轻薄本,拼多多,已成交,2026-01,7565.52,8299.23,8299.23,销售订单,PC 经营采购,顾客1326,顾客1326,1**********,1**********
联想（Lenovo）,轻薄本,京东,已成交,2026-06,6834.82,6856.6,6856.6,退换订单,PC 经营采购,顾客1327,顾客1327,1**********,1**********
惠普(HP),笔记本电脑,快手,撤销,2026-02,,7392.73,480.17,采购订单,PC 经营采购,顾客1328,顾客1328,1**********,1**********
ThinkPad,笔记本电脑,淘宝,已成交,2026-05,7828.84,6222.39,6222.39,采购订单,PC 经营采购,顾客1329,顾客1329,1**********,1**********
机械革命,显示器,拼多多,已成交,2026-07,8902.73,7903.07,7903.07,退换订单,PC 经营采购,顾客1330,顾客1330,1**********,1**********
雷神,显示器,天猫,已成交,2026-04,9813.13,9935.2,9935.2,退换订单,PC 经营采购,顾客1331,顾客1331,1**********,1**********
ThinkPad,轻薄本,抖音,报价中,2026-05,,6259.47,1667.43,销售订单,PC 经营采购,顾客1332,顾客1332,1**********,1**********
联想（Lenovo）,台式整机,拼多多,已成交,2026-07,7266.77,5619.68,5619.68,采购订单,PC 经营采购,顾客1333,顾客1333,1**********,1**********
微星,电脑配件,拼多多,撤销,2026-07,,9890.61,223.68,退换订单,PC 经营采购,顾客1334,顾客1334,1**********,1**********
雷神,台式整机,抖音,已成交,2026-05,8834.32,7843.49,7843.49,退换订单,PC 经营采购,顾客1335,顾客1335,1**********,1**********
惠普(HP),电脑配件,淘宝,已成交,2026-06,8948.24,7879.99,7879.99,退换订单,PC 经营采购,顾客1336,顾客1336,1**********,1**********
雷神,一体机,淘宝,已成交,2026-05,9567.23,7654.08,7654.08,销售订单,PC 经营采购,顾客1337,顾客1337,1**********,1**********
雷神,电脑配件,天猫,报价中,2026-03,,9287.63,2755.57,采购订单,PC 经营采购,顾客1338,顾客1338,1**********,1**********
机械革命,台式整机,天猫,已成交,2026-03,8424.4,9369.78,9369.78,采购订单,PC 经营采购,顾客1339,顾客1339,1**********,1**********
宏碁（acer）,电脑配件,淘宝,已成交,2026-05,6902.01,8438.73,8438.73,销售订单,PC 经营采购,顾客1340,顾客1340,1**********,1**********
惠普(HP),电脑配件,淘宝,已成交,2026-01,8807.33,8899.24,8899.24,销售订单,PC 经营采购,顾客1341,顾客1341,1**********,1**********
惠普(HP),笔记本电脑,淘宝,已成交,2026-05,8929.44,9165.79,9165.79,退换订单,PC 经营采购,顾客1342,顾客1342,1**********,1**********
雷神,轻薄本,拼多多,已成交,2026-05,8802.88,9617.55,9617.55,退换订单,PC 经营采购,顾客1343,顾客1343,1**********,1**********
微星,台式整机,天猫,已成交,2026-02,10629.62,9965.06,9965.06,退换订单,PC 经营采购,顾客1344,顾客1344,1**********,1**********
机械革命,游戏本,快手,撤销,2026-02,,9540.97,1372.48,销售订单,PC 经营采购,顾客1345,顾客1345,1**********,1**********
惠普(HP),游戏本,拼多多,新建采购,2026-08,,7140.45,185.66,退换订单,PC 经营采购,顾客1346,顾客1346,1**********,1**********
机械革命,游戏本,拼多多,新建采购,2026-01,,10487.52,259.78,采购订单,PC 经营采购,顾客1347,顾客1347,1**********,1**********
机械革命,游戏本,淘宝,报价中,2026-04,,9191.31,2628.03,销售订单,PC 经营采购,顾客1348,顾客1348,1**********,1**********
ThinkPad,轻薄本,京东,已成交,2026-04,6786.44,6180.72,6180.72,采购订单,PC 经营采购,顾客1349,顾客1349,1**********,1**********
七彩虹,台式整机,淘宝,已成交,2026-02,7855.71,7769.66,7769.66,退换订单,PC 经营采购,顾客1350,顾客1350,1**********,1**********
机械革命,电脑配件,电商通,新建采购,2026-07,,10639.89,1807.73,采购订单,PC 经营采购,顾客1351,顾客1351,1**********,1**********
机械革命,显示器,天猫,报价中,2026-01,,8864.79,1741.86,采购订单,PC 经营采购,顾客1352,顾客1352,1**********,1**********
七彩虹,游戏本,抖音,已成交,2026-02,7308.41,7243.55,7243.55,采购订单,PC 经营采购,顾客1353,顾客1353,1**********,1**********
机械革命,游戏本,抖音,已成交,2026-06,9775.58,10192.76,10192.76,采购订单,PC 经营采购,顾客1354,顾客1354,1**********,1**********
机械革命,轻薄本,快手,报价中,2026-06,,10479.44,98.38,退换订单,PC 经营采购,顾客1355,顾客1355,1**********,1**********
惠普(HP),游戏本,抖音,新建采购,2026-03,,7993.43,1875.11,退换订单,PC 经营采购,顾客1356,顾客1356,1**********,1**********
ThinkPad,轻薄本,抖音,待发布,2026-06,,7624.71,1347.27,退换订单,PC 经营采购,顾客1357,顾客1357,1**********,1**********
华硕（ASUS）,台式整机,淘宝,待发布,2026-06,,9980.16,289.88,退换订单,PC 经营采购,顾客1358,顾客1358,1**********,1**********
惠普(HP),一体机,抖音,待发布,2026-02,,8999.84,2629.9,采购订单,PC 经营采购,顾客1359,顾客1359,1**********,1**********
联想（Lenovo）,轻薄本,电商通,已成交,2026-01,6532.86,6113.06,6113.06,销售订单,PC 经营采购,顾客1360,顾客1360,1**********,1**********
联想（Lenovo）,显示器,抖音,已成交,2026-02,6583.97,5688.04,5688.04,销售订单,PC 经营采购,顾客1361,顾客1361,1**********,1**********
惠普(HP),显示器,京东,待发布,2026-06,,8765.58,980.53,采购订单,PC 经营采购,顾客1362,顾客1362,1**********,1**********
七彩虹,笔记本电脑,快手,已成交,2026-05,8518.65,9128.1,9128.1,采购订单,PC 经营采购,顾客1363,顾客1363,1**********,1**********
华硕（ASUS）,笔记本电脑,抖音,撤销,2026-03,,8257.74,2399.98,退换订单,PC 经营采购,顾客1364,顾客1364,1**********,1**********
华硕（ASUS）,台式整机,抖音,待发布,2026-03,,7384.28,462.83,销售订单,PC 经营采购,顾客1365,顾客1365,1**********,1**********
机械革命,台式整机,拼多多,撤销,2026-04,,8809.73,969.74,退换订单,PC 经营采购,顾客1366,顾客1366,1**********,1**********
机械革命,台式整机,淘宝,已成交,2026-08,9518.99,9572.19,9572.19,销售订单,PC 经营采购,顾客1367,顾客1367,1**********,1**********
机械革命,台式整机,淘宝,已成交,2026-08,8107.51,9662.52,9662.52,销售订单,PC 经营采购,顾客1368,顾客1368,1**********,1**********
微星,游戏本,抖音,已成交,2026-03,9962.24,8572.1,8572.1,退换订单,PC 经营采购,顾客1369,顾客1369,1**********,1**********
联想（Lenovo）,轻薄本,抖音,报价中,2026-01,,5620.7,999.29,退换订单,PC 经营采购,顾客1370,顾客1370,1**********,1**********
惠普(HP),游戏本,电商通,已成交,2026-07,8542.37,8290.04,8290.04,退换订单,PC 经营采购,顾客1371,顾客1371,1**********,1**********
微星,台式整机,拼多多,已成交,2026-03,10325.99,7936.6,7936.6,采购订单,PC 经营采购,顾客1372,顾客1372,1**********,1**********
机械革命,台式整机,拼多多,撤销,2026-06,,10918.13,1113.19,退换订单,PC 经营采购,顾客1373,顾客1373,1**********,1**********
联想（Lenovo）,笔记本电脑,抖音,已成交,2026-02,7681.86,5804.34,5804.34,采购订单,PC 经营采购,顾客1374,顾客1374,1**********,1**********
华硕（ASUS）,显示器,京东,已成交,2026-07,7492.38,8451.53,8451.53,退换订单,PC 经营采购,顾客1375,顾客1375,1**********,1**********
机械革命,台式整机,淘宝,已成交,2026-02,8502.18,9547.62,9547.62,销售订单,PC 经营采购,顾客1376,顾客1376,1**********,1**********
机械革命,一体机,拼多多,撤销,2026-04,,10597.84,2906.78,退换订单,PC 经营采购,顾客1377,顾客1377,1**********,1**********
雷神,笔记本电脑,拼多多,已成交,2026-06,8743.14,8747.89,8747.89,销售订单,PC 经营采购,顾客1378,顾客1378,1**********,1**********
七彩虹,笔记本电脑,抖音,已成交,2026-08,9079.55,7417.92,7417.92,销售订单,PC 经营采购,顾客1379,顾客1379,1**********,1**********
ThinkPad,轻薄本,快手,已成交,2026-01,8169.84,7355.76,7355.76,销售订单,PC 经营采购,顾客1380,顾客1380,1**********,1**********
ThinkPad,游戏本,拼多多,已成交,2026-05,7220.32,7591.12,7591.12,销售订单,PC 经营采购,顾客1381,顾客1381,1**********,1**********
惠普(HP),一体机,天猫,已成交,2026-01,8637.73,9146.81,9146.81,采购订单,PC 经营采购,顾客1382,顾客1382,1**********,1**********
联想（Lenovo）,显示器,拼多多,报价中,2026-08,,5796.65,574.04,销售订单,PC 经营采购,顾客1383,顾客1383,1**********,1**********
七彩虹,电脑配件,抖音,已成交,2026-03,8962.12,7676.65,7676.65,退换订单,PC 经营采购,顾客1384,顾客1384,1**********,1**********
惠普(HP),笔记本电脑,淘宝,报价中,2026-01,,8887.13,2036.99,销售订单,PC 经营采购,顾客1385,顾客1385,1**********,1**********
联想（Lenovo）,台式整机,抖音,撤销,2026-05,,7813.7,1072.16,销售订单,PC 经营采购,顾客1386,顾客1386,1**********,1**********
七彩虹,一体机,淘宝,已成交,2026-03,8077.62,7546.74,7546.74,退换订单,PC 经营采购,顾客1387,顾客1387,1**********,1**********
七彩虹,笔记本电脑,拼多多,新建采购,2026-03,,8809.29,851.44,销售订单,PC 经营采购,顾客1388,顾客1388,1**********,1**********
七彩虹,轻薄本,京东,已成交,2026-05,8923.28,8110.45,8110.45,退换订单,PC 经营采购,顾客1389,顾客1389,1**********,1**********
微星,游戏本,京东,已成交,2026-05,8862.63,11020.25,11020.25,销售订单,PC 经营采购,顾客1390,顾客1390,1**********,1**********
华硕（ASUS）,台式整机,拼多多,已成交,2026-02,7743.39,9430.19,9430.19,销售订单,PC 经营采购,顾客1391,顾客1391,1**********,1**********
联想（Lenovo）,轻薄本,淘宝,已成交,2026-07,6899.48,7812.42,7812.42,退换订单,PC 经营采购,顾客1392,顾客1392,1**********,1**********
华硕（ASUS）,游戏本,快手,撤销,2026-05,,8029.26,764.33,采购订单,PC 经营采购,顾客1393,顾客1393,1**********,1**********
惠普(HP),笔记本电脑,拼多多,撤销,2026-06,,7598.05,1708.67,销售订单,PC 经营采购,顾客1394,顾客1394,1**********,1**********
ThinkPad,一体机,拼多多,已成交,2026-07,6687.24,6207.25,6207.25,采购订单,PC 经营采购,顾客1395,顾客1395,1**********,1**********
ThinkPad,一体机,天猫,已成交,2026-01,6844.64,7353.64,7353.64,采购订单,PC 经营采购,顾客1396,顾客1396,1**********,1**********
华硕（ASUS）,台式整机,拼多多,新建采购,2026-04,,7986.39,1315.89,销售订单,PC 经营采购,顾客1397,顾客1397,1**********,1**********
联想（Lenovo）,一体机,电商通,报价中,2026-07,,6373.95,108.99,销售订单,PC 经营采购,顾客1398,顾客1398,1**********,1**********
机械革命,一体机,快手,撤销,2026-05,,8308.09,2194.63,采购订单,PC 经营采购,顾客1399,顾客1399,1**********,1**********
七彩虹,轻薄本,拼多多,撤销,2026-06,,6961.53,1163.73,销售订单,PC 经营采购,顾客1400,顾客1400,1**********,1**********
华硕（ASUS）,笔记本电脑,淘宝,待发布,2026-07,,8638.77,2121.17,采购订单,PC 经营采购,顾客1401,顾客1401,1**********,1**********
雷神,一体机,天猫,已成交,2026-02,9042.81,9424.2,9424.2,退换订单,PC 经营采购,顾客1402,顾客1402,1**********,1**********
机械革命,显示器,抖音,报价中,2026-01,,7956.5,1911.91,销售订单,PC 经营采购,顾客1403,顾客1403,1**********,1**********
七彩虹,笔记本电脑,淘宝,撤销,2026-08,,8502.67,987.41,退换订单,PC 经营采购,顾客1404,顾客1404,1**********,1**********
微星,笔记本电脑,电商通,已成交,2026-01,10901.38,8205.16,8205.16,销售订单,PC 经营采购,顾客1405,顾客1405,1**********,1**********
七彩虹,一体机,拼多多,报价中,2026-08,,7518.88,179.25,销售订单,PC 经营采购,顾客1406,顾客1406,1**********,1**********
微星,台式整机,抖音,已成交,2026-01,8793.59,9962.97,9962.97,销售订单,PC 经营采购,顾客1407,顾客1407,1**********,1**********
宏碁（acer）,一体机,拼多多,已成交,2026-08,7002.02,8121.77,8121.77,销售订单,PC 经营采购,顾客1408,顾客1408,1**********,1**********
七彩虹,台式整机,京东,新建采购,2026-05,,9542.06,1309.55,销售订单,PC 经营采购,顾客1409,顾客1409,1**********,1**********
七彩虹,电脑配件,京东,已成交,2026-08,8288.31,9488.62,9488.62,退换订单,PC 经营采购,顾客1410,顾客1410,1**********,1**********
ThinkPad,游戏本,天猫,已成交,2026-08,8163.32,8363.05,8363.05,销售订单,PC 经营采购,顾客1411,顾客1411,1**********,1**********
ThinkPad,一体机,京东,新建采购,2026-07,,6024.56,940.18,采购订单,PC 经营采购,顾客1412,顾客1412,1**********,1**********
ThinkPad,笔记本电脑,拼多多,已成交,2026-02,6205.08,7241.18,7241.18,退换订单,PC 经营采购,顾客1413,顾客1413,1**********,1**********
华硕（ASUS）,游戏本,天猫,报价中,2026-04,,7882.43,1921.82,销售订单,PC 经营采购,顾客1414,顾客1414,1**********,1**********
微星,轻薄本,抖音,待发布,2026-05,,10924.3,1514.95,退换订单,PC 经营采购,顾客1415,顾客1415,1**********,1**********
七彩虹,轻薄本,天猫,已成交,2026-01,7545.54,6921.71,6921.71,采购订单,PC 经营采购,顾客1416,顾客1416,1**********,1**********
宏碁（acer）,一体机,拼多多,已成交,2026-07,7299.06,6652.45,6652.45,退换订单,PC 经营采购,顾客1417,顾客1417,1**********,1**********
机械革命,轻薄本,淘宝,已成交,2026-02,8566.6,9220.82,9220.82,采购订单,PC 经营采购,顾客1418,顾客1418,1**********,1**********
七彩虹,电脑配件,天猫,撤销,2026-03,,8179.19,1232.05,采购订单,PC 经营采购,顾客1419,顾客1419,1**********,1**********
华硕（ASUS）,电脑配件,抖音,报价中,2026-08,,8616.05,409.28,退换订单,PC 经营采购,顾客1420,顾客1420,1**********,1**********
宏碁（acer）,一体机,京东,撤销,2026-08,,8158.99,699.4,销售订单,PC 经营采购,顾客1421,顾客1421,1**********,1**********
微星,轻薄本,拼多多,已成交,2026-07,10032.18,8137.82,8137.82,退换订单,PC 经营采购,顾客1422,顾客1422,1**********,1**********
惠普(HP),一体机,抖音,撤销,2026-08,,7102.24,43.82,采购订单,PC 经营采购,顾客1423,顾客1423,1**********,1**********
华硕（ASUS）,笔记本电脑,拼多多,新建采购,2026-03,,8477.63,1974.46,销售订单,PC 经营采购,顾客1424,顾客1424,1**********,1**********
联想（Lenovo）,一体机,淘宝,已成交,2026-06,6601.77,6735.68,6735.68,退换订单,PC 经营采购,顾客1425,顾客1425,1**********,1**********
机械革命,笔记本电脑,淘宝,已成交,2026-08,9651.15,10933.4,10933.4,退换订单,PC 经营采购,顾客1426,顾客1426,1**********,1**********
华硕（ASUS）,电脑配件,拼多多,撤销,2026-02,,7867.9,2152.92,销售订单,PC 经营采购,顾客1427,顾客1427,1**********,1**********
微星,电脑配件,天猫,报价中,2026-07,,7843.99,123.55,销售订单,PC 经营采购,顾客1428,顾客1428,1**********,1**********
微星,游戏本,拼多多,撤销,2026-02,,7900.38,8.59,采购订单,PC 经营采购,顾客1429,顾客1429,1**********,1**********
雷神,一体机,淘宝,已成交,2026-01,8718.58,9526.92,9526.92,退换订单,PC 经营采购,顾客1430,顾客1430,1**********,1**********
ThinkPad,台式整机,拼多多,已成交,2026-06,6540.88,8319.11,8319.11,采购订单,PC 经营采购,顾客1431,顾客1431,1**********,1**********
惠普(HP),游戏本,拼多多,待发布,2026-06,,9164.21,812.78,退换订单,PC 经营采购,顾客1432,顾客1432,1**********,1**********
宏碁（acer）,笔记本电脑,拼多多,已成交,2026-05,7247.67,8307.7,8307.7,退换订单,PC 经营采购,顾客1433,顾客1433,1**********,1**********
机械革命,游戏本,拼多多,报价中,2026-07,,10215.19,506.43,销售订单,PC 经营采购,顾客1434,顾客1434,1**********,1**********
惠普(HP),游戏本,电商通,报价中,2026-07,,8939.17,1154.41,采购订单,PC 经营采购,顾客1435,顾客1435,1**********,1**********
ThinkPad,电脑配件,电商通,已成交,2026-08,7605.18,7721.15,7721.15,退换订单,PC 经营采购,顾客1436,顾客1436,1**********,1**********
联想（Lenovo）,台式整机,快手,新建采购,2026-04,,5845.93,222.1,销售订单,PC 经营采购,顾客1437,顾客1437,1**********,1**********
惠普(HP),游戏本,快手,撤销,2026-07,,7895.47,989.37,退换订单,PC 经营采购,顾客1438,顾客1438,1**********,1**********
雷神,笔记本电脑,天猫,已成交,2026-03,8600.39,7638.19,7638.19,退换订单,PC 经营采购,顾客1439,顾客1439,1**********,1**********
雷神,轻薄本,淘宝,已成交,2026-07,7696.68,9622.69,9622.69,采购订单,PC 经营采购,顾客1440,顾客1440,1**********,1**********
微星,笔记本电脑,拼多多,已成交,2026-02,8961.11,9406.62,9406.62,退换订单,PC 经营采购,顾客1441,顾客1441,1**********,1**********
ThinkPad,电脑配件,淘宝,待发布,2026-04,,6981.28,584.56,销售订单,PC 经营采购,顾客1442,顾客1442,1**********,1**********
雷神,电脑配件,电商通,已成交,2026-08,8767.71,9160.24,9160.24,销售订单,PC 经营采购,顾客1443,顾客1443,1**********,1**********
联想（Lenovo）,笔记本电脑,抖音,已成交,2026-03,7346.34,6630.97,6630.97,退换订单,PC 经营采购,顾客1444,顾客1444,1**********,1**********
联想（Lenovo）,一体机,淘宝,已成交,2026-05,6565.85,7579.2,7579.2,采购订单,PC 经营采购,顾客1445,顾客1445,1**********,1**********
ThinkPad,游戏本,快手,报价中,2026-08,,6069.07,120.0,销售订单,PC 经营采购,顾客1446,顾客1446,1**********,1**********
惠普(HP),台式整机,拼多多,待发布,2026-05,,9152.99,1604.23,销售订单,PC 经营采购,顾客1447,顾客1447,1**********,1**********
微星,游戏本,电商通,已成交,2026-06,9249.25,10911.24,10911.24,采购订单,PC 经营采购,顾客1448,顾客1448,1**********,1**********
联想（Lenovo）,台式整机,快手,撤销,2026-02,,5715.9,588.14,采购订单,PC 经营采购,顾客1449,顾客1449,1**********,1**********
华硕（ASUS）,轻薄本,电商通,已成交,2026-02,7840.78,9395.24,9395.24,采购订单,PC 经营采购,顾客1450,顾客1450,1**********,1**********
宏碁（acer）,电脑配件,拼多多,已成交,2026-05,7791.88,7942.65,7942.65,退换订单,PC 经营采购,顾客1451,顾客1451,1**********,1**********
七彩虹,电脑配件,拼多多,撤销,2026-02,,8025.73,2342.08,退换订单,PC 经营采购,顾客1452,顾客1452,1**********,1**********
七彩虹,电脑配件,淘宝,报价中,2026-03,,8004.04,333.55,采购订单,PC 经营采购,顾客1453,顾客1453,1**********,1**********
雷神,笔记本电脑,拼多多,已成交,2026-03,7536.65,7217.27,7217.27,退换订单,PC 经营采购,顾客1454,顾客1454,1**********,1**********
惠普(HP),显示器,电商通,新建采购,2026-06,,7466.53,2138.59,销售订单,PC 经营采购,顾客1455,顾客1455,1**********,1**********
华硕（ASUS）,显示器,抖音,已成交,2026-08,9576.7,9439.09,9439.09,采购订单,PC 经营采购,顾客1456,顾客1456,1**********,1**********
联想（Lenovo）,游戏本,淘宝,已成交,2026-07,5782.62,7199.4,7199.4,采购订单,PC 经营采购,顾客1457,顾客1457,1**********,1**********
雷神,电脑配件,电商通,撤销,2026-07,,8509.91,2147.91,退换订单,PC 经营采购,顾客1458,顾客1458,1**********,1**********
七彩虹,一体机,电商通,待发布,2026-04,,7153.52,1193.57,销售订单,PC 经营采购,顾客1459,顾客1459,1**********,1**********
联想（Lenovo）,电脑配件,京东,已成交,2026-04,6698.32,6521.04,6521.04,退换订单,PC 经营采购,顾客1460,顾客1460,1**********,1**********
宏碁（acer）,一体机,拼多多,已成交,2026-04,7345.32,8227.26,8227.26,采购订单,PC 经营采购,顾客1461,顾客1461,1**********,1**********
雷神,笔记本电脑,淘宝,已成交,2026-06,9233.63,9196.92,9196.92,采购订单,PC 经营采购,顾客1462,顾客1462,1**********,1**********
宏碁（acer）,一体机,拼多多,已成交,2026-06,6311.04,8068.25,8068.25,退换订单,PC 经营采购,顾客1463,顾客1463,1**********,1**********
七彩虹,轻薄本,电商通,已成交,2026-06,7828.8,8105.78,8105.78,退换订单,PC 经营采购,顾客1464,顾客1464,1**********,1**********
宏碁（acer）,台式整机,拼多多,已成交,2026-01,7742.98,7585.46,7585.46,退换订单,PC 经营采购,顾客1465,顾客1465,1**********,1**********
雷神,一体机,京东,撤销,2026-06,,9787.53,205.44,销售订单,PC 经营采购,顾客1466,顾客1466,1**********,1**********
华硕（ASUS）,一体机,京东,撤销,2026-01,,8945.39,464.05,销售订单,PC 经营采购,顾客1467,顾客1467,1**********,1**********
惠普(HP),轻薄本,电商通,报价中,2026-06,,6951.92,280.24,采购订单,PC 经营采购,顾客1468,顾客1468,1**********,1**********
机械革命,轻薄本,拼多多,已成交,2026-08,9356.53,9794.22,9794.22,采购订单,PC 经营采购,顾客1469,顾客1469,1**********,1**********
联想（Lenovo）,一体机,天猫,已成交,2026-06,6918.58,6288.36,6288.36,退换订单,PC 经营采购,顾客1470,顾客1470,1**********,1**********
华硕（ASUS）,一体机,拼多多,新建采购,2026-03,,9768.56,235.22,销售订单,PC 经营采购,顾客1471,顾客1471,1**********,1**********
雷神,笔记本电脑,拼多多,已成交,2026-08,8953.7,9557.3,9557.3,采购订单,PC 经营采购,顾客1472,顾客1472,1**********,1**********
联想（Lenovo）,轻薄本,抖音,已成交,2026-02,7063.94,5554.07,5554.07,销售订单,PC 经营采购,顾客1473,顾客1473,1**********,1**********
惠普(HP),台式整机,电商通,撤销,2026-03,,6966.05,277.54,销售订单,PC 经营采购,顾客1474,顾客1474,1**********,1**********
宏碁（acer）,游戏本,电商通,报价中,2026-04,,6714.58,260.89,销售订单,PC 经营采购,顾客1475,顾客1475,1**********,1**********
七彩虹,笔记本电脑,抖音,报价中,2026-01,,7405.82,125.39,采购订单,PC 经营采购,顾客1476,顾客1476,1**********,1**********
联想（Lenovo）,电脑配件,天猫,已成交,2026-07,7432.81,7462.04,7462.04,销售订单,PC 经营采购,顾客1477,顾客1477,1**********,1**********
ThinkPad,轻薄本,抖音,已成交,2026-05,7339.76,8169.92,8169.92,销售订单,PC 经营采购,顾客1478,顾客1478,1**********,1**********
ThinkPad,台式整机,快手,报价中,2026-07,,8278.21,2115.37,采购订单,PC 经营采购,顾客1479,顾客1479,1**********,1**********
惠普(HP),轻薄本,拼多多,报价中,2026-02,,8629.18,1699.61,退换订单,PC 经营采购,顾客1480,顾客1480,1**********,1**********
七彩虹,显示器,天猫,已成交,2026-04,7321.48,8564.29,8564.29,退换订单,PC 经营采购,顾客1481,顾客1481,1**********,1**********
宏碁（acer）,显示器,拼多多,已成交,2026-03,6675.51,6127.59,6127.59,退换订单,PC 经营采购,顾客1482,顾客1482,1**********,1**********
七彩虹,台式整机,抖音,撤销,2026-02,,8444.1,478.83,采购订单,PC 经营采购,顾客1483,顾客1483,1**********,1**********
华硕（ASUS）,一体机,抖音,已成交,2026-01,7961.43,10064.42,10064.42,采购订单,PC 经营采购,顾客1484,顾客1484,1**********,1**********
七彩虹,台式整机,抖音,新建采购,2026-03,,8531.37,739.51,退换订单,PC 经营采购,顾客1485,顾客1485,1**********,1**********
机械革命,一体机,天猫,已成交,2026-02,9624.08,10363.12,10363.12,销售订单,PC 经营采购,顾客1486,顾客1486,1**********,1**********
七彩虹,一体机,电商通,已成交,2026-04,8385.9,7038.34,7038.34,销售订单,PC 经营采购,顾客1487,顾客1487,1**********,1**********
微星,显示器,抖音,已成交,2026-07,8519.68,8549.66,8549.66,退换订单,PC 经营采购,顾客1488,顾客1488,1**********,1**********
七彩虹,电脑配件,快手,已成交,2026-01,7066.56,9014.5,9014.5,销售订单,PC 经营采购,顾客1489,顾客1489,1**********,1**********
宏碁（acer）,轻薄本,抖音,报价中,2026-08,,7878.06,2161.71,销售订单,PC 经营采购,顾客1490,顾客1490,1**********,1**********
雷神,显示器,天猫,撤销,2026-05,,9796.86,2260.59,退换订单,PC 经营采购,顾客1491,顾客1491,1**********,1**********
微星,轻薄本,拼多多,已成交,2026-06,8765.51,10582.89,10582.89,销售订单,PC 经营采购,顾客1492,顾客1492,1**********,1**********
宏碁（acer）,显示器,快手,报价中,2026-06,,8169.37,309.15,销售订单,PC 经营采购,顾客1493,顾客1493,1**********,1**********
七彩虹,显示器,电商通,撤销,2026-06,,8743.11,2417.5,销售订单,PC 经营采购,顾客1494,顾客1494,1**********,1**********
联想（Lenovo）,电脑配件,天猫,已成交,2026-06,5950.18,6207.62,6207.62,采购订单,PC 经营采购,顾客1495,顾客1495,1**********,1**********
联想（Lenovo）,台式整机,快手,撤销,2026-07,,7797.3,1704.93,退换订单,PC 经营采购,顾客1496,顾客1496,1**********,1**********
七彩虹,台式整机,京东,已成交,2026-06,7436.33,8506.61,8506.61,退换订单,PC 经营采购,顾客1497,顾客1497,1**********,1**********
机械革命,显示器,抖音,撤销,2026-06,,10438.56,991.88,销售订单,PC 经营采购,顾客1498,顾客1498,1**********,1**********
宏碁（acer）,一体机,快手,新建采购,2026-05,,7367.62,2157.53,退换订单,PC 经营采购,顾客1499,顾客1499,1**********,1**********
机械革命,显示器,抖音,已成交,2026-02,10940.96,9917.86,9917.86,销售订单,PC 经营采购,顾客1500,顾客1500,1**********,1**********
机械革命,笔记本电脑,淘宝,已成交,2026-05,8530.9,9619.44,9619.44,采购订单,PC 经营采购,顾客1501,顾客1501,1**********,1**********
七彩虹,显示器,拼多多,已成交,2026-02,8042.91,9446.02,9446.02,退换订单,PC 经营采购,顾客1502,顾客1502,1**********,1**********
微星,游戏本,淘宝,新建采购,2026-07,,7906.3,964.56,采购订单,PC 经营采购,顾客1503,顾客1503,1**********,1**********
华硕（ASUS）,轻薄本,拼多多,撤销,2026-02,,8105.87,685.85,退换订单,PC 经营采购,顾客1504,顾客1504,1**********,1**********
七彩虹,一体机,拼多多,已成交,2026-03,7652.99,7433.49,7433.49,退换订单,PC 经营采购,顾客1505,顾客1505,1**********,1**********
惠普(HP),台式整机,抖音,已成交,2026-01,7198.64,9066.23,9066.23,退换订单,PC 经营采购,顾客1506,顾客1506,1**********,1**********
华硕（ASUS）,显示器,淘宝,已成交,2026-08,9135.26,8503.09,8503.09,销售订单,PC 经营采购,顾客1507,顾客1507,1**********,1**********
惠普(HP),电脑配件,淘宝,新建采购,2026-01,,6959.17,1336.23,退换订单,PC 经营采购,顾客1508,顾客1508,1**********,1**********
机械革命,一体机,电商通,撤销,2026-03,,9603.08,520.9,销售订单,PC 经营采购,顾客1509,顾客1509,1**********,1**********
ThinkPad,游戏本,淘宝,撤销,2026-06,,7650.91,529.63,采购订单,PC 经营采购,顾客1510,顾客1510,1**********,1**********
机械革命,台式整机,抖音,已成交,2026-04,8460.3,10865.1,10865.1,采购订单,PC 经营采购,顾客1511,顾客1511,1**********,1**********
惠普(HP),笔记本电脑,拼多多,已成交,2026-07,8745.73,7229.52,7229.52,采购订单,PC 经营采购,顾客1512,顾客1512,1**********,1**********
微星,游戏本,淘宝,已成交,2026-01,10266.36,10822.88,10822.88,销售订单,PC 经营采购,顾客1513,顾客1513,1**********,1**********
雷神,轻薄本,抖音,新建采购,2026-06,,8914.9,35.7,采购订单,PC 经营采购,顾客1514,顾客1514,1**********,1**********
机械革命,游戏本,淘宝,已成交,2026-05,8792.62,10202.49,10202.49,采购订单,PC 经营采购,顾客1515,顾客1515,1**********,1**********
七彩虹,台式整机,天猫,已成交,2026-01,9286.21,9608.49,9608.49,退换订单,PC 经营采购,顾客1516,顾客1516,1**********,1**********
宏碁（acer）,一体机,拼多多,已成交,2026-06,8108.26,6437.95,6437.95,销售订单,PC 经营采购,顾客1517,顾客1517,1**********,1**********
ThinkPad,台式整机,抖音,已成交,2026-03,6507.08,5983.44,5983.44,采购订单,PC 经营采购,顾客1518,顾客1518,1**********,1**********
华硕（ASUS）,电脑配件,淘宝,报价中,2026-08,,7485.48,751.83,采购订单,PC 经营采购,顾客1519,顾客1519,1**********,1**********
ThinkPad,显示器,京东,已成交,2026-02,7581.11,7947.38,7947.38,采购订单,PC 经营采购,顾客1520,顾客1520,1**********,1**********
雷神,笔记本电脑,电商通,已成交,2026-04,9183.75,9624.13,9624.13,采购订单,PC 经营采购,顾客1521,顾客1521,1**********,1**********
惠普(HP),游戏本,拼多多,报价中,2026-02,,8755.27,1837.32,退换订单,PC 经营采购,顾客1522,顾客1522,1**********,1**********
七彩虹,一体机,电商通,已成交,2026-05,9436.61,9444.72,9444.72,采购订单,PC 经营采购,顾客1523,顾客1523,1**********,1**********
机械革命,台式整机,拼多多,撤销,2026-07,,9099.9,546.72,退换订单,PC 经营采购,顾客1524,顾客1524,1**********,1**********
机械革命,笔记本电脑,天猫,新建采购,2026-06,,10051.3,225.1,采购订单,PC 经营采购,顾客1525,顾客1525,1**********,1**********
微星,显示器,电商通,已成交,2026-07,9517.39,10810.56,10810.56,销售订单,PC 经营采购,顾客1526,顾客1526,1**********,1**********
ThinkPad,电脑配件,拼多多,报价中,2026-02,,6842.77,134.61,采购订单,PC 经营采购,顾客1527,顾客1527,1**********,1**********
微星,电脑配件,抖音,已成交,2026-01,8373.06,8389.33,8389.33,采购订单,PC 经营采购,顾客1528,顾客1528,1**********,1**********
雷神,轻薄本,拼多多,报价中,2026-07,,8309.33,774.35,销售订单,PC 经营采购,顾客1529,顾客1529,1**********,1**********
联想（Lenovo）,游戏本,电商通,新建采购,2026-06,,7829.75,2190.15,销售订单,PC 经营采购,顾客1530,顾客1530,1**********,1**********
雷神,笔记本电脑,快手,新建采购,2026-05,,8439.4,354.21,采购订单,PC 经营采购,顾客1531,顾客1531,1**********,1**********
微星,笔记本电脑,天猫,已成交,2026-02,9207.66,11134.07,11134.07,采购订单,PC 经营采购,顾客1532,顾客1532,1**********,1**********
联想（Lenovo）,台式整机,京东,撤销,2026-01,,7183.74,146.36,销售订单,PC 经营采购,顾客1533,顾客1533,1**********,1**********
ThinkPad,游戏本,京东,已成交,2026-06,7898.15,7329.29,7329.29,销售订单,PC 经营采购,顾客1534,顾客1534,1**********,1**********
联想（Lenovo）,游戏本,拼多多,撤销,2026-06,,6991.15,316.36,采购订单,PC 经营采购,顾客1535,顾客1535,1**********,1**********
惠普(HP),台式整机,拼多多,已成交,2026-08,7179.86,8896.39,8896.39,退换订单,PC 经营采购,顾客1536,顾客1536,1**********,1**********
微星,一体机,电商通,撤销,2026-07,,8958.88,643.76,退换订单,PC 经营采购,顾客1537,顾客1537,1**********,1**********
微星,一体机,拼多多,已成交,2026-06,9327.07,9908.74,9908.74,采购订单,PC 经营采购,顾客1538,顾客1538,1**********,1**********
宏碁（acer）,电脑配件,抖音,已成交,2026-05,6889.92,8198.01,8198.01,退换订单,PC 经营采购,顾客1539,顾客1539,1**********,1**********
雷神,显示器,天猫,已成交,2026-03,9949.85,9309.08,9309.08,退换订单,PC 经营采购,顾客1540,顾客1540,1**********,1**********
ThinkPad,游戏本,抖音,撤销,2026-06,,5961.41,1331.09,销售订单,PC 经营采购,顾客1541,顾客1541,1**********,1**********
雷神,笔记本电脑,拼多多,报价中,2026-07,,8079.01,506.72,退换订单,PC 经营采购,顾客1542,顾客1542,1**********,1**********
七彩虹,显示器,淘宝,已成交,2026-06,8491.74,7603.47,7603.47,采购订单,PC 经营采购,顾客1543,顾客1543,1**********,1**********
联想（Lenovo）,电脑配件,抖音,已成交,2026-03,6400.62,7514.25,7514.25,销售订单,PC 经营采购,顾客1544,顾客1544,1**********,1**********
微星,台式整机,电商通,撤销,2026-08,,7857.23,101.78,采购订单,PC 经营采购,顾客1545,顾客1545,1**********,1**********
联想（Lenovo）,游戏本,淘宝,新建采购,2026-02,,5953.36,1716.56,销售订单,PC 经营采购,顾客1546,顾客1546,1**********,1**********
机械革命,游戏本,拼多多,报价中,2026-08,,10215.58,2710.37,采购订单,PC 经营采购,顾客1547,顾客1547,1**********,1**********
微星,游戏本,拼多多,撤销,2026-07,,10975.86,1958.09,退换订单,PC 经营采购,顾客1548,顾客1548,1**********,1**********
机械革命,轻薄本,拼多多,已成交,2026-07,9209.99,8076.88,8076.88,销售订单,PC 经营采购,顾客1549,顾客1549,1**********,1**********
联想（Lenovo）,电脑配件,拼多多,报价中,2026-01,,5915.77,1185.29,销售订单,PC 经营采购,顾客1550,顾客1550,1**********,1**********
雷神,台式整机,拼多多,已成交,2026-01,9028.41,8194.94,8194.94,退换订单,PC 经营采购,顾客1551,顾客1551,1**********,1**********
微星,台式整机,拼多多,报价中,2026-01,,9755.09,790.04,采购订单,PC 经营采购,顾客1552,顾客1552,1**********,1**********
机械革命,电脑配件,京东,报价中,2026-05,,8523.15,1373.5,退换订单,PC 经营采购,顾客1553,顾客1553,1**********,1**********
宏碁（acer）,一体机,抖音,撤销,2026-08,,7644.67,1973.99,销售订单,PC 经营采购,顾客1554,顾客1554,1**********,1**********
华硕（ASUS）,台式整机,拼多多,已成交,2026-07,9505.0,7081.79,7081.79,采购订单,PC 经营采购,顾客1555,顾客1555,1**********,1**********
机械革命,电脑配件,拼多多,撤销,2026-08,,9068.24,264.91,销售订单,PC 经营采购,顾客1556,顾客1556,1**********,1**********
雷神,游戏本,电商通,待发布,2026-07,,9612.74,755.95,采购订单,PC 经营采购,顾客1557,顾客1557,1**********,1**********
联想（Lenovo）,游戏本,抖音,已成交,2026-01,6110.82,6265.14,6265.14,销售订单,PC 经营采购,顾客1558,顾客1558,1**********,1**********
机械革命,一体机,快手,撤销,2026-04,,8228.79,307.92,退换订单,PC 经营采购,顾客1559,顾客1559,1**********,1**********
雷神,游戏本,抖音,已成交,2026-03,9920.29,8785.32,8785.32,退换订单,PC 经营采购,顾客1560,顾客1560,1**********,1**********
惠普(HP),一体机,快手,已成交,2026-07,8017.49,7183.07,7183.07,采购订单,PC 经营采购,顾客1561,顾客1561,1**********,1**********
雷神,台式整机,天猫,已成交,2026-01,8657.01,10134.53,10134.53,采购订单,PC 经营采购,顾客1562,顾客1562,1**********,1**********
七彩虹,游戏本,天猫,已成交,2026-01,9044.57,9020.56,9020.56,退换订单,PC 经营采购,顾客1563,顾客1563,1**********,1**********
华硕（ASUS）,轻薄本,抖音,已成交,2026-01,8510.49,9948.48,9948.48,采购订单,PC 经营采购,顾客1564,顾客1564,1**********,1**********
惠普(HP),轻薄本,京东,已成交,2026-05,8624.65,8032.74,8032.74,销售订单,PC 经营采购,顾客1565,顾客1565,1**********,1**********
ThinkPad,电脑配件,拼多多,撤销,2026-05,,6447.29,1420.25,退换订单,PC 经营采购,顾客1566,顾客1566,1**********,1**********
华硕（ASUS）,电脑配件,淘宝,已成交,2026-03,8551.44,9593.07,9593.07,采购订单,PC 经营采购,顾客1567,顾客1567,1**********,1**********
微星,轻薄本,抖音,已成交,2026-02,8919.97,7880.56,7880.56,销售订单,PC 经营采购,顾客1568,顾客1568,1**********,1**********
微星,显示器,天猫,已成交,2026-04,9070.03,9923.04,9923.04,销售订单,PC 经营采购,顾客1569,顾客1569,1**********,1**********
微星,一体机,快手,新建采购,2026-05,,8919.63,932.04,采购订单,PC 经营采购,顾客1570,顾客1570,1**********,1**********
微星,显示器,电商通,已成交,2026-07,10863.17,10742.47,10742.47,退换订单,PC 经营采购,顾客1571,顾客1571,1**********,1**********
微星,台式整机,快手,撤销,2026-01,,11134.81,129.34,销售订单,PC 经营采购,顾客1572,顾客1572,1**********,1**********
七彩虹,显示器,天猫,已成交,2026-05,9321.73,7382.75,7382.75,采购订单,PC 经营采购,顾客1573,顾客1573,1**********,1**********
机械革命,电脑配件,抖音,已成交,2026-03,8989.6,8948.24,8948.24,销售订单,PC 经营采购,顾客1574,顾客1574,1**********,1**********
雷神,轻薄本,淘宝,已成交,2026-04,9911.25,9790.11,9790.11,销售订单,PC 经营采购,顾客1575,顾客1575,1**********,1**********
ThinkPad,电脑配件,电商通,撤销,2026-07,,8330.46,2117.69,销售订单,PC 经营采购,顾客1576,顾客1576,1**********,1**********
华硕（ASUS）,笔记本电脑,抖音,报价中,2026-07,,9832.52,2548.98,销售订单,PC 经营采购,顾客1577,顾客1577,1**********,1**********
华硕（ASUS）,台式整机,淘宝,撤销,2026-04,,7507.53,1858.44,采购订单,PC 经营采购,顾客1578,顾客1578,1**********,1**********
雷神,台式整机,京东,已成交,2026-04,9382.15,9368.76,9368.76,采购订单,PC 经营采购,顾客1579,顾客1579,1**********,1**********
七彩虹,台式整机,拼多多,已成交,2026-02,8783.0,8735.41,8735.41,采购订单,PC 经营采购,顾客1580,顾客1580,1**********,1**********
机械革命,游戏本,京东,已成交,2026-05,10827.35,10378.52,10378.52,采购订单,PC 经营采购,顾客1581,顾客1581,1**********,1**********
雷神,电脑配件,快手,已成交,2026-05,9132.51,10082.9,10082.9,采购订单,PC 经营采购,顾客1582,顾客1582,1**********,1**********
机械革命,笔记本电脑,拼多多,报价中,2026-02,,10819.94,1619.62,采购订单,PC 经营采购,顾客1583,顾客1583,1**********,1**********
ThinkPad,显示器,拼多多,已成交,2026-08,8071.76,8457.24,8457.24,采购订单,PC 经营采购,顾客1584,顾客1584,1**********,1**********
雷神,电脑配件,快手,撤销,2026-07,,7140.4,563.82,采购订单,PC 经营采购,顾客1585,顾客1585,1**********,1**********
华硕（ASUS）,游戏本,天猫,新建采购,2026-07,,9592.26,2295.44,退换订单,PC 经营采购,顾客1586,顾客1586,1**********,1**********
微星,游戏本,淘宝,已成交,2026-05,10875.5,10081.53,10081.53,退换订单,PC 经营采购,顾客1587,顾客1587,1**********,1**********
七彩虹,一体机,电商通,已成交,2026-03,8193.17,9742.07,9742.07,采购订单,PC 经营采购,顾客1588,顾客1588,1**********,1**********
惠普(HP),台式整机,快手,撤销,2026-02,,7613.03,165.74,采购订单,PC 经营采购,顾客1589,顾客1589,1**********,1**********
七彩虹,游戏本,天猫,已成交,2026-07,9191.16,9495.46,9495.46,采购订单,PC 经营采购,顾客1590,顾客1590,1**********,1**********
联想（Lenovo）,一体机,抖音,已成交,2026-03,6502.05,5587.53,5587.53,采购订单,PC 经营采购,顾客1591,顾客1591,1**********,1**********
七彩虹,游戏本,抖音,撤销,2026-04,,9525.86,1707.37,采购订单,PC 经营采购,顾客1592,顾客1592,1**********,1**********
雷神,游戏本,天猫,撤销,2026-04,,9136.53,1306.49,采购订单,PC 经营采购,顾客1593,顾客1593,1**********,1**********
机械革命,笔记本电脑,拼多多,已成交,2026-04,10311.92,8522.29,8522.29,退换订单,PC 经营采购,顾客1594,顾客1594,1**********,1**********
微星,电脑配件,拼多多,已成交,2026-03,9993.09,7906.19,7906.19,销售订单,PC 经营采购,顾客1595,顾客1595,1**********,1**********
雷神,显示器,天猫,撤销,2026-04,,8397.79,1570.77,采购订单,PC 经营采购,顾客1596,顾客1596,1**********,1**********
惠普(HP),游戏本,拼多多,已成交,2026-08,8140.75,6756.6,6756.6,采购订单,PC 经营采购,顾客1597,顾客1597,1**********,1**********
微星,台式整机,电商通,已成交,2026-02,8976.72,8817.46,8817.46,退换订单,PC 经营采购,顾客1598,顾客1598,1**********,1**********
联想（Lenovo）,显示器,拼多多,已成交,2026-01,6975.49,6352.65,6352.65,销售订单,PC 经营采购,顾客1599,顾客1599,1**********,1**********
机械革命,电脑配件,拼多多,已成交,2026-04,10020.29,8443.68,8443.68,采购订单,PC 经营采购,顾客1600,顾客1600,1**********,1**********
惠普(HP),电脑配件,电商通,撤销,2026-02,,6937.53,1522.19,销售订单,PC 经营采购,顾客1601,顾客1601,1**********,1**********
七彩虹,显示器,拼多多,撤销,2026-07,,8709.27,1839.54,退换订单,PC 经营采购,顾客1602,顾客1602,1**********,1**********
华硕（ASUS）,台式整机,京东,已成交,2026-07,7853.64,9149.12,9149.12,销售订单,PC 经营采购,顾客1603,顾客1603,1**********,1**********
宏碁（acer）,笔记本电脑,拼多多,已成交,2026-01,7435.82,8192.2,8192.2,退换订单,PC 经营采购,顾客1604,顾客1604,1**********,1**********
联想（Lenovo）,台式整机,快手,报价中,2026-01,,7932.32,2027.88,采购订单,PC 经营采购,顾客1605,顾客1605,1**********,1**********
七彩虹,台式整机,抖音,已成交,2026-01,7072.69,7173.84,7173.84,采购订单,PC 经营采购,顾客1606,顾客1606,1**********,1**********
惠普(HP),轻薄本,淘宝,报价中,2026-02,,7728.31,273.11,销售订单,PC 经营采购,顾客1607,顾客1607,1**********,1**********
ThinkPad,显示器,拼多多,已成交,2026-07,6814.09,7384.35,7384.35,采购订单,PC 经营采购,顾客1608,顾客1608,1**********,1**********
联想（Lenovo）,显示器,快手,已成交,2026-08,7084.33,6433.85,6433.85,退换订单,PC 经营采购,顾客1609,顾客1609,1**********,1**********
机械革命,台式整机,抖音,已成交,2026-02,9921.67,10967.59,10967.59,采购订单,PC 经营采购,顾客1610,顾客1610,1**********,1**********
七彩虹,台式整机,淘宝,待发布,2026-02,,9496.22,226.49,退换订单,PC 经营采购,顾客1611,顾客1611,1**********,1**********
微星,游戏本,抖音,已成交,2026-05,9751.15,9001.96,9001.96,退换订单,PC 经营采购,顾客1612,顾客1612,1**********,1**********
华硕（ASUS）,笔记本电脑,淘宝,新建采购,2026-05,,9772.19,810.82,销售订单,PC 经营采购,顾客1613,顾客1613,1**********,1**********
华硕（ASUS）,笔记本电脑,快手,新建采购,2026-01,,9693.31,2361.66,采购订单,PC 经营采购,顾客1614,顾客1614,1**********,1**********
宏碁（acer）,电脑配件,拼多多,已成交,2026-04,6557.82,7309.26,7309.26,退换订单,PC 经营采购,顾客1615,顾客1615,1**********,1**********
微星,笔记本电脑,京东,已成交,2026-02,9602.34,8714.14,8714.14,销售订单,PC 经营采购,顾客1616,顾客1616,1**********,1**********
机械革命,游戏本,抖音,撤销,2026-04,,9222.79,1455.34,销售订单,PC 经营采购,顾客1617,顾客1617,1**********,1**********
联想（Lenovo）,显示器,京东,已成交,2026-03,5855.41,6964.31,6964.31,退换订单,PC 经营采购,顾客1618,顾客1618,1**********,1**********
雷神,轻薄本,抖音,已成交,2026-03,7758.84,8007.59,8007.59,退换订单,PC 经营采购,顾客1619,顾客1619,1**********,1**********
微星,一体机,京东,已成交,2026-06,10445.33,10443.13,10443.13,退换订单,PC 经营采购,顾客1620,顾客1620,1**********,1**********
七彩虹,游戏本,电商通,已成交,2026-06,8382.37,9155.2,9155.2,采购订单,PC 经营采购,顾客1621,顾客1621,1**********,1**********
七彩虹,显示器,天猫,已成交,2026-03,7675.06,8849.27,8849.27,退换订单,PC 经营采购,顾客1622,顾客1622,1**********,1**********
雷神,轻薄本,快手,新建采购,2026-06,,7555.02,935.52,采购订单,PC 经营采购,顾客1623,顾客1623,1**********,1**********
惠普(HP),显示器,京东,新建采购,2026-07,,7357.29,1171.36,退换订单,PC 经营采购,顾客1624,顾客1624,1**********,1**********
雷神,游戏本,天猫,已成交,2026-06,7999.95,9524.59,9524.59,退换订单,PC 经营采购,顾客1625,顾客1625,1**********,1**********
联想（Lenovo）,轻薄本,电商通,报价中,2026-02,,6439.69,1245.54,销售订单,PC 经营采购,顾客1626,顾客1626,1**********,1**********
机械革命,台式整机,淘宝,已成交,2026-08,9884.92,11045.16,11045.16,采购订单,PC 经营采购,顾客1627,顾客1627,1**********,1**********
宏碁（acer）,游戏本,淘宝,已成交,2026-04,6971.3,6944.91,6944.91,采购订单,PC 经营采购,顾客1628,顾客1628,1**********,1**********
宏碁（acer）,轻薄本,淘宝,已成交,2026-02,7181.35,6695.76,6695.76,采购订单,PC 经营采购,顾客1629,顾客1629,1**********,1**********
微星,笔记本电脑,拼多多,新建采购,2026-03,,10789.74,2418.05,采购订单,PC 经营采购,顾客1630,顾客1630,1**********,1**********
ThinkPad,一体机,电商通,已成交,2026-02,6674.19,7291.0,7291.0,采购订单,PC 经营采购,顾客1631,顾客1631,1**********,1**********
雷神,笔记本电脑,京东,已成交,2026-06,7700.53,8153.3,8153.3,采购订单,PC 经营采购,顾客1632,顾客1632,1**********,1**********
机械革命,游戏本,天猫,已成交,2026-05,9959.45,8994.86,8994.86,销售订单,PC 经营采购,顾客1633,顾客1633,1**********,1**********
微星,游戏本,拼多多,撤销,2026-03,,8665.21,1244.59,销售订单,PC 经营采购,顾客1634,顾客1634,1**********,1**********
七彩虹,游戏本,拼多多,已成交,2026-02,8088.48,8185.7,8185.7,采购订单,PC 经营采购,顾客1635,顾客1635,1**********,1**********
华硕（ASUS）,电脑配件,电商通,撤销,2026-05,,8534.58,2401.16,退换订单,PC 经营采购,顾客1636,顾客1636,1**********,1**********
ThinkPad,显示器,天猫,已成交,2026-02,6904.29,6887.77,6887.77,销售订单,PC 经营采购,顾客1637,顾客1637,1**********,1**********
惠普(HP),游戏本,天猫,已成交,2026-03,7396.13,8261.83,8261.83,采购订单,PC 经营采购,顾客1638,顾客1638,1**********,1**********
微星,台式整机,淘宝,已成交,2026-04,9242.4,9426.54,9426.54,退换订单,PC 经营采购,顾客1639,顾客1639,1**********,1**********
宏碁（acer）,笔记本电脑,快手,撤销,2026-05,,7709.38,1100.2,销售订单,PC 经营采购,顾客1640,顾客1640,1**********,1**********
惠普(HP),游戏本,京东,报价中,2026-02,,7977.42,686.79,采购订单,PC 经营采购,顾客1641,顾客1641,1**********,1**********
ThinkPad,轻薄本,拼多多,已成交,2026-05,7373.52,7247.3,7247.3,退换订单,PC 经营采购,顾客1642,顾客1642,1**********,1**********
联想（Lenovo）,笔记本电脑,快手,撤销,2026-05,,6293.61,1358.66,销售订单,PC 经营采购,顾客1643,顾客1643,1**********,1**********
机械革命,台式整机,快手,已成交,2026-02,8115.96,7884.29,7884.29,采购订单,PC 经营采购,顾客1644,顾客1644,1**********,1**********
宏碁（acer）,电脑配件,拼多多,报价中,2026-07,,7294.74,1986.5,采购订单,PC 经营采购,顾客1645,顾客1645,1**********,1**********
机械革命,一体机,抖音,已成交,2026-01,9906.84,10530.62,10530.62,销售订单,PC 经营采购,顾客1646,顾客1646,1**********,1**********
华硕（ASUS）,一体机,抖音,报价中,2026-02,,9731.8,1579.83,退换订单,PC 经营采购,顾客1647,顾客1647,1**********,1**********
机械革命,一体机,拼多多,撤销,2026-01,,8374.19,2223.12,销售订单,PC 经营采购,顾客1648,顾客1648,1**********,1**********
雷神,电脑配件,淘宝,已成交,2026-04,7365.43,8248.87,8248.87,销售订单,PC 经营采购,顾客1649,顾客1649,1**********,1**********
七彩虹,电脑配件,电商通,已成交,2026-06,8230.17,7308.64,7308.64,销售订单,PC 经营采购,顾客1650,顾客1650,1**********,1**********
联想（Lenovo）,游戏本,抖音,撤销,2026-07,,6798.76,162.91,销售订单,PC 经营采购,顾客1651,顾客1651,1**********,1**********
机械革命,台式整机,电商通,已成交,2026-03,10661.7,11039.15,11039.15,销售订单,PC 经营采购,顾客1652,顾客1652,1**********,1**********
微星,显示器,京东,撤销,2026-04,,11181.0,342.11,销售订单,PC 经营采购,顾客1653,顾客1653,1**********,1**********
雷神,笔记本电脑,快手,报价中,2026-06,,7662.74,1534.01,销售订单,PC 经营采购,顾客1654,顾客1654,1**********,1**********
华硕（ASUS）,笔记本电脑,拼多多,已成交,2026-03,8584.71,7085.65,7085.65,采购订单,PC 经营采购,顾客1655,顾客1655,1**********,1**********
微星,游戏本,淘宝,已成交,2026-07,10913.72,9323.31,9323.31,退换订单,PC 经营采购,顾客1656,顾客1656,1**********,1**********
联想（Lenovo）,一体机,拼多多,已成交,2026-03,5818.15,6164.6,6164.6,销售订单,PC 经营采购,顾客1657,顾客1657,1**********,1**********
微星,笔记本电脑,抖音,已成交,2026-02,8684.8,9770.63,9770.63,退换订单,PC 经营采购,顾客1658,顾客1658,1**********,1**********
宏碁（acer）,笔记本电脑,淘宝,已成交,2026-06,8177.44,6422.05,6422.05,采购订单,PC 经营采购,顾客1659,顾客1659,1**********,1**********
惠普(HP),一体机,电商通,已成交,2026-04,8033.65,8869.92,8869.92,销售订单,PC 经营采购,顾客1660,顾客1660,1**********,1**********
七彩虹,台式整机,抖音,已成交,2026-05,7893.07,9275.15,9275.15,退换订单,PC 经营采购,顾客1661,顾客1661,1**********,1**********
惠普(HP),轻薄本,拼多多,报价中,2026-08,,8318.57,1699.31,采购订单,PC 经营采购,顾客1662,顾客1662,1**********,1**********
微星,笔记本电脑,电商通,已成交,2026-07,10319.96,8944.48,8944.48,采购订单,PC 经营采购,顾客1663,顾客1663,1**********,1**********
宏碁（acer）,游戏本,天猫,已成交,2026-02,8152.07,7368.8,7368.8,销售订单,PC 经营采购,顾客1664,顾客1664,1**********,1**********
机械革命,台式整机,拼多多,已成交,2026-04,9693.99,11235.04,11235.04,采购订单,PC 经营采购,顾客1665,顾客1665,1**********,1**********
惠普(HP),电脑配件,天猫,已成交,2026-04,8564.77,8678.17,8678.17,销售订单,PC 经营采购,顾客1666,顾客1666,1**********,1**********
微星,游戏本,拼多多,撤销,2026-08,,8048.85,1873.66,销售订单,PC 经营采购,顾客1667,顾客1667,1**********,1**********
宏碁（acer）,一体机,快手,报价中,2026-01,,6609.19,434.83,销售订单,PC 经营采购,顾客1668,顾客1668,1**********,1**********
机械革命,笔记本电脑,拼多多,报价中,2026-06,,9561.0,1133.68,退换订单,PC 经营采购,顾客1669,顾客1669,1**********,1**********
联想（Lenovo）,轻薄本,拼多多,已成交,2026-03,5960.85,6991.85,6991.85,采购订单,PC 经营采购,顾客1670,顾客1670,1**********,1**********
惠普(HP),电脑配件,拼多多,报价中,2026-05,,8343.48,72.07,销售订单,PC 经营采购,顾客1671,顾客1671,1**********,1**********
宏碁（acer）,电脑配件,天猫,撤销,2026-05,,8275.76,2192.45,销售订单,PC 经营采购,顾客1672,顾客1672,1**********,1**********
机械革命,笔记本电脑,天猫,已成交,2026-07,9237.33,9865.6,9865.6,退换订单,PC 经营采购,顾客1673,顾客1673,1**********,1**********
联想（Lenovo）,电脑配件,天猫,撤销,2026-04,,7956.62,1435.43,退换订单,PC 经营采购,顾客1674,顾客1674,1**********,1**********
机械革命,电脑配件,天猫,撤销,2026-08,,8555.88,1059.64,退换订单,PC 经营采购,顾客1675,顾客1675,1**********,1**********
ThinkPad,一体机,淘宝,已成交,2026-04,6372.92,6080.03,6080.03,采购订单,PC 经营采购,顾客1676,顾客1676,1**********,1**********
微星,台式整机,拼多多,报价中,2026-03,,11018.36,2948.11,退换订单,PC 经营采购,顾客1677,顾客1677,1**********,1**********
宏碁（acer）,一体机,电商通,报价中,2026-04,,6826.61,750.44,销售订单,PC 经营采购,顾客1678,顾客1678,1**********,1**********
七彩虹,轻薄本,拼多多,撤销,2026-07,,7498.95,1682.9,销售订单,PC 经营采购,顾客1679,顾客1679,1**********,1**********
华硕（ASUS）,一体机,抖音,已成交,2026-01,7793.19,7158.71,7158.71,销售订单,PC 经营采购,顾客1680,顾客1680,1**********,1**********
微星,电脑配件,淘宝,待发布,2026-02,,10673.22,794.55,销售订单,PC 经营采购,顾客1681,顾客1681,1**********,1**********
雷神,轻薄本,电商通,已成交,2026-05,8339.01,8239.67,8239.67,销售订单,PC 经营采购,顾客1682,顾客1682,1**********,1**********
ThinkPad,电脑配件,淘宝,已成交,2026-02,6874.64,7170.27,7170.27,退换订单,PC 经营采购,顾客1683,顾客1683,1**********,1**********
宏碁（acer）,台式整机,拼多多,已成交,2026-05,7711.06,6242.87,6242.87,销售订单,PC 经营采购,顾客1684,顾客1684,1**********,1**********
七彩虹,电脑配件,淘宝,报价中,2026-03,,8543.94,1129.72,退换订单,PC 经营采购,顾客1685,顾客1685,1**********,1**********
雷神,台式整机,电商通,报价中,2026-05,,7859.69,362.88,销售订单,PC 经营采购,顾客1686,顾客1686,1**********,1**********
雷神,轻薄本,淘宝,已成交,2026-01,7410.94,9494.38,9494.38,采购订单,PC 经营采购,顾客1687,顾客1687,1**********,1**********
华硕（ASUS）,笔记本电脑,快手,报价中,2026-02,,8852.86,2546.92,采购订单,PC 经营采购,顾客1688,顾客1688,1**********,1**********
机械革命,显示器,拼多多,撤销,2026-03,,7902.86,1566.41,销售订单,PC 经营采购,顾客1689,顾客1689,1**********,1**********
联想（Lenovo）,电脑配件,天猫,已成交,2026-06,6138.3,6218.45,6218.45,销售订单,PC 经营采购,顾客1690,顾客1690,1**********,1**********
华硕（ASUS）,笔记本电脑,京东,已成交,2026-04,8468.72,8835.56,8835.56,销售订单,PC 经营采购,顾客1691,顾客1691,1**********,1**********
雷神,轻薄本,天猫,已成交,2026-02,8008.38,7289.74,7289.74,销售订单,PC 经营采购,顾客1692,顾客1692,1**********,1**********
雷神,一体机,拼多多,已成交,2026-07,8555.45,8206.54,8206.54,采购订单,PC 经营采购,顾客1693,顾客1693,1**********,1**********
联想（Lenovo）,电脑配件,抖音,已成交,2026-06,6444.14,6486.4,6486.4,销售订单,PC 经营采购,顾客1694,顾客1694,1**********,1**********
七彩虹,笔记本电脑,天猫,已成交,2026-06,7386.18,9068.47,9068.47,采购订单,PC 经营采购,顾客1695,顾客1695,1**********,1**********
机械革命,台式整机,淘宝,已成交,2026-01,10244.58,8092.92,8092.92,采购订单,PC 经营采购,顾客1696,顾客1696,1**********,1**********
微星,笔记本电脑,快手,新建采购,2026-06,,8288.39,287.05,退换订单,PC 经营采购,顾客1697,顾客1697,1**********,1**********
惠普(HP),笔记本电脑,快手,撤销,2026-02,,8679.69,649.47,采购订单,PC 经营采购,顾客1698,顾客1698,1**********,1**********
雷神,游戏本,拼多多,已成交,2026-06,7561.11,9244.13,9244.13,采购订单,PC 经营采购,顾客1699,顾客1699,1**********,1**********
机械革命,一体机,天猫,已成交,2026-08,8687.11,8397.31,8397.31,退换订单,PC 经营采购,顾客1700,顾客1700,1**********,1**********
华硕（ASUS）,电脑配件,快手,撤销,2026-01,,7172.29,1730.06,采购订单,PC 经营采购,顾客1701,顾客1701,1**********,1**********
联想（Lenovo）,游戏本,淘宝,已成交,2026-05,6154.42,6008.96,6008.96,采购订单,PC 经营采购,顾客1702,顾客1702,1**********,1**********
ThinkPad,轻薄本,拼多多,报价中,2026-03,,7830.59,2075.12,销售订单,PC 经营采购,顾客1703,顾客1703,1**********,1**********
华硕（ASUS）,台式整机,拼多多,撤销,2026-03,,9133.0,1688.16,采购订单,PC 经营采购,顾客1704,顾客1704,1**********,1**********
机械革命,一体机,淘宝,撤销,2026-05,,9547.53,2082.88,退换订单,PC 经营采购,顾客1705,顾客1705,1**********,1**********
联想（Lenovo）,轻薄本,电商通,已成交,2026-02,7738.32,6394.12,6394.12,退换订单,PC 经营采购,顾客1706,顾客1706,1**********,1**********
宏碁（acer）,台式整机,天猫,已成交,2026-06,7176.79,7623.34,7623.34,销售订单,PC 经营采购,顾客1707,顾客1707,1**********,1**********
华硕（ASUS）,台式整机,京东,已成交,2026-07,8996.46,9125.9,9125.9,采购订单,PC 经营采购,顾客1708,顾客1708,1**********,1**********
宏碁（acer）,笔记本电脑,淘宝,撤销,2026-02,,6923.86,433.78,采购订单,PC 经营采购,顾客1709,顾客1709,1**********,1**********
联想（Lenovo）,台式整机,淘宝,撤销,2026-03,,6713.44,121.12,采购订单,PC 经营采购,顾客1710,顾客1710,1**********,1**********
宏碁（acer）,电脑配件,天猫,已成交,2026-06,6418.56,8250.56,8250.56,退换订单,PC 经营采购,顾客1711,顾客1711,1**********,1**********
ThinkPad,轻薄本,电商通,已成交,2026-01,7294.9,6385.91,6385.91,退换订单,PC 经营采购,顾客1712,顾客1712,1**********,1**********
机械革命,台式整机,京东,已成交,2026-08,8990.06,8184.0,8184.0,退换订单,PC 经营采购,顾客1713,顾客1713,1**********,1**********
七彩虹,显示器,京东,已成交,2026-05,8375.67,9270.81,9270.81,采购订单,PC 经营采购,顾客1714,顾客1714,1**********,1**********
华硕（ASUS）,电脑配件,淘宝,撤销,2026-06,,9904.86,225.41,销售订单,PC 经营采购,顾客1715,顾客1715,1**********,1**********
联想（Lenovo）,台式整机,拼多多,撤销,2026-08,,5699.12,982.6,退换订单,PC 经营采购,顾客1716,顾客1716,1**********,1**********
华硕（ASUS）,一体机,抖音,已成交,2026-08,9438.18,10053.17,10053.17,退换订单,PC 经营采购,顾客1717,顾客1717,1**********,1**********
惠普(HP),轻薄本,抖音,已成交,2026-02,8543.5,6466.28,6466.28,退换订单,PC 经营采购,顾客1718,顾客1718,1**********,1**********
联想（Lenovo）,轻薄本,快手,已成交,2026-06,6808.94,5545.15,5545.15,采购订单,PC 经营采购,顾客1719,顾客1719,1**********,1**********
华硕（ASUS）,电脑配件,电商通,报价中,2026-08,,9045.39,285.41,退换订单,PC 经营采购,顾客1720,顾客1720,1**********,1**********
七彩虹,显示器,拼多多,已成交,2026-03,7557.6,7249.16,7249.16,采购订单,PC 经营采购,顾客1721,顾客1721,1**********,1**********
宏碁（acer）,游戏本,快手,新建采购,2026-01,,6297.4,1366.29,销售订单,PC 经营采购,顾客1722,顾客1722,1**********,1**********
宏碁（acer）,一体机,京东,已成交,2026-04,6524.72,7623.7,7623.7,采购订单,PC 经营采购,顾客1723,顾客1723,1**********,1**********
联想（Lenovo）,一体机,快手,报价中,2026-01,,6311.18,1217.71,采购订单,PC 经营采购,顾客1724,顾客1724,1**********,1**********
华硕（ASUS）,电脑配件,抖音,撤销,2026-05,,7649.06,902.68,销售订单,PC 经营采购,顾客1725,顾客1725,1**********,1**********
联想（Lenovo）,台式整机,淘宝,已成交,2026-03,6195.68,6377.79,6377.79,退换订单,PC 经营采购,顾客1726,顾客1726,1**********,1**********
联想（Lenovo）,笔记本电脑,拼多多,新建采购,2026-04,,7587.37,784.33,退换订单,PC 经营采购,顾客1727,顾客1727,1**********,1**********
微星,显示器,拼多多,撤销,2026-06,,10327.64,821.3,退换订单,PC 经营采购,顾客1728,顾客1728,1**********,1**********
华硕（ASUS）,台式整机,抖音,已成交,2026-07,7615.24,8280.14,8280.14,采购订单,PC 经营采购,顾客1729,顾客1729,1**********,1**********
华硕（ASUS）,游戏本,京东,已成交,2026-04,9555.38,7749.67,7749.67,销售订单,PC 经营采购,顾客1730,顾客1730,1**********,1**********
ThinkPad,轻薄本,抖音,已成交,2026-06,7601.21,7032.54,7032.54,退换订单,PC 经营采购,顾客1731,顾客1731,1**********,1**********
机械革命,笔记本电脑,拼多多,报价中,2026-05,,9721.31,2817.58,退换订单,PC 经营采购,顾客1732,顾客1732,1**********,1**********
机械革命,轻薄本,快手,撤销,2026-06,,10993.0,2510.48,退换订单,PC 经营采购,顾客1733,顾客1733,1**********,1**********
机械革命,显示器,淘宝,已成交,2026-07,8437.51,7987.31,7987.31,采购订单,PC 经营采购,顾客1734,顾客1734,1**********,1**********
机械革命,轻薄本,抖音,撤销,2026-04,,10117.57,1874.09,采购订单,PC 经营采购,顾客1735,顾客1735,1**********,1**********
微星,电脑配件,淘宝,已成交,2026-03,10613.43,11200.22,11200.22,退换订单,PC 经营采购,顾客1736,顾客1736,1**********,1**********
ThinkPad,电脑配件,抖音,撤销,2026-03,,7160.3,1136.82,采购订单,PC 经营采购,顾客1737,顾客1737,1**********,1**********
惠普(HP),轻薄本,淘宝,已成交,2026-04,6703.59,7232.41,7232.41,采购订单,PC 经营采购,顾客1738,顾客1738,1**********,1**********
联想（Lenovo）,显示器,京东,已成交,2026-05,5966.01,5797.86,5797.86,采购订单,PC 经营采购,顾客1739,顾客1739,1**********,1**********
雷神,轻薄本,拼多多,已成交,2026-03,8317.67,9669.14,9669.14,退换订单,PC 经营采购,顾客1740,顾客1740,1**********,1**********
华硕（ASUS）,轻薄本,抖音,撤销,2026-01,,7913.43,742.83,采购订单,PC 经营采购,顾客1741,顾客1741,1**********,1**********
七彩虹,轻薄本,拼多多,报价中,2026-05,,9542.29,2563.23,销售订单,PC 经营采购,顾客1742,顾客1742,1**********,1**********
ThinkPad,台式整机,天猫,已成交,2026-06,6687.76,6016.42,6016.42,退换订单,PC 经营采购,顾客1743,顾客1743,1**********,1**********
宏碁（acer）,轻薄本,拼多多,已成交,2026-02,7028.03,6905.27,6905.27,退换订单,PC 经营采购,顾客1744,顾客1744,1**********,1**********
华硕（ASUS）,台式整机,拼多多,已成交,2026-07,9343.78,8269.76,8269.76,销售订单,PC 经营采购,顾客1745,顾客1745,1**********,1**********
宏碁（acer）,台式整机,抖音,已成交,2026-04,7481.97,6781.72,6781.72,退换订单,PC 经营采购,顾客1746,顾客1746,1**********,1**********
ThinkPad,显示器,淘宝,已成交,2026-01,7599.87,6749.45,6749.45,退换订单,PC 经营采购,顾客1747,顾客1747,1**********,1**********
微星,显示器,拼多多,已成交,2026-03,9105.26,8106.5,8106.5,销售订单,PC 经营采购,顾客1748,顾客1748,1**********,1**********
雷神,电脑配件,拼多多,撤销,2026-01,,7175.92,2051.49,采购订单,PC 经营采购,顾客1749,顾客1749,1**********,1**********
七彩虹,一体机,天猫,已成交,2026-08,8529.05,9741.23,9741.23,销售订单,PC 经营采购,顾客1750,顾客1750,1**********,1**********
惠普(HP),台式整机,抖音,已成交,2026-03,8163.91,9079.98,9079.98,采购订单,PC 经营采购,顾客1751,顾客1751,1**********,1**********
微星,显示器,电商通,已成交,2026-06,8798.39,7888.54,7888.54,退换订单,PC 经营采购,顾客1752,顾客1752,1**********,1**********
华硕（ASUS）,显示器,抖音,已成交,2026-08,8658.32,7179.73,7179.73,采购订单,PC 经营采购,顾客1753,顾客1753,1**********,1**********
ThinkPad,笔记本电脑,抖音,报价中,2026-01,,8305.41,46.97,销售订单,PC 经营采购,顾客1754,顾客1754,1**********,1**********
ThinkPad,游戏本,天猫,待发布,2026-08,,7538.62,1607.32,采购订单,PC 经营采购,顾客1755,顾客1755,1**********,1**********
雷神,一体机,电商通,报价中,2026-08,,9202.35,2269.03,采购订单,PC 经营采购,顾客1756,顾客1756,1**********,1**********
雷神,台式整机,抖音,报价中,2026-05,,7362.86,1501.56,采购订单,PC 经营采购,顾客1757,顾客1757,1**********,1**********
联想（Lenovo）,显示器,电商通,已成交,2026-04,6695.71,6154.33,6154.33,采购订单,PC 经营采购,顾客1758,顾客1758,1**********,1**********
宏碁（acer）,轻薄本,拼多多,新建采购,2026-02,,6875.33,517.68,退换订单,PC 经营采购,顾客1759,顾客1759,1**********,1**********
联想（Lenovo）,一体机,拼多多,已成交,2026-04,6944.19,6290.64,6290.64,退换订单,PC 经营采购,顾客1760,顾客1760,1**********,1**********
联想（Lenovo）,轻薄本,抖音,已成交,2026-04,6578.44,6938.58,6938.58,销售订单,PC 经营采购,顾客1761,顾客1761,1**********,1**********
雷神,显示器,拼多多,已成交,2026-06,9201.95,9036.85,9036.85,采购订单,PC 经营采购,顾客1762,顾客1762,1**********,1**********
雷神,显示器,拼多多,撤销,2026-03,,9510.55,1872.29,采购订单,PC 经营采购,顾客1763,顾客1763,1**********,1**********
ThinkPad,笔记本电脑,拼多多,已成交,2026-05,7109.44,6467.51,6467.51,采购订单,PC 经营采购,顾客1764,顾客1764,1**********,1**********
雷神,一体机,京东,报价中,2026-08,,7793.1,1661.04,采购订单,PC 经营采购,顾客1765,顾客1765,1**********,1**********
雷神,轻薄本,抖音,已成交,2026-07,9285.42,9401.41,9401.41,采购订单,PC 经营采购,顾客1766,顾客1766,1**********,1**********
惠普(HP),轻薄本,天猫,已成交,2026-02,8038.27,7373.23,7373.23,退换订单,PC 经营采购,顾客1767,顾客1767,1**********,1**********
雷神,电脑配件,京东,已成交,2026-08,8178.69,8733.9,8733.9,采购订单,PC 经营采购,顾客1768,顾客1768,1**********,1**********
华硕（ASUS）,显示器,拼多多,已成交,2026-08,7476.77,8006.12,8006.12,销售订单,PC 经营采购,顾客1769,顾客1769,1**********,1**********
雷神,电脑配件,拼多多,已成交,2026-03,8331.07,8441.25,8441.25,退换订单,PC 经营采购,顾客1770,顾客1770,1**********,1**********
华硕（ASUS）,显示器,抖音,已成交,2026-04,9276.16,9874.06,9874.06,销售订单,PC 经营采购,顾客1771,顾客1771,1**********,1**********
机械革命,一体机,抖音,已成交,2026-04,9169.17,8475.8,8475.8,采购订单,PC 经营采购,顾客1772,顾客1772,1**********,1**********
联想（Lenovo）,显示器,快手,新建采购,2026-02,,7458.9,2062.11,采购订单,PC 经营采购,顾客1773,顾客1773,1**********,1**********
七彩虹,台式整机,淘宝,撤销,2026-08,,6900.57,1758.06,销售订单,PC 经营采购,顾客1774,顾客1774,1**********,1**********
华硕（ASUS）,一体机,天猫,撤销,2026-01,,9287.26,592.95,退换订单,PC 经营采购,顾客1775,顾客1775,1**********,1**********
七彩虹,电脑配件,拼多多,已成交,2026-04,9419.64,7621.23,7621.23,销售订单,PC 经营采购,顾客1776,顾客1776,1**********,1**********
ThinkPad,一体机,抖音,已成交,2026-03,7811.82,6701.06,6701.06,销售订单,PC 经营采购,顾客1777,顾客1777,1**********,1**********
七彩虹,笔记本电脑,天猫,已成交,2026-04,9336.51,7073.28,7073.28,退换订单,PC 经营采购,顾客1778,顾客1778,1**********,1**********
机械革命,笔记本电脑,淘宝,已成交,2026-05,9568.53,8060.51,8060.51,退换订单,PC 经营采购,顾客1779,顾客1779,1**********,1**********
ThinkPad,笔记本电脑,拼多多,已成交,2026-08,7851.42,6282.9,6282.9,退换订单,PC 经营采购,顾客1780,顾客1780,1**********,1**********
微星,电脑配件,淘宝,撤销,2026-02,,10551.47,105.52,采购订单,PC 经营采购,顾客1781,顾客1781,1**********,1**********
微星,游戏本,抖音,已成交,2026-05,9659.85,9609.97,9609.97,退换订单,PC 经营采购,顾客1782,顾客1782,1**********,1**********
宏碁（acer）,笔记本电脑,淘宝,已成交,2026-07,8242.48,7596.82,7596.82,退换订单,PC 经营采购,顾客1783,顾客1783,1**********,1**********
联想（Lenovo）,轻薄本,抖音,撤销,2026-05,,7176.85,1887.48,采购订单,PC 经营采购,顾客1784,顾客1784,1**********,1**********
联想（Lenovo）,电脑配件,电商通,撤销,2026-06,,7965.34,722.58,采购订单,PC 经营采购,顾客1785,顾客1785,1**********,1**********
联想（Lenovo）,轻薄本,拼多多,已成交,2026-03,7193.21,7180.18,7180.18,销售订单,PC 经营采购,顾客1786,顾客1786,1**********,1**********
华硕（ASUS）,笔记本电脑,拼多多,报价中,2026-03,,7529.33,116.53,退换订单,PC 经营采购,顾客1787,顾客1787,1**********,1**********
雷神,一体机,拼多多,撤销,2026-01,,7750.21,574.66,退换订单,PC 经营采购,顾客1788,顾客1788,1**********,1**********
七彩虹,笔记本电脑,电商通,已成交,2026-03,8611.73,8723.11,8723.11,采购订单,PC 经营采购,顾客1789,顾客1789,1**********,1**********
联想（Lenovo）,台式整机,淘宝,新建采购,2026-01,,6373.21,1819.97,销售订单,PC 经营采购,顾客1790,顾客1790,1**********,1**********
七彩虹,台式整机,天猫,已成交,2026-03,8453.98,8492.83,8492.83,销售订单,PC 经营采购,顾客1791,顾客1791,1**********,1**********
宏碁（acer）,一体机,淘宝,已成交,2026-04,7735.06,7361.21,7361.21,退换订单,PC 经营采购,顾客1792,顾客1792,1**********,1**********
微星,显示器,抖音,已成交,2026-05,8877.18,8044.97,8044.97,销售订单,PC 经营采购,顾客1793,顾客1793,1**********,1**********
ThinkPad,一体机,京东,撤销,2026-03,,5944.75,35.48,退换订单,PC 经营采购,顾客1794,顾客1794,1**********,1**********
宏碁（acer）,电脑配件,淘宝,已成交,2026-08,6199.55,6332.01,6332.01,销售订单,PC 经营采购,顾客1795,顾客1795,1**********,1**********
雷神,轻薄本,京东,待发布,2026-08,,7402.23,719.13,退换订单,PC 经营采购,顾客1796,顾客1796,1**********,1**********
华硕（ASUS）,一体机,天猫,已成交,2026-01,9406.72,10101.77,10101.77,采购订单,PC 经营采购,顾客1797,顾客1797,1**********,1**********
联想（Lenovo）,笔记本电脑,电商通,已成交,2026-05,7107.17,7370.76,7370.76,采购订单,PC 经营采购,顾客1798,顾客1798,1**********,1**********
雷神,显示器,拼多多,已成交,2026-05,9445.59,7842.11,7842.11,采购订单,PC 经营采购,顾客1799,顾客1799,1**********,1**********
宏碁（acer）,笔记本电脑,快手,已成交,2026-02,6904.42,7340.0,7340.0,采购订单,PC 经营采购,顾客1800,顾客1800,1**********,1**********
微星,轻薄本,淘宝,已成交,2026-03,10344.54,8642.57,8642.57,退换订单,PC 经营采购,顾客1801,顾客1801,1**********,1**********
微星,游戏本,拼多多,已成交,2026-03,10508.85,8617.0,8617.0,销售订单,PC 经营采购,顾客1802,顾客1802,1**********,1**********
华硕（ASUS）,游戏本,电商通,已成交,2026-05,7551.32,8803.15,8803.15,销售订单,PC 经营采购,顾客1803,顾客1803,1**********,1**********
七彩虹,电脑配件,抖音,已成交,2026-05,7441.71,8778.73,8778.73,采购订单,PC 经营采购,顾客1804,顾客1804,1**********,1**********
雷神,游戏本,拼多多,已成交,2026-05,8011.89,7176.82,7176.82,采购订单,PC 经营采购,顾客1805,顾客1805,1**********,1**********
宏碁（acer）,显示器,电商通,报价中,2026-08,,6719.6,304.92,采购订单,PC 经营采购,顾客1806,顾客1806,1**********,1**********
华硕（ASUS）,台式整机,抖音,报价中,2026-04,,8478.87,2429.47,销售订单,PC 经营采购,顾客1807,顾客1807,1**********,1**********
惠普(HP),游戏本,拼多多,撤销,2026-04,,6467.5,535.49,退换订单,PC 经营采购,顾客1808,顾客1808,1**********,1**********
宏碁（acer）,显示器,抖音,撤销,2026-01,,6567.09,1017.41,采购订单,PC 经营采购,顾客1809,顾客1809,1**********,1**********
华硕（ASUS）,轻薄本,抖音,报价中,2026-08,,8665.3,1549.31,销售订单,PC 经营采购,顾客1810,顾客1810,1**********,1**********
机械革命,显示器,抖音,撤销,2026-08,,11208.19,203.23,采购订单,PC 经营采购,顾客1811,顾客1811,1**********,1**********
华硕（ASUS）,电脑配件,淘宝,已成交,2026-04,9113.37,8546.74,8546.74,销售订单,PC 经营采购,顾客1812,顾客1812,1**********,1**********
ThinkPad,游戏本,抖音,报价中,2026-04,,7514.9,653.74,采购订单,PC 经营采购,顾客1813,顾客1813,1**********,1**********
七彩虹,台式整机,淘宝,已成交,2026-02,8669.16,8386.34,8386.34,退换订单,PC 经营采购,顾客1814,顾客1814,1**********,1**********
机械革命,游戏本,快手,撤销,2026-02,,9565.92,1323.96,退换订单,PC 经营采购,顾客1815,顾客1815,1**********,1**********
ThinkPad,一体机,京东,新建采购,2026-06,,7807.46,1808.05,退换订单,PC 经营采购,顾客1816,顾客1816,1**********,1**********
联想（Lenovo）,一体机,拼多多,已成交,2026-01,6224.66,6349.12,6349.12,采购订单,PC 经营采购,顾客1817,顾客1817,1**********,1**********
联想（Lenovo）,游戏本,天猫,已成交,2026-06,6728.64,6092.42,6092.42,采购订单,PC 经营采购,顾客1818,顾客1818,1**********,1**********
联想（Lenovo）,电脑配件,快手,撤销,2026-06,,7526.55,2168.98,采购订单,PC 经营采购,顾客1819,顾客1819,1**********,1**********
机械革命,游戏本,淘宝,已成交,2026-08,8321.16,8238.08,8238.08,采购订单,PC 经营采购,顾客1820,顾客1820,1**********,1**********
惠普(HP),游戏本,天猫,已成交,2026-03,7862.43,7175.98,7175.98,退换订单,PC 经营采购,顾客1821,顾客1821,1**********,1**********
联想（Lenovo）,游戏本,淘宝,撤销,2026-01,,6405.57,1517.49,退换订单,PC 经营采购,顾客1822,顾客1822,1**********,1**********
ThinkPad,笔记本电脑,拼多多,撤销,2026-06,,7364.33,1921.71,退换订单,PC 经营采购,顾客1823,顾客1823,1**********,1**********
七彩虹,轻薄本,拼多多,已成交,2026-05,8444.7,8286.9,8286.9,退换订单,PC 经营采购,顾客1824,顾客1824,1**********,1**********
七彩虹,电脑配件,拼多多,撤销,2026-04,,6864.14,315.9,销售订单,PC 经营采购,顾客1825,顾客1825,1**********,1**********
雷神,电脑配件,淘宝,已成交,2026-04,9940.81,7740.78,7740.78,采购订单,PC 经营采购,顾客1826,顾客1826,1**********,1**********
联想（Lenovo）,笔记本电脑,淘宝,报价中,2026-06,,5613.19,1499.87,销售订单,PC 经营采购,顾客1827,顾客1827,1**********,1**********
ThinkPad,台式整机,淘宝,已成交,2026-07,6209.59,8362.5,8362.5,退换订单,PC 经营采购,顾客1828,顾客1828,1**********,1**********
微星,电脑配件,抖音,报价中,2026-04,,8193.32,1068.76,采购订单,PC 经营采购,顾客1829,顾客1829,1**********,1**********
七彩虹,电脑配件,拼多多,已成交,2026-04,8685.08,8936.97,8936.97,采购订单,PC 经营采购,顾客1830,顾客1830,1**********,1**********
宏碁（acer）,一体机,天猫,已成交,2026-04,7392.47,7284.32,7284.32,采购订单,PC 经营采购,顾客1831,顾客1831,1**********,1**********
机械革命,电脑配件,拼多多,已成交,2026-03,10371.06,10684.18,10684.18,退换订单,PC 经营采购,顾客1832,顾客1832,1**********,1**********
华硕（ASUS）,显示器,京东,已成交,2026-03,8906.11,7374.28,7374.28,退换订单,PC 经营采购,顾客1833,顾客1833,1**********,1**********
惠普(HP),电脑配件,抖音,已成交,2026-06,8878.66,8481.8,8481.8,退换订单,PC 经营采购,顾客1834,顾客1834,1**********,1**********
ThinkPad,显示器,抖音,报价中,2026-02,,6565.81,1573.94,销售订单,PC 经营采购,顾客1835,顾客1835,1**********,1**********
联想（Lenovo）,轻薄本,淘宝,报价中,2026-02,,7032.06,1719.0,采购订单,PC 经营采购,顾客1836,顾客1836,1**********,1**********
宏碁（acer）,笔记本电脑,拼多多,已成交,2026-05,6277.08,8172.64,8172.64,销售订单,PC 经营采购,顾客1837,顾客1837,1**********,1**********
宏碁（acer）,一体机,电商通,已成交,2026-06,6710.74,6303.43,6303.43,采购订单,PC 经营采购,顾客1838,顾客1838,1**********,1**********
微星,笔记本电脑,拼多多,报价中,2026-08,,10693.54,1655.4,退换订单,PC 经营采购,顾客1839,顾客1839,1**********,1**********
联想（Lenovo）,一体机,快手,撤销,2026-02,,7261.03,2107.98,退换订单,PC 经营采购,顾客1840,顾客1840,1**********,1**********
宏碁（acer）,台式整机,电商通,已成交,2026-05,6556.7,6521.23,6521.23,采购订单,PC 经营采购,顾客1841,顾客1841,1**********,1**********
机械革命,显示器,淘宝,撤销,2026-06,,8145.39,93.87,退换订单,PC 经营采购,顾客1842,顾客1842,1**********,1**********
七彩虹,一体机,电商通,撤销,2026-02,,7002.16,1638.81,退换订单,PC 经营采购,顾客1843,顾客1843,1**********,1**********
ThinkPad,一体机,拼多多,撤销,2026-01,,7118.83,929.15,退换订单,PC 经营采购,顾客1844,顾客1844,1**********,1**********
机械革命,显示器,电商通,已成交,2026-01,10446.32,9970.22,9970.22,采购订单,PC 经营采购,顾客1845,顾客1845,1**********,1**********
微星,显示器,淘宝,撤销,2026-02,,10737.17,3169.0,销售订单,PC 经营采购,顾客1846,顾客1846,1**********,1**********
雷神,电脑配件,淘宝,已成交,2026-06,7495.03,8904.55,8904.55,退换订单,PC 经营采购,顾客1847,顾客1847,1**********,1**********
宏碁（acer）,一体机,电商通,已成交,2026-08,6550.65,7353.56,7353.56,销售订单,PC 经营采购,顾客1848,顾客1848,1**********,1**********
联想（Lenovo）,一体机,淘宝,报价中,2026-02,,6441.1,223.25,采购订单,PC 经营采购,顾客1849,顾客1849,1**********,1**********
华硕（ASUS）,轻薄本,抖音,报价中,2026-01,,8066.24,1237.23,退换订单,PC 经营采购,顾客1850,顾客1850,1**********,1**********
雷神,电脑配件,天猫,已成交,2026-04,9859.57,8499.43,8499.43,采购订单,PC 经营采购,顾客1851,顾客1851,1**********,1**********
七彩虹,笔记本电脑,电商通,已成交,2026-08,7583.36,9597.93,9597.93,销售订单,PC 经营采购,顾客1852,顾客1852,1**********,1**********
华硕（ASUS）,游戏本,拼多多,已成交,2026-04,8339.07,8720.51,8720.51,退换订单,PC 经营采购,顾客1853,顾客1853,1**********,1**********
雷神,显示器,抖音,已成交,2026-02,7469.91,9622.28,9622.28,销售订单,PC 经营采购,顾客1854,顾客1854,1**********,1**********
ThinkPad,游戏本,拼多多,已成交,2026-06,6130.99,6718.06,6718.06,退换订单,PC 经营采购,顾客1855,顾客1855,1**********,1**********
宏碁（acer）,游戏本,天猫,已成交,2026-03,7557.32,6256.2,6256.2,采购订单,PC 经营采购,顾客1856,顾客1856,1**********,1**********
联想（Lenovo）,台式整机,拼多多,已成交,2026-06,7502.63,6159.3,6159.3,销售订单,PC 经营采购,顾客1857,顾客1857,1**********,1**********
ThinkPad,显示器,拼多多,待发布,2026-07,,7313.97,515.98,采购订单,PC 经营采购,顾客1858,顾客1858,1**********,1**********
华硕（ASUS）,一体机,淘宝,报价中,2026-06,,9630.66,2200.67,退换订单,PC 经营采购,顾客1859,顾客1859,1**********,1**********
联想（Lenovo）,显示器,淘宝,已成交,2026-03,7342.45,5782.14,5782.14,退换订单,PC 经营采购,顾客1860,顾客1860,1**********,1**********
微星,台式整机,拼多多,新建采购,2026-01,,10148.47,2885.3,采购订单,PC 经营采购,顾客1861,顾客1861,1**********,1**********
七彩虹,笔记本电脑,抖音,已成交,2026-02,7540.72,9483.43,9483.43,退换订单,PC 经营采购,顾客1862,顾客1862,1**********,1**********
联想（Lenovo）,一体机,京东,已成交,2026-01,6817.55,5913.57,5913.57,销售订单,PC 经营采购,顾客1863,顾客1863,1**********,1**********
惠普(HP),轻薄本,抖音,已成交,2026-05,7881.77,7459.19,7459.19,退换订单,PC 经营采购,顾客1864,顾客1864,1**********,1**********
宏碁（acer）,轻薄本,拼多多,已成交,2026-07,7176.86,7869.0,7869.0,采购订单,PC 经营采购,顾客1865,顾客1865,1**********,1**********
ThinkPad,显示器,京东,撤销,2026-04,,7593.1,515.99,销售订单,PC 经营采购,顾客1866,顾客1866,1**********,1**********
机械革命,显示器,拼多多,报价中,2026-08,,8551.0,1947.44,销售订单,PC 经营采购,顾客1867,顾客1867,1**********,1**********
雷神,笔记本电脑,天猫,已成交,2026-04,9293.13,7378.04,7378.04,退换订单,PC 经营采购,顾客1868,顾客1868,1**********,1**********
宏碁（acer）,笔记本电脑,抖音,撤销,2026-02,,7415.31,398.31,退换订单,PC 经营采购,顾客1869,顾客1869,1**********,1**********
宏碁（acer）,笔记本电脑,快手,报价中,2026-01,,5974.98,1020.12,退换订单,PC 经营采购,顾客1870,顾客1870,1**********,1**********
ThinkPad,笔记本电脑,天猫,已成交,2026-04,6869.27,7156.95,7156.95,销售订单,PC 经营采购,顾客1871,顾客1871,1**********,1**********
宏碁（acer）,显示器,拼多多,已成交,2026-05,8079.1,8093.71,8093.71,采购订单,PC 经营采购,顾客1872,顾客1872,1**********,1**********
微星,一体机,电商通,撤销,2026-02,,9214.63,202.27,销售订单,PC 经营采购,顾客1873,顾客1873,1**********,1**********
华硕（ASUS）,台式整机,电商通,待发布,2026-06,,10056.45,2640.48,退换订单,PC 经营采购,顾客1874,顾客1874,1**********,1**********
微星,电脑配件,淘宝,已成交,2026-03,9465.16,9047.0,9047.0,销售订单,PC 经营采购,顾客1875,顾客1875,1**********,1**********
联想（Lenovo）,一体机,淘宝,已成交,2026-02,7145.55,6268.51,6268.51,采购订单,PC 经营采购,顾客1876,顾客1876,1**********,1**********
微星,台式整机,淘宝,已成交,2026-01,10745.03,8172.71,8172.71,销售订单,PC 经营采购,顾客1877,顾客1877,1**********,1**********
ThinkPad,电脑配件,京东,撤销,2026-06,,7231.42,871.08,退换订单,PC 经营采购,顾客1878,顾客1878,1**********,1**********
微星,一体机,拼多多,报价中,2026-05,,10856.77,659.8,采购订单,PC 经营采购,顾客1879,顾客1879,1**********,1**********
雷神,轻薄本,抖音,已成交,2026-05,9677.77,8039.59,8039.59,采购订单,PC 经营采购,顾客1880,顾客1880,1**********,1**********
七彩虹,电脑配件,天猫,撤销,2026-02,,7731.06,780.38,退换订单,PC 经营采购,顾客1881,顾客1881,1**********,1**********
机械革命,笔记本电脑,京东,待发布,2026-06,,10339.89,3006.4,采购订单,PC 经营采购,顾客1882,顾客1882,1**********,1**********
惠普(HP),游戏本,京东,已成交,2026-02,9027.68,8283.47,8283.47,销售订单,PC 经营采购,顾客1883,顾客1883,1**********,1**********
联想（Lenovo）,一体机,拼多多,撤销,2026-01,,6689.34,773.97,销售订单,PC 经营采购,顾客1884,顾客1884,1**********,1**********
ThinkPad,电脑配件,京东,报价中,2026-02,,7659.16,1792.44,销售订单,PC 经营采购,顾客1885,顾客1885,1**********,1**********
雷神,游戏本,电商通,已成交,2026-01,9460.14,7467.63,7467.63,销售订单,PC 经营采购,顾客1886,顾客1886,1**********,1**********
机械革命,轻薄本,京东,报价中,2026-02,,10737.57,2978.66,销售订单,PC 经营采购,顾客1887,顾客1887,1**********,1**********
雷神,游戏本,拼多多,撤销,2026-04,,7473.9,1094.94,销售订单,PC 经营采购,顾客1888,顾客1888,1**********,1**********
机械革命,轻薄本,淘宝,已成交,2026-07,10576.98,8616.24,8616.24,销售订单,PC 经营采购,顾客1889,顾客1889,1**********,1**********
联想（Lenovo）,台式整机,天猫,已成交,2026-06,6142.98,6077.94,6077.94,采购订单,PC 经营采购,顾客1890,顾客1890,1**********,1**********
宏碁（acer）,轻薄本,抖音,已成交,2026-05,8131.36,8404.41,8404.41,采购订单,PC 经营采购,顾客1891,顾客1891,1**********,1**********
惠普(HP),台式整机,拼多多,已成交,2026-02,6929.31,6687.2,6687.2,采购订单,PC 经营采购,顾客1892,顾客1892,1**********,1**********
惠普(HP),轻薄本,京东,报价中,2026-06,,7517.97,1321.5,退换订单,PC 经营采购,顾客1893,顾客1893,1**********,1**********
微星,游戏本,快手,撤销,2026-03,,11219.9,2192.23,采购订单,PC 经营采购,顾客1894,顾客1894,1**********,1**********
雷神,显示器,电商通,撤销,2026-03,,8145.36,1997.31,退换订单,PC 经营采购,顾客1895,顾客1895,1**********,1**********
七彩虹,台式整机,抖音,已成交,2026-01,8590.45,7204.58,7204.58,采购订单,PC 经营采购,顾客1896,顾客1896,1**********,1**********
联想（Lenovo）,游戏本,京东,已成交,2026-04,7244.82,7014.04,7014.04,采购订单,PC 经营采购,顾客1897,顾客1897,1**********,1**********
华硕（ASUS）,显示器,电商通,已成交,2026-08,7651.65,7084.89,7084.89,退换订单,PC 经营采购,顾客1898,顾客1898,1**********,1**********
机械革命,一体机,淘宝,撤销,2026-07,,8583.66,485.54,采购订单,PC 经营采购,顾客1899,顾客1899,1**********,1**********
微星,游戏本,拼多多,报价中,2026-07,,10110.88,1307.67,销售订单,PC 经营采购,顾客1900,顾客1900,1**********,1**********
七彩虹,一体机,拼多多,新建采购,2026-04,,9247.38,491.44,销售订单,PC 经营采购,顾客1901,顾客1901,1**********,1**********
七彩虹,台式整机,京东,已成交,2026-06,8486.0,9775.24,9775.24,退换订单,PC 经营采购,顾客1902,顾客1902,1**********,1**********
宏碁（acer）,游戏本,拼多多,待发布,2026-03,,6984.16,337.66,退换订单,PC 经营采购,顾客1903,顾客1903,1**********,1**********
微星,显示器,淘宝,已成交,2026-05,10310.93,10764.31,10764.31,退换订单,PC 经营采购,顾客1904,顾客1904,1**********,1**********
华硕（ASUS）,电脑配件,抖音,已成交,2026-01,8040.9,9882.07,9882.07,退换订单,PC 经营采购,顾客1905,顾客1905,1**********,1**********
机械革命,轻薄本,电商通,已成交,2026-03,9866.06,7927.53,7927.53,采购订单,PC 经营采购,顾客1906,顾客1906,1**********,1**********
雷神,电脑配件,快手,撤销,2026-04,,9033.47,198.33,退换订单,PC 经营采购,顾客1907,顾客1907,1**********,1**********
雷神,台式整机,天猫,待发布,2026-07,,9166.49,1468.86,采购订单,PC 经营采购,顾客1908,顾客1908,1**********,1**********
七彩虹,轻薄本,淘宝,已成交,2026-01,8497.77,9240.62,9240.62,退换订单,PC 经营采购,顾客1909,顾客1909,1**********,1**********
联想（Lenovo）,游戏本,拼多多,已成交,2026-03,5771.96,7758.84,7758.84,退换订单,PC 经营采购,顾客1910,顾客1910,1**********,1**********
七彩虹,电脑配件,拼多多,已成交,2026-05,7993.07,7556.47,7556.47,销售订单,PC 经营采购,顾客1911,顾客1911,1**********,1**********
华硕（ASUS）,轻薄本,拼多多,已成交,2026-07,7401.01,7575.69,7575.69,销售订单,PC 经营采购,顾客1912,顾客1912,1**********,1**********
雷神,显示器,抖音,已成交,2026-05,8072.23,8403.36,8403.36,销售订单,PC 经营采购,顾客1913,顾客1913,1**********,1**********
联想（Lenovo）,轻薄本,快手,待发布,2026-08,,6383.7,270.83,退换订单,PC 经营采购,顾客1914,顾客1914,1**********,1**********
微星,显示器,电商通,报价中,2026-01,,8775.23,1575.44,销售订单,PC 经营采购,顾客1915,顾客1915,1**********,1**********
机械革命,一体机,抖音,撤销,2026-05,,10725.02,1114.85,退换订单,PC 经营采购,顾客1916,顾客1916,1**********,1**********
雷神,台式整机,拼多多,已成交,2026-01,7971.03,8288.55,8288.55,采购订单,PC 经营采购,顾客1917,顾客1917,1**********,1**********
联想（Lenovo）,游戏本,天猫,已成交,2026-05,6156.99,7027.64,7027.64,采购订单,PC 经营采购,顾客1918,顾客1918,1**********,1**********
惠普(HP),笔记本电脑,抖音,已成交,2026-07,7772.98,9240.71,9240.71,退换订单,PC 经营采购,顾客1919,顾客1919,1**********,1**********
惠普(HP),笔记本电脑,电商通,新建采购,2026-06,,7367.96,1695.81,采购订单,PC 经营采购,顾客1920,顾客1920,1**********,1**********
宏碁（acer）,电脑配件,淘宝,待发布,2026-07,,6246.02,1203.89,采购订单,PC 经营采购,顾客1921,顾客1921,1**********,1**********
微星,轻薄本,抖音,已成交,2026-01,8771.77,10766.08,10766.08,销售订单,PC 经营采购,顾客1922,顾客1922,1**********,1**********
华硕（ASUS）,游戏本,天猫,撤销,2026-04,,8803.14,1058.86,退换订单,PC 经营采购,顾客1923,顾客1923,1**********,1**********
微星,轻薄本,快手,撤销,2026-07,,7930.03,1047.01,采购订单,PC 经营采购,顾客1924,顾客1924,1**********,1**********
华硕（ASUS）,显示器,天猫,撤销,2026-05,,7475.39,1102.16,采购订单,PC 经营采购,顾客1925,顾客1925,1**********,1**********
机械革命,电脑配件,天猫,已成交,2026-08,8571.51,9469.08,9469.08,退换订单,PC 经营采购,顾客1926,顾客1926,1**********,1**********
机械革命,电脑配件,拼多多,已成交,2026-04,8758.0,8883.84,8883.84,采购订单,PC 经营采购,顾客1927,顾客1927,1**********,1**********
联想（Lenovo）,轻薄本,天猫,已成交,2026-02,7705.1,7714.93,7714.93,退换订单,PC 经营采购,顾客1928,顾客1928,1**********,1**********
华硕（ASUS）,轻薄本,电商通,已成交,2026-01,8206.87,9217.6,9217.6,退换订单,PC 经营采购,顾客1929,顾客1929,1**********,1**********
机械革命,笔记本电脑,快手,已成交,2026-05,8555.45,11218.69,11218.69,采购订单,PC 经营采购,顾客1930,顾客1930,1**********,1**********
雷神,台式整机,淘宝,已成交,2026-02,8676.68,7535.69,7535.69,退换订单,PC 经营采购,顾客1931,顾客1931,1**********,1**********
ThinkPad,笔记本电脑,淘宝,已成交,2026-02,7641.19,7648.62,7648.62,销售订单,PC 经营采购,顾客1932,顾客1932,1**********,1**********
ThinkPad,电脑配件,京东,已成交,2026-08,7326.37,8113.64,8113.64,采购订单,PC 经营采购,顾客1933,顾客1933,1**********,1**********
七彩虹,轻薄本,淘宝,已成交,2026-06,9298.75,7426.05,7426.05,采购订单,PC 经营采购,顾客1934,顾客1934,1**********,1**********
机械革命,一体机,拼多多,已成交,2026-07,8117.1,9775.93,9775.93,销售订单,PC 经营采购,顾客1935,顾客1935,1**********,1**********
ThinkPad,游戏本,淘宝,撤销,2026-06,,6728.17,1090.63,退换订单,PC 经营采购,顾客1936,顾客1936,1**********,1**********
宏碁（acer）,一体机,快手,新建采购,2026-02,,6277.94,404.34,销售订单,PC 经营采购,顾客1937,顾客1937,1**********,1**********
华硕（ASUS）,显示器,天猫,已成交,2026-03,9117.24,7257.82,7257.82,销售订单,PC 经营采购,顾客1938,顾客1938,1**********,1**********
惠普(HP),显示器,淘宝,已成交,2026-08,7067.21,8564.45,8564.45,退换订单,PC 经营采购,顾客1939,顾客1939,1**********,1**********
微星,显示器,京东,已成交,2026-02,10203.73,9448.11,9448.11,采购订单,PC 经营采购,顾客1940,顾客1940,1**********,1**********
七彩虹,轻薄本,天猫,已成交,2026-03,7194.17,9150.78,9150.78,退换订单,PC 经营采购,顾客1941,顾客1941,1**********,1**********
华硕（ASUS）,电脑配件,拼多多,已成交,2026-04,8888.23,9661.62,9661.62,采购订单,PC 经营采购,顾客1942,顾客1942,1**********,1**********
机械革命,游戏本,抖音,已成交,2026-07,8334.38,10820.61,10820.61,退换订单,PC 经营采购,顾客1943,顾客1943,1**********,1**********
ThinkPad,游戏本,抖音,报价中,2026-06,,6632.51,64.56,销售订单,PC 经营采购,顾客1944,顾客1944,1**********,1**********
微星,轻薄本,淘宝,已成交,2026-04,8502.49,10990.65,10990.65,采购订单,PC 经营采购,顾客1945,顾客1945,1**********,1**********
机械革命,游戏本,淘宝,待发布,2026-05,,7810.68,1994.62,销售订单,PC 经营采购,顾客1946,顾客1946,1**********,1**********
七彩虹,笔记本电脑,电商通,已成交,2026-05,9281.09,7123.62,7123.62,销售订单,PC 经营采购,顾客1947,顾客1947,1**********,1**********
华硕（ASUS）,笔记本电脑,抖音,已成交,2026-01,9794.93,7500.36,7500.36,销售订单,PC 经营采购,顾客1948,顾客1948,1**********,1**********
华硕（ASUS）,台式整机,天猫,已成交,2026-01,7609.44,7639.51,7639.51,采购订单,PC 经营采购,顾客1949,顾客1949,1**********,1**********
雷神,一体机,拼多多,已成交,2026-01,9007.59,8989.5,8989.5,退换订单,PC 经营采购,顾客1950,顾客1950,1**********,1**********
宏碁（acer）,笔记本电脑,拼多多,已成交,2026-02,7479.63,8004.45,8004.45,采购订单,PC 经营采购,顾客1951,顾客1951,1**********,1**********
七彩虹,电脑配件,电商通,已成交,2026-07,8787.67,8321.14,8321.14,销售订单,PC 经营采购,顾客1952,顾客1952,1**********,1**********
宏碁（acer）,笔记本电脑,抖音,已成交,2026-03,7668.22,6034.71,6034.71,销售订单,PC 经营采购,顾客1953,顾客1953,1**********,1**********
惠普(HP),游戏本,抖音,已成交,2026-06,8354.46,7507.95,7507.95,退换订单,PC 经营采购,顾客1954,顾客1954,1**********,1**********
七彩虹,笔记本电脑,快手,撤销,2026-03,,8675.75,736.77,采购订单,PC 经营采购,顾客1955,顾客1955,1**********,1**********
微星,笔记本电脑,拼多多,报价中,2026-03,,8671.43,2157.05,退换订单,PC 经营采购,顾客1956,顾客1956,1**********,1**********
微星,笔记本电脑,拼多多,报价中,2026-05,,10874.74,63.73,采购订单,PC 经营采购,顾客1957,顾客1957,1**********,1**********
七彩虹,一体机,抖音,待发布,2026-06,,7488.59,1882.5,退换订单,PC 经营采购,顾客1958,顾客1958,1**********,1**********
机械革命,一体机,抖音,已成交,2026-06,9925.45,11167.87,11167.87,销售订单,PC 经营采购,顾客1959,顾客1959,1**********,1**********
惠普(HP),电脑配件,抖音,已成交,2026-08,6722.42,7933.03,7933.03,采购订单,PC 经营采购,顾客1960,顾客1960,1**********,1**********
雷神,一体机,天猫,已成交,2026-07,9085.42,8244.58,8244.58,销售订单,PC 经营采购,顾客1961,顾客1961,1**********,1**********
七彩虹,笔记本电脑,拼多多,待发布,2026-07,,8977.09,200.78,销售订单,PC 经营采购,顾客1962,顾客1962,1**********,1**********
宏碁（acer）,轻薄本,电商通,已成交,2026-04,7537.78,8325.88,8325.88,销售订单,PC 经营采购,顾客1963,顾客1963,1**********,1**********
机械革命,游戏本,抖音,报价中,2026-03,,9989.74,1063.15,退换订单,PC 经营采购,顾客1964,顾客1964,1**********,1**********
宏碁（acer）,一体机,淘宝,已成交,2026-05,6211.77,6445.53,6445.53,销售订单,PC 经营采购,顾客1965,顾客1965,1**********,1**********
华硕（ASUS）,一体机,拼多多,报价中,2026-04,,8845.27,1509.25,退换订单,PC 经营采购,顾客1966,顾客1966,1**********,1**********
雷神,电脑配件,拼多多,已成交,2026-06,9145.24,9602.35,9602.35,采购订单,PC 经营采购,顾客1967,顾客1967,1**********,1**********
联想（Lenovo）,电脑配件,抖音,已成交,2026-06,5781.52,6561.75,6561.75,采购订单,PC 经营采购,顾客1968,顾客1968,1**********,1**********
ThinkPad,游戏本,天猫,已成交,2026-02,7776.16,6393.88,6393.88,退换订单,PC 经营采购,顾客1969,顾客1969,1**********,1**********
惠普(HP),游戏本,抖音,已成交,2026-03,8212.87,6488.14,6488.14,销售订单,PC 经营采购,顾客1970,顾客1970,1**********,1**********
ThinkPad,一体机,快手,报价中,2026-02,,7652.84,1118.82,退换订单,PC 经营采购,顾客1971,顾客1971,1**********,1**********
联想（Lenovo）,显示器,京东,撤销,2026-02,,7433.36,228.96,销售订单,PC 经营采购,顾客1972,顾客1972,1**********,1**********
联想（Lenovo）,一体机,拼多多,已成交,2026-05,5841.3,6681.76,6681.76,采购订单,PC 经营采购,顾客1973,顾客1973,1**********,1**********
华硕（ASUS）,电脑配件,电商通,已成交,2026-05,8616.63,9460.04,9460.04,退换订单,PC 经营采购,顾客1974,顾客1974,1**********,1**********
雷神,轻薄本,京东,已成交,2026-04,9438.62,9553.56,9553.56,采购订单,PC 经营采购,顾客1975,顾客1975,1**********,1**********
宏碁（acer）,轻薄本,淘宝,撤销,2026-02,,7842.54,733.17,采购订单,PC 经营采购,顾客1976,顾客1976,1**********,1**********
联想（Lenovo）,一体机,拼多多,已成交,2026-08,6367.17,6069.85,6069.85,采购订单,PC 经营采购,顾客1977,顾客1977,1**********,1**********
七彩虹,笔记本电脑,拼多多,已成交,2026-05,7447.15,7614.33,7614.33,采购订单,PC 经营采购,顾客1978,顾客1978,1**********,1**********
雷神,游戏本,抖音,已成交,2026-01,9284.78,7822.64,7822.64,销售订单,PC 经营采购,顾客1979,顾客1979,1**********,1**********
华硕（ASUS）,笔记本电脑,快手,报价中,2026-06,,7251.02,373.55,采购订单,PC 经营采购,顾客1980,顾客1980,1**********,1**********
惠普(HP),显示器,抖音,撤销,2026-05,,6804.86,1830.26,销售订单,PC 经营采购,顾客1981,顾客1981,1**********,1**********
惠普(HP),一体机,拼多多,撤销,2026-02,,7289.22,753.99,销售订单,PC 经营采购,顾客1982,顾客1982,1**********,1**********
联想（Lenovo）,台式整机,快手,报价中,2026-01,,5582.75,1525.38,采购订单,PC 经营采购,顾客1983,顾客1983,1**********,1**********
雷神,台式整机,拼多多,撤销,2026-02,,9677.09,265.28,采购订单,PC 经营采购,顾客1984,顾客1984,1**********,1**********
宏碁（acer）,电脑配件,天猫,撤销,2026-08,,7239.74,1262.65,退换订单,PC 经营采购,顾客1985,顾客1985,1**********,1**********
ThinkPad,电脑配件,抖音,已成交,2026-08,7446.96,8416.79,8416.79,退换订单,PC 经营采购,顾客1986,顾客1986,1**********,1**********
七彩虹,游戏本,快手,撤销,2026-07,,7706.1,2272.64,退换订单,PC 经营采购,顾客1987,顾客1987,1**********,1**********
惠普(HP),笔记本电脑,抖音,撤销,2026-02,,7879.84,2106.69,销售订单,PC 经营采购,顾客1988,顾客1988,1**********,1**********
联想（Lenovo）,台式整机,电商通,撤销,2026-01,,6047.7,1620.93,销售订单,PC 经营采购,顾客1989,顾客1989,1**********,1**********
机械革命,一体机,电商通,已成交,2026-07,8214.53,10419.04,10419.04,退换订单,PC 经营采购,顾客1990,顾客1990,1**********,1**********
机械革命,轻薄本,拼多多,已成交,2026-06,9787.22,8327.83,8327.83,退换订单,PC 经营采购,顾客1991,顾客1991,1**********,1**********
雷神,轻薄本,天猫,报价中,2026-03,,9542.93,1125.25,退换订单,PC 经营采购,顾客1992,顾客1992,1**********,1**********
机械革命,游戏本,京东,撤销,2026-08,,9173.27,1780.65,销售订单,PC 经营采购,顾客1993,顾客1993,1**********,1**********
惠普(HP),游戏本,电商通,已成交,2026-02,7982.6,6852.57,6852.57,退换订单,PC 经营采购,顾客1994,顾客1994,1**********,1**********
联想（Lenovo）,一体机,淘宝,已成交,2026-05,7584.66,7780.42,7780.42,退换订单,PC 经营采购,顾客1995,顾客1995,1**********,1**********
ThinkPad,台式整机,京东,已成交,2026-01,6975.5,7569.69,7569.69,采购订单,PC 经营采购,顾客1996,顾客1996,1**********,1**********
ThinkPad,电脑配件,天猫,新建采购,2026-03,,6632.64,696.28,销售订单,PC 经营采购,顾客1997,顾客1997,1**********,1**********
惠普(HP),电脑配件,天猫,已成交,2026-08,6792.87,6552.1,6552.1,销售订单,PC 经营采购,顾客1998,顾客1998,1**********,1**********
微星,轻薄本,拼多多,报价中,2026-03,,8031.36,86.51,销售订单,PC 经营采购,顾客1999,顾客1999,1**********,1**********
宏碁（acer）,游戏本,抖音,已成交,2026-02,7520.32,8489.33,8489.33,销售订单,PC 经营采购,顾客2000,顾客2000,1**********,1**********
雷神,电脑配件,天猫,已成交,2026-06,9296.87,8581.12,8581.12,采购订单,PC 经营采购,顾客2001,顾客2001,1**********,1**********
华硕（ASUS）,轻薄本,快手,待发布,2026-04,,9973.81,100.59,销售订单,PC 经营采购,顾客2002,顾客2002,1**********,1**********
宏碁（acer）,游戏本,电商通,已成交,2026-05,6966.03,6711.09,6711.09,采购订单,PC 经营采购,顾客2003,顾客2003,1**********,1**********
七彩虹,台式整机,抖音,已成交,2026-05,8907.54,9587.39,9587.39,销售订单,PC 经营采购,顾客2004,顾客2004,1**********,1**********
联想（Lenovo）,笔记本电脑,拼多多,报价中,2026-07,,6398.14,1716.48,销售订单,PC 经营采购,顾客2005,顾客2005,1**********,1**********
联想（Lenovo）,游戏本,天猫,报价中,2026-04,,6452.22,291.46,退换订单,PC 经营采购,顾客2006,顾客2006,1**********,1**********
联想（Lenovo）,一体机,京东,已成交,2026-02,7711.09,6093.02,6093.02,退换订单,PC 经营采购,顾客2007,顾客2007,1**********,1**********
七彩虹,轻薄本,天猫,撤销,2026-05,,7883.42,397.8,销售订单,PC 经营采购,顾客2008,顾客2008,1**********,1**********
宏碁（acer）,笔记本电脑,京东,撤销,2026-04,,6485.58,555.74,退换订单,PC 经营采购,顾客2009,顾客2009,1**********,1**********
七彩虹,显示器,快手,报价中,2026-08,,7841.34,1973.97,退换订单,PC 经营采购,顾客2010,顾客2010,1**********,1**********
微星,显示器,淘宝,已成交,2026-05,8811.74,7988.2,7988.2,销售订单,PC 经营采购,顾客2011,顾客2011,1**********,1**********
宏碁（acer）,电脑配件,快手,撤销,2026-07,,7889.26,72.64,采购订单,PC 经营采购,顾客2012,顾客2012,1**********,1**********
雷神,电脑配件,拼多多,已成交,2026-04,9403.78,8355.63,8355.63,销售订单,PC 经营采购,顾客2013,顾客2013,1**********,1**********
七彩虹,电脑配件,淘宝,已成交,2026-08,8566.9,7599.34,7599.34,销售订单,PC 经营采购,顾客2014,顾客2014,1**********,1**********
七彩虹,显示器,拼多多,已成交,2026-06,7719.89,8959.83,8959.83,退换订单,PC 经营采购,顾客2015,顾客2015,1**********,1**********
七彩虹,电脑配件,抖音,撤销,2026-03,,8475.13,181.56,销售订单,PC 经营采购,顾客2016,顾客2016,1**********,1**********
机械革命,游戏本,京东,已成交,2026-05,9988.04,8461.75,8461.75,退换订单,PC 经营采购,顾客2017,顾客2017,1**********,1**********
宏碁（acer）,笔记本电脑,抖音,已成交,2026-02,7672.65,6924.78,6924.78,销售订单,PC 经营采购,顾客2018,顾客2018,1**********,1**********
惠普(HP),游戏本,拼多多,已成交,2026-03,7565.85,7385.52,7385.52,销售订单,PC 经营采购,顾客2019,顾客2019,1**********,1**********
微星,游戏本,天猫,已成交,2026-02,8710.02,11199.89,11199.89,采购订单,PC 经营采购,顾客2020,顾客2020,1**********,1**********
ThinkPad,台式整机,抖音,撤销,2026-08,,6130.36,1110.44,退换订单,PC 经营采购,顾客2021,顾客2021,1**********,1**********
雷神,显示器,拼多多,撤销,2026-01,,8830.69,1783.39,退换订单,PC 经营采购,顾客2022,顾客2022,1**********,1**********
联想（Lenovo）,电脑配件,拼多多,撤销,2026-07,,6981.74,71.64,销售订单,PC 经营采购,顾客2023,顾客2023,1**********,1**********
雷神,轻薄本,天猫,已成交,2026-08,9172.58,10023.14,10023.14,销售订单,PC 经营采购,顾客2024,顾客2024,1**********,1**********
宏碁（acer）,显示器,天猫,已成交,2026-06,6242.49,8408.27,8408.27,销售订单,PC 经营采购,顾客2025,顾客2025,1**********,1**********
雷神,游戏本,拼多多,已成交,2026-03,8840.51,10066.45,10066.45,销售订单,PC 经营采购,顾客2026,顾客2026,1**********,1**********
微星,笔记本电脑,淘宝,已成交,2026-03,10967.18,8242.44,8242.44,采购订单,PC 经营采购,顾客2027,顾客2027,1**********,1**********
华硕（ASUS）,一体机,抖音,撤销,2026-06,,8675.29,1462.93,销售订单,PC 经营采购,顾客2028,顾客2028,1**********,1**********
宏碁（acer）,显示器,拼多多,已成交,2026-04,7768.21,7302.9,7302.9,退换订单,PC 经营采购,顾客2029,顾客2029,1**********,1**********
华硕（ASUS）,一体机,天猫,已成交,2026-05,8428.72,8557.2,8557.2,销售订单,PC 经营采购,顾客2030,顾客2030,1**********,1**********
七彩虹,一体机,电商通,已成交,2026-05,7821.34,7735.38,7735.38,退换订单,PC 经营采购,顾客2031,顾客2031,1**********,1**********
雷神,轻薄本,拼多多,撤销,2026-06,,9779.67,1032.56,销售订单,PC 经营采购,顾客2032,顾客2032,1**********,1**********
华硕（ASUS）,台式整机,抖音,报价中,2026-03,,10124.97,1832.61,采购订单,PC 经营采购,顾客2033,顾客2033,1**********,1**********
雷神,显示器,拼多多,已成交,2026-01,7560.93,9665.95,9665.95,退换订单,PC 经营采购,顾客2034,顾客2034,1**********,1**********
惠普(HP),轻薄本,电商通,已成交,2026-03,7556.91,7704.73,7704.73,采购订单,PC 经营采购,顾客2035,顾客2035,1**********,1**********
机械革命,电脑配件,拼多多,撤销,2026-08,,9354.26,2386.79,退换订单,PC 经营采购,顾客2036,顾客2036,1**********,1**********
惠普(HP),游戏本,天猫,报价中,2026-06,,7597.03,311.34,销售订单,PC 经营采购,顾客2037,顾客2037,1**********,1**********
雷神,台式整机,抖音,已成交,2026-01,7375.23,7396.19,7396.19,销售订单,PC 经营采购,顾客2038,顾客2038,1**********,1**********
宏碁（acer）,笔记本电脑,抖音,已成交,2026-05,7838.52,6926.01,6926.01,退换订单,PC 经营采购,顾客2039,顾客2039,1**********,1**********
联想（Lenovo）,电脑配件,电商通,已成交,2026-06,7687.16,6178.2,6178.2,退换订单,PC 经营采购,顾客2040,顾客2040,1**********,1**********
雷神,游戏本,淘宝,已成交,2026-08,9338.69,9639.08,9639.08,采购订单,PC 经营采购,顾客2041,顾客2041,1**********,1**********
雷神,显示器,淘宝,已成交,2026-07,7934.36,9918.22,9918.22,退换订单,PC 经营采购,顾客2042,顾客2042,1**********,1**********
华硕（ASUS）,游戏本,淘宝,已成交,2026-05,8020.86,9338.85,9338.85,销售订单,PC 经营采购,顾客2043,顾客2043,1**********,1**********
七彩虹,轻薄本,抖音,已成交,2026-03,7837.32,7120.12,7120.12,销售订单,PC 经营采购,顾客2044,顾客2044,1**********,1**********
宏碁（acer）,一体机,拼多多,撤销,2026-03,,6029.57,1492.65,采购订单,PC 经营采购,顾客2045,顾客2045,1**********,1**********
雷神,游戏本,抖音,撤销,2026-05,,8838.63,158.23,销售订单,PC 经营采购,顾客2046,顾客2046,1**********,1**********
七彩虹,台式整机,拼多多,撤销,2026-04,,7576.2,1511.6,采购订单,PC 经营采购,顾客2047,顾客2047,1**********,1**********
宏碁（acer）,显示器,天猫,已成交,2026-05,6571.43,8122.25,8122.25,采购订单,PC 经营采购,顾客2048,顾客2048,1**********,1**********
华硕（ASUS）,显示器,抖音,报价中,2026-02,,9983.55,261.12,采购订单,PC 经营采购,顾客2049,顾客2049,1**********,1**********
七彩虹,一体机,天猫,撤销,2026-02,,8581.58,1946.71,退换订单,PC 经营采购,顾客2050,顾客2050,1**********,1**********
华硕（ASUS）,游戏本,拼多多,新建采购,2026-04,,9159.38,2222.09,采购订单,PC 经营采购,顾客2051,顾客2051,1**********,1**********
华硕（ASUS）,电脑配件,抖音,报价中,2026-02,,9207.98,2143.4,采购订单,PC 经营采购,顾客2052,顾客2052,1**********,1**********
微星,电脑配件,天猫,新建采购,2026-07,,10259.6,250.56,销售订单,PC 经营采购,顾客2053,顾客2053,1**********,1**********
联想（Lenovo）,游戏本,电商通,撤销,2026-04,,5643.8,1663.68,销售订单,PC 经营采购,顾客2054,顾客2054,1**********,1**********
雷神,一体机,抖音,已成交,2026-01,7643.86,7952.98,7952.98,采购订单,PC 经营采购,顾客2055,顾客2055,1**********,1**********
联想（Lenovo）,游戏本,快手,已成交,2026-05,5979.85,6056.44,6056.44,销售订单,PC 经营采购,顾客2056,顾客2056,1**********,1**********
惠普(HP),台式整机,淘宝,已成交,2026-07,7333.11,7199.66,7199.66,退换订单,PC 经营采购,顾客2057,顾客2057,1**********,1**********
雷神,笔记本电脑,快手,撤销,2026-06,,8404.12,1607.87,采购订单,PC 经营采购,顾客2058,顾客2058,1**********,1**********
惠普(HP),台式整机,拼多多,已成交,2026-02,8315.18,7626.23,7626.23,销售订单,PC 经营采购,顾客2059,顾客2059,1**********,1**********
ThinkPad,台式整机,天猫,已成交,2026-06,6356.14,6051.72,6051.72,退换订单,PC 经营采购,顾客2060,顾客2060,1**********,1**********
宏碁（acer）,笔记本电脑,淘宝,已成交,2026-08,7518.73,5959.86,5959.86,退换订单,PC 经营采购,顾客2061,顾客2061,1**********,1**********
七彩虹,游戏本,拼多多,待发布,2026-07,,8812.42,735.87,退换订单,PC 经营采购,顾客2062,顾客2062,1**********,1**********
ThinkPad,显示器,淘宝,撤销,2026-06,,6615.8,374.01,采购订单,PC 经营采购,顾客2063,顾客2063,1**********,1**********
惠普(HP),笔记本电脑,拼多多,撤销,2026-05,,7129.79,728.25,采购订单,PC 经营采购,顾客2064,顾客2064,1**********,1**********
雷神,游戏本,天猫,已成交,2026-06,8221.26,9215.46,9215.46,销售订单,PC 经营采购,顾客2065,顾客2065,1**********,1**********
ThinkPad,一体机,京东,已成交,2026-07,8034.95,6260.37,6260.37,采购订单,PC 经营采购,顾客2066,顾客2066,1**********,1**********
ThinkPad,台式整机,拼多多,已成交,2026-07,7169.22,6455.2,6455.2,销售订单,PC 经营采购,顾客2067,顾客2067,1**********,1**********
机械革命,游戏本,京东,撤销,2026-05,,9492.68,924.67,采购订单,PC 经营采购,顾客2068,顾客2068,1**********,1**********
ThinkPad,游戏本,抖音,已成交,2026-05,7860.39,8059.06,8059.06,退换订单,PC 经营采购,顾客2069,顾客2069,1**********,1**********
惠普(HP),台式整机,天猫,已成交,2026-06,8213.25,6656.48,6656.48,采购订单,PC 经营采购,顾客2070,顾客2070,1**********,1**********
宏碁（acer）,游戏本,抖音,撤销,2026-05,,7380.21,830.93,销售订单,PC 经营采购,顾客2071,顾客2071,1**********,1**********
联想（Lenovo）,电脑配件,拼多多,已成交,2026-02,6469.49,7813.73,7813.73,销售订单,PC 经营采购,顾客2072,顾客2072,1**********,1**********
机械革命,笔记本电脑,京东,撤销,2026-06,,9568.35,296.63,退换订单,PC 经营采购,顾客2073,顾客2073,1**********,1**********
微星,笔记本电脑,快手,新建采购,2026-04,,8942.67,1683.43,采购订单,PC 经营采购,顾客2074,顾客2074,1**********,1**********
七彩虹,游戏本,抖音,新建采购,2026-03,,6986.85,407.37,销售订单,PC 经营采购,顾客2075,顾客2075,1**********,1**********
机械革命,游戏本,电商通,撤销,2026-07,,10922.44,1408.18,采购订单,PC 经营采购,顾客2076,顾客2076,1**********,1**********
七彩虹,游戏本,抖音,已成交,2026-01,7880.14,7007.04,7007.04,退换订单,PC 经营采购,顾客2077,顾客2077,1**********,1**********
雷神,游戏本,快手,报价中,2026-05,,7417.18,1187.59,采购订单,PC 经营采购,顾客2078,顾客2078,1**********,1**********
ThinkPad,笔记本电脑,快手,撤销,2026-08,,8425.71,293.42,采购订单,PC 经营采购,顾客2079,顾客2079,1**********,1**********
联想（Lenovo）,轻薄本,淘宝,报价中,2026-05,,5744.32,279.18,退换订单,PC 经营采购,顾客2080,顾客2080,1**********,1**********
联想（Lenovo）,一体机,快手,已成交,2026-08,5831.15,7807.43,7807.43,退换订单,PC 经营采购,顾客2081,顾客2081,1**********,1**********
ThinkPad,电脑配件,天猫,撤销,2026-05,,6576.44,397.81,退换订单,PC 经营采购,顾客2082,顾客2082,1**********,1**********
宏碁（acer）,电脑配件,拼多多,已成交,2026-06,6272.58,8035.82,8035.82,销售订单,PC 经营采购,顾客2083,顾客2083,1**********,1**********
联想（Lenovo）,显示器,抖音,报价中,2026-01,,7955.77,529.92,销售订单,PC 经营采购,顾客2084,顾客2084,1**********,1**********
惠普(HP),台式整机,电商通,已成交,2026-02,8908.91,7175.6,7175.6,销售订单,PC 经营采购,顾客2085,顾客2085,1**********,1**********
雷神,台式整机,拼多多,撤销,2026-07,,9093.54,2302.21,销售订单,PC 经营采购,顾客2086,顾客2086,1**********,1**********
微星,笔记本电脑,京东,已成交,2026-01,8562.52,10856.82,10856.82,销售订单,PC 经营采购,顾客2087,顾客2087,1**********,1**********
宏碁（acer）,一体机,抖音,已成交,2026-03,6653.35,6369.26,6369.26,退换订单,PC 经营采购,顾客2088,顾客2088,1**********,1**********
机械革命,笔记本电脑,拼多多,已成交,2026-04,8575.63,8885.26,8885.26,销售订单,PC 经营采购,顾客2089,顾客2089,1**********,1**********
微星,轻薄本,抖音,已成交,2026-02,8172.96,9821.72,9821.72,退换订单,PC 经营采购,顾客2090,顾客2090,1**********,1**********
宏碁（acer）,一体机,拼多多,已成交,2026-04,7825.63,8445.65,8445.65,退换订单,PC 经营采购,顾客2091,顾客2091,1**********,1**********
雷神,一体机,淘宝,撤销,2026-05,,8479.1,578.97,退换订单,PC 经营采购,顾客2092,顾客2092,1**********,1**********
宏碁（acer）,轻薄本,拼多多,撤销,2026-07,,8169.2,475.49,退换订单,PC 经营采购,顾客2093,顾客2093,1**********,1**********
华硕（ASUS）,显示器,抖音,撤销,2026-06,,9659.13,223.73,采购订单,PC 经营采购,顾客2094,顾客2094,1**********,1**********
七彩虹,台式整机,拼多多,已成交,2026-06,7417.79,7423.54,7423.54,采购订单,PC 经营采购,顾客2095,顾客2095,1**********,1**********
微星,电脑配件,抖音,报价中,2026-05,,8125.02,2006.28,采购订单,PC 经营采购,顾客2096,顾客2096,1**********,1**********
ThinkPad,笔记本电脑,天猫,已成交,2026-07,8168.33,5957.43,5957.43,退换订单,PC 经营采购,顾客2097,顾客2097,1**********,1**********
微星,游戏本,抖音,新建采购,2026-02,,9508.69,1690.83,采购订单,PC 经营采购,顾客2098,顾客2098,1**********,1**********
七彩虹,一体机,抖音,已成交,2026-07,8037.48,8746.48,8746.48,销售订单,PC 经营采购,顾客2099,顾客2099,1**********,1**********
微星,显示器,抖音,撤销,2026-07,,7957.33,1419.29,采购订单,PC 经营采购,顾客2100,顾客2100,1**********,1**********
微星,笔记本电脑,天猫,新建采购,2026-08,,10360.68,2201.07,退换订单,PC 经营采购,顾客2101,顾客2101,1**********,1**********
机械革命,一体机,拼多多,已成交,2026-06,8544.6,10884.6,10884.6,采购订单,PC 经营采购,顾客2102,顾客2102,1**********,1**********
华硕（ASUS）,轻薄本,淘宝,已成交,2026-07,7773.04,7185.91,7185.91,采购订单,PC 经营采购,顾客2103,顾客2103,1**********,1**********
机械革命,一体机,京东,已成交,2026-04,9331.21,10978.72,10978.72,采购订单,PC 经营采购,顾客2104,顾客2104,1**********,1**********
华硕（ASUS）,电脑配件,拼多多,已成交,2026-03,8089.01,8906.15,8906.15,采购订单,PC 经营采购,顾客2105,顾客2105,1**********,1**********
机械革命,笔记本电脑,抖音,已成交,2026-06,10357.21,8401.53,8401.53,退换订单,PC 经营采购,顾客2106,顾客2106,1**********,1**********
雷神,笔记本电脑,拼多多,已成交,2026-05,8894.35,9342.59,9342.59,采购订单,PC 经营采购,顾客2107,顾客2107,1**********,1**********
雷神,轻薄本,拼多多,已成交,2026-05,7405.82,9129.02,9129.02,销售订单,PC 经营采购,顾客2108,顾客2108,1**********,1**********
微星,一体机,京东,已成交,2026-01,9766.23,10266.52,10266.52,采购订单,PC 经营采购,顾客2109,顾客2109,1**********,1**********
ThinkPad,笔记本电脑,京东,已成交,2026-01,7291.79,7479.34,7479.34,销售订单,PC 经营采购,顾客2110,顾客2110,1**********,1**********
惠普(HP),笔记本电脑,拼多多,已成交,2026-05,7975.05,8173.39,8173.39,采购订单,PC 经营采购,顾客2111,顾客2111,1**********,1**********
宏碁（acer）,显示器,快手,新建采购,2026-08,,8314.72,121.22,销售订单,PC 经营采购,顾客2112,顾客2112,1**********,1**********
雷神,电脑配件,电商通,待发布,2026-07,,9863.06,767.84,退换订单,PC 经营采购,顾客2113,顾客2113,1**********,1**********
雷神,显示器,拼多多,已成交,2026-03,8602.01,7721.49,7721.49,采购订单,PC 经营采购,顾客2114,顾客2114,1**********,1**********
ThinkPad,笔记本电脑,拼多多,报价中,2026-07,,6430.81,791.93,退换订单,PC 经营采购,顾客2115,顾客2115,1**********,1**********
七彩虹,一体机,京东,已成交,2026-05,7293.76,8371.93,8371.93,退换订单,PC 经营采购,顾客2116,顾客2116,1**********,1**********
华硕（ASUS）,显示器,天猫,已成交,2026-07,7401.01,7043.99,7043.99,销售订单,PC 经营采购,顾客2117,顾客2117,1**********,1**********
机械革命,电脑配件,京东,已成交,2026-01,10931.61,9159.71,9159.71,退换订单,PC 经营采购,顾客2118,顾客2118,1**********,1**********
华硕（ASUS）,显示器,抖音,撤销,2026-03,,7942.23,416.14,退换订单,PC 经营采购,顾客2119,顾客2119,1**********,1**********
惠普(HP),台式整机,抖音,撤销,2026-06,,9156.69,394.74,退换订单,PC 经营采购,顾客2120,顾客2120,1**********,1**********
宏碁（acer）,轻薄本,天猫,已成交,2026-02,6752.08,6016.98,6016.98,退换订单,PC 经营采购,顾客2121,顾客2121,1**********,1**********
华硕（ASUS）,台式整机,拼多多,撤销,2026-06,,7513.0,692.34,销售订单,PC 经营采购,顾客2122,顾客2122,1**********,1**********
雷神,笔记本电脑,京东,已成交,2026-07,9490.96,8791.41,8791.41,销售订单,PC 经营采购,顾客2123,顾客2123,1**********,1**********
机械革命,一体机,拼多多,撤销,2026-01,,9268.79,1261.05,采购订单,PC 经营采购,顾客2124,顾客2124,1**********,1**********
雷神,电脑配件,淘宝,已成交,2026-07,7540.55,7164.92,7164.92,退换订单,PC 经营采购,顾客2125,顾客2125,1**********,1**********
宏碁（acer）,游戏本,拼多多,报价中,2026-02,,7020.19,1477.83,采购订单,PC 经营采购,顾客2126,顾客2126,1**********,1**********
机械革命,台式整机,抖音,已成交,2026-05,10104.09,8988.35,8988.35,采购订单,PC 经营采购,顾客2127,顾客2127,1**********,1**********
雷神,一体机,抖音,撤销,2026-07,,7639.58,1352.74,采购订单,PC 经营采购,顾客2128,顾客2128,1**********,1**********
七彩虹,电脑配件,拼多多,报价中,2026-08,,7035.26,2010.74,采购订单,PC 经营采购,顾客2129,顾客2129,1**********,1**********
机械革命,台式整机,抖音,撤销,2026-03,,8696.17,463.67,退换订单,PC 经营采购,顾客2130,顾客2130,1**********,1**********
ThinkPad,游戏本,电商通,报价中,2026-01,,7310.8,308.19,采购订单,PC 经营采购,顾客2131,顾客2131,1**********,1**********
七彩虹,一体机,拼多多,报价中,2026-07,,8480.73,1257.25,采购订单,PC 经营采购,顾客2132,顾客2132,1**********,1**********
联想（Lenovo）,笔记本电脑,拼多多,撤销,2026-02,,7093.97,1214.0,销售订单,PC 经营采购,顾客2133,顾客2133,1**********,1**********
雷神,游戏本,拼多多,已成交,2026-04,9655.37,10086.39,10086.39,销售订单,PC 经营采购,顾客2134,顾客2134,1**********,1**********
宏碁（acer）,台式整机,天猫,新建采购,2026-01,,7421.46,2113.46,采购订单,PC 经营采购,顾客2135,顾客2135,1**********,1**********
微星,游戏本,天猫,报价中,2026-02,,11257.95,1176.08,销售订单,PC 经营采购,顾客2136,顾客2136,1**********,1**********
七彩虹,台式整机,抖音,已成交,2026-01,7591.22,8932.69,8932.69,采购订单,PC 经营采购,顾客2137,顾客2137,1**********,1**********
ThinkPad,游戏本,天猫,报价中,2026-07,,7120.39,2114.37,采购订单,PC 经营采购,顾客2138,顾客2138,1**********,1**********
机械革命,笔记本电脑,电商通,已成交,2026-04,8274.11,9918.5,9918.5,退换订单,PC 经营采购,顾客2139,顾客2139,1**********,1**********
华硕（ASUS）,电脑配件,拼多多,撤销,2026-04,,7553.68,150.85,销售订单,PC 经营采购,顾客2140,顾客2140,1**********,1**********
华硕（ASUS）,游戏本,快手,已成交,2026-02,8787.13,7564.15,7564.15,销售订单,PC 经营采购,顾客2141,顾客2141,1**********,1**********
联想（Lenovo）,轻薄本,淘宝,撤销,2026-04,,7661.57,1358.66,销售订单,PC 经营采购,顾客2142,顾客2142,1**********,1**********
机械革命,台式整机,抖音,已成交,2026-05,10322.35,8164.97,8164.97,销售订单,PC 经营采购,顾客2143,顾客2143,1**********,1**********
七彩虹,一体机,拼多多,已成交,2026-02,7905.79,9554.69,9554.69,销售订单,PC 经营采购,顾客2144,顾客2144,1**********,1**********
ThinkPad,显示器,拼多多,撤销,2026-08,,7823.38,1255.5,退换订单,PC 经营采购,顾客2145,顾客2145,1**********,1**********
宏碁（acer）,笔记本电脑,快手,已成交,2026-05,7556.02,7726.85,7726.85,退换订单,PC 经营采购,顾客2146,顾客2146,1**********,1**********
华硕（ASUS）,电脑配件,拼多多,撤销,2026-08,,7087.98,484.18,采购订单,PC 经营采购,顾客2147,顾客2147,1**********,1**********
惠普(HP),一体机,抖音,撤销,2026-02,,8547.32,69.93,采购订单,PC 经营采购,顾客2148,顾客2148,1**********,1**********
惠普(HP),台式整机,抖音,已成交,2026-06,7927.91,9150.15,9150.15,销售订单,PC 经营采购,顾客2149,顾客2149,1**********,1**********
联想（Lenovo）,笔记本电脑,抖音,撤销,2026-05,,6970.65,699.05,退换订单,PC 经营采购,顾客2150,顾客2150,1**********,1**********
惠普(HP),一体机,抖音,撤销,2026-01,,9265.02,606.75,退换订单,PC 经营采购,顾客2151,顾客2151,1**********,1**********
华硕（ASUS）,笔记本电脑,拼多多,新建采购,2026-08,,9598.43,2823.77,退换订单,PC 经营采购,顾客2152,顾客2152,1**********,1**********
华硕（ASUS）,轻薄本,拼多多,已成交,2026-07,8798.5,7182.0,7182.0,采购订单,PC 经营采购,顾客2153,顾客2153,1**********,1**********
七彩虹,游戏本,电商通,撤销,2026-02,,9144.17,125.65,采购订单,PC 经营采购,顾客2154,顾客2154,1**********,1**********
微星,游戏本,天猫,撤销,2026-04,,10581.19,2818.14,退换订单,PC 经营采购,顾客2155,顾客2155,1**********,1**********
机械革命,游戏本,淘宝,已成交,2026-05,8187.85,9405.53,9405.53,退换订单,PC 经营采购,顾客2156,顾客2156,1**********,1**********
微星,台式整机,快手,撤销,2026-07,,8771.05,337.96,采购订单,PC 经营采购,顾客2157,顾客2157,1**********,1**********
机械革命,笔记本电脑,天猫,已成交,2026-08,8775.5,9597.79,9597.79,退换订单,PC 经营采购,顾客2158,顾客2158,1**********,1**********
华硕（ASUS）,一体机,淘宝,已成交,2026-07,7360.52,7946.09,7946.09,退换订单,PC 经营采购,顾客2159,顾客2159,1**********,1**********
雷神,游戏本,天猫,待发布,2026-04,,10078.41,138.65,销售订单,PC 经营采购,顾客2160,顾客2160,1**********,1**********
宏碁（acer）,轻薄本,淘宝,已成交,2026-08,6389.56,8195.34,8195.34,销售订单,PC 经营采购,顾客2161,顾客2161,1**********,1**********
宏碁（acer）,显示器,天猫,撤销,2026-01,,6841.61,1189.02,销售订单,PC 经营采购,顾客2162,顾客2162,1**********,1**********
宏碁（acer）,游戏本,淘宝,撤销,2026-02,,7818.1,2207.8,销售订单,PC 经营采购,顾客2163,顾客2163,1**********,1**********
微星,电脑配件,天猫,已成交,2026-05,9018.71,10654.37,10654.37,销售订单,PC 经营采购,顾客2164,顾客2164,1**********,1**********
雷神,显示器,拼多多,新建采购,2026-07,,8748.64,2537.44,销售订单,PC 经营采购,顾客2165,顾客2165,1**********,1**********
ThinkPad,电脑配件,快手,撤销,2026-02,,5948.99,242.6,销售订单,PC 经营采购,顾客2166,顾客2166,1**********,1**********
七彩虹,台式整机,电商通,已成交,2026-01,8839.47,7038.75,7038.75,采购订单,PC 经营采购,顾客2167,顾客2167,1**********,1**********
雷神,显示器,淘宝,撤销,2026-02,,7665.92,1174.09,销售订单,PC 经营采购,顾客2168,顾客2168,1**********,1**********
机械革命,电脑配件,淘宝,已成交,2026-06,9472.49,8059.7,8059.7,退换订单,PC 经营采购,顾客2169,顾客2169,1**********,1**********
机械革命,显示器,京东,报价中,2026-05,,9905.52,2062.08,退换订单,PC 经营采购,顾客2170,顾客2170,1**********,1**********
惠普(HP),一体机,抖音,已成交,2026-03,6707.69,8948.34,8948.34,采购订单,PC 经营采购,顾客2171,顾客2171,1**********,1**********
机械革命,游戏本,天猫,已成交,2026-01,10187.99,9808.68,9808.68,销售订单,PC 经营采购,顾客2172,顾客2172,1**********,1**********
雷神,台式整机,拼多多,已成交,2026-01,9382.05,9135.83,9135.83,销售订单,PC 经营采购,顾客2173,顾客2173,1**********,1**********
雷神,轻薄本,淘宝,已成交,2026-05,8142.65,9315.83,9315.83,销售订单,PC 经营采购,顾客2174,顾客2174,1**********,1**********
宏碁（acer）,台式整机,电商通,已成交,2026-06,6175.3,7772.53,7772.53,采购订单,PC 经营采购,顾客2175,顾客2175,1**********,1**********
ThinkPad,笔记本电脑,抖音,撤销,2026-03,,7243.22,268.73,退换订单,PC 经营采购,顾客2176,顾客2176,1**********,1**********
雷神,台式整机,拼多多,新建采购,2026-06,,9475.14,2112.22,退换订单,PC 经营采购,顾客2177,顾客2177,1**********,1**********
微星,电脑配件,抖音,已成交,2026-08,10965.19,8284.3,8284.3,退换订单,PC 经营采购,顾客2178,顾客2178,1**********,1**********
惠普(HP),笔记本电脑,拼多多,已成交,2026-06,6918.18,6531.49,6531.49,退换订单,PC 经营采购,顾客2179,顾客2179,1**********,1**********
宏碁（acer）,台式整机,淘宝,已成交,2026-05,7220.1,7929.9,7929.9,销售订单,PC 经营采购,顾客2180,顾客2180,1**********,1**********
华硕（ASUS）,轻薄本,京东,已成交,2026-05,7813.48,9365.48,9365.48,销售订单,PC 经营采购,顾客2181,顾客2181,1**********,1**********
宏碁（acer）,台式整机,京东,已成交,2026-07,7026.24,7759.45,7759.45,采购订单,PC 经营采购,顾客2182,顾客2182,1**********,1**********
雷神,电脑配件,抖音,已成交,2026-05,8880.91,7163.11,7163.11,采购订单,PC 经营采购,顾客2183,顾客2183,1**********,1**********
惠普(HP),显示器,快手,报价中,2026-03,,7857.08,1279.14,采购订单,PC 经营采购,顾客2184,顾客2184,1**********,1**********
七彩虹,一体机,淘宝,已成交,2026-03,7151.13,9716.46,9716.46,退换订单,PC 经营采购,顾客2185,顾客2185,1**********,1**********
华硕（ASUS）,电脑配件,电商通,报价中,2026-08,,8145.42,1939.92,退换订单,PC 经营采购,顾客2186,顾客2186,1**********,1**********
微星,游戏本,拼多多,报价中,2026-06,,9115.14,1857.27,销售订单,PC 经营采购,顾客2187,顾客2187,1**********,1**********
惠普(HP),轻薄本,抖音,已成交,2026-05,6752.35,8086.36,8086.36,销售订单,PC 经营采购,顾客2188,顾客2188,1**********,1**********
雷神,台式整机,抖音,已成交,2026-08,7602.33,7972.06,7972.06,退换订单,PC 经营采购,顾客2189,顾客2189,1**********,1**********
惠普(HP),一体机,拼多多,撤销,2026-05,,7196.86,975.9,销售订单,PC 经营采购,顾客2190,顾客2190,1**********,1**********
宏碁（acer）,电脑配件,天猫,已成交,2026-04,6803.87,8368.36,8368.36,退换订单,PC 经营采购,顾客2191,顾客2191,1**********,1**********
联想（Lenovo）,轻薄本,拼多多,新建采购,2026-06,,6236.16,283.43,采购订单,PC 经营采购,顾客2192,顾客2192,1**********,1**********
联想（Lenovo）,显示器,淘宝,已成交,2026-02,7430.25,7584.92,7584.92,销售订单,PC 经营采购,顾客2193,顾客2193,1**********,1**********
七彩虹,台式整机,淘宝,已成交,2026-03,7464.77,7763.47,7763.47,退换订单,PC 经营采购,顾客2194,顾客2194,1**********,1**********
雷神,轻薄本,电商通,撤销,2026-07,,9733.88,162.87,销售订单,PC 经营采购,顾客2195,顾客2195,1**********,1**********
雷神,轻薄本,京东,已成交,2026-06,9191.91,8125.46,8125.46,采购订单,PC 经营采购,顾客2196,顾客2196,1**********,1**********
雷神,笔记本电脑,京东,已成交,2026-04,9361.57,7651.88,7651.88,退换订单,PC 经营采购,顾客2197,顾客2197,1**********,1**********
机械革命,一体机,拼多多,撤销,2026-04,,9263.09,1690.65,退换订单,PC 经营采购,顾客2198,顾客2198,1**********,1**********
七彩虹,一体机,抖音,待发布,2026-02,,7353.84,475.94,销售订单,PC 经营采购,顾客2199,顾客2199,1**********,1**********
ThinkPad,笔记本电脑,淘宝,已成交,2026-05,8130.43,7422.84,7422.84,采购订单,PC 经营采购,顾客2200,顾客2200,1**********,1**********
雷神,轻薄本,快手,撤销,2026-07,,8762.07,1541.74,销售订单,PC 经营采购,顾客2201,顾客2201,1**********,1**********
七彩虹,笔记本电脑,电商通,撤销,2026-02,,8648.86,1343.75,销售订单,PC 经营采购,顾客2202,顾客2202,1**********,1**********
雷神,台式整机,抖音,已成交,2026-04,8866.23,7471.21,7471.21,销售订单,PC 经营采购,顾客2203,顾客2203,1**********,1**********
华硕（ASUS）,显示器,淘宝,已成交,2026-08,8428.07,7790.72,7790.72,退换订单,PC 经营采购,顾客2204,顾客2204,1**********,1**********
ThinkPad,轻薄本,淘宝,报价中,2026-01,,6346.68,1181.79,销售订单,PC 经营采购,顾客2205,顾客2205,1**********,1**********
联想（Lenovo）,笔记本电脑,电商通,已成交,2026-04,7192.33,7165.42,7165.42,退换订单,PC 经营采购,顾客2206,顾客2206,1**********,1**********
惠普(HP),笔记本电脑,拼多多,已成交,2026-02,8599.26,8358.29,8358.29,退换订单,PC 经营采购,顾客2207,顾客2207,1**********,1**********
微星,笔记本电脑,京东,撤销,2026-03,,9868.04,658.58,采购订单,PC 经营采购,顾客2208,顾客2208,1**********,1**********
雷神,游戏本,抖音,已成交,2026-08,7408.36,9667.5,9667.5,退换订单,PC 经营采购,顾客2209,顾客2209,1**********,1**********
宏碁（acer）,显示器,天猫,撤销,2026-04,,6595.59,1665.78,退换订单,PC 经营采购,顾客2210,顾客2210,1**********,1**********
七彩虹,笔记本电脑,拼多多,已成交,2026-04,8610.09,8737.89,8737.89,采购订单,PC 经营采购,顾客2211,顾客2211,1**********,1**********
华硕（ASUS）,电脑配件,京东,待发布,2026-06,,8274.75,2042.81,采购订单,PC 经营采购,顾客2212,顾客2212,1**********,1**********
宏碁（acer）,台式整机,电商通,已成交,2026-06,6922.87,6470.82,6470.82,采购订单,PC 经营采购,顾客2213,顾客2213,1**********,1**********
惠普(HP),笔记本电脑,天猫,待发布,2026-07,,7630.64,1256.11,退换订单,PC 经营采购,顾客2214,顾客2214,1**********,1**********
雷神,电脑配件,天猫,已成交,2026-07,8549.0,8843.73,8843.73,退换订单,PC 经营采购,顾客2215,顾客2215,1**********,1**********
机械革命,电脑配件,天猫,已成交,2026-07,10217.41,9554.57,9554.57,退换订单,PC 经营采购,顾客2216,顾客2216,1**********,1**********
微星,笔记本电脑,天猫,已成交,2026-04,10598.91,9524.76,9524.76,退换订单,PC 经营采购,顾客2217,顾客2217,1**********,1**********
雷神,台式整机,拼多多,报价中,2026-02,,8709.81,1846.77,退换订单,PC 经营采购,顾客2218,顾客2218,1**********,1**********
宏碁（acer）,电脑配件,淘宝,已成交,2026-08,8008.91,8206.58,8206.58,销售订单,PC 经营采购,顾客2219,顾客2219,1**********,1**********
ThinkPad,笔记本电脑,京东,已成交,2026-07,6662.27,5939.55,5939.55,采购订单,PC 经营采购,顾客2220,顾客2220,1**********,1**********
宏碁（acer）,一体机,电商通,已成交,2026-05,8095.37,7129.83,7129.83,销售订单,PC 经营采购,顾客2221,顾客2221,1**********,1**********
雷神,笔记本电脑,拼多多,新建采购,2026-04,,9939.08,541.76,退换订单,PC 经营采购,顾客2222,顾客2222,1**********,1**********
联想（Lenovo）,电脑配件,京东,报价中,2026-06,,6835.37,746.22,销售订单,PC 经营采购,顾客2223,顾客2223,1**********,1**********
ThinkPad,笔记本电脑,快手,撤销,2026-01,,7568.63,135.49,退换订单,PC 经营采购,顾客2224,顾客2224,1**********,1**********
微星,电脑配件,淘宝,已成交,2026-01,10496.2,10922.11,10922.11,销售订单,PC 经营采购,顾客2225,顾客2225,1**********,1**********
雷神,电脑配件,拼多多,报价中,2026-01,,7582.56,2093.16,退换订单,PC 经营采购,顾客2226,顾客2226,1**********,1**********
宏碁（acer）,电脑配件,抖音,撤销,2026-01,,7623.42,1062.88,销售订单,PC 经营采购,顾客2227,顾客2227,1**********,1**********
惠普(HP),台式整机,天猫,已成交,2026-04,8232.59,7982.26,7982.26,销售订单,PC 经营采购,顾客2228,顾客2228,1**********,1**********
惠普(HP),显示器,淘宝,已成交,2026-07,6969.91,7325.22,7325.22,退换订单,PC 经营采购,顾客2229,顾客2229,1**********,1**********
ThinkPad,一体机,天猫,报价中,2026-05,,7884.02,1584.96,销售订单,PC 经营采购,顾客2230,顾客2230,1**********,1**********
七彩虹,显示器,抖音,报价中,2026-07,,8066.83,1999.61,采购订单,PC 经营采购,顾客2231,顾客2231,1**********,1**********
ThinkPad,显示器,天猫,已成交,2026-03,7041.12,7576.81,7576.81,销售订单,PC 经营采购,顾客2232,顾客2232,1**********,1**********
华硕（ASUS）,轻薄本,淘宝,已成交,2026-08,9551.67,8267.83,8267.83,采购订单,PC 经营采购,顾客2233,顾客2233,1**********,1**********
宏碁（acer）,笔记本电脑,京东,已成交,2026-01,8112.65,6511.08,6511.08,采购订单,PC 经营采购,顾客2234,顾客2234,1**********,1**********
微星,一体机,快手,撤销,2026-05,,10086.93,2874.58,退换订单,PC 经营采购,顾客2235,顾客2235,1**********,1**********
华硕（ASUS）,台式整机,拼多多,撤销,2026-08,,9701.39,126.65,销售订单,PC 经营采购,顾客2236,顾客2236,1**********,1**********
ThinkPad,笔记本电脑,京东,已成交,2026-07,7232.66,8025.37,8025.37,退换订单,PC 经营采购,顾客2237,顾客2237,1**********,1**********
惠普(HP),电脑配件,抖音,已成交,2026-03,7406.2,8199.36,8199.36,采购订单,PC 经营采购,顾客2238,顾客2238,1**********,1**********
华硕（ASUS）,游戏本,京东,撤销,2026-08,,8775.48,387.34,退换订单,PC 经营采购,顾客2239,顾客2239,1**********,1**********
联想（Lenovo）,笔记本电脑,电商通,撤销,2026-06,,7443.54,1775.17,采购订单,PC 经营采购,顾客2240,顾客2240,1**********,1**********
华硕（ASUS）,一体机,拼多多,撤销,2026-02,,9008.94,2130.99,退换订单,PC 经营采购,顾客2241,顾客2241,1**********,1**********
七彩虹,电脑配件,抖音,已成交,2026-05,8184.51,8636.34,8636.34,销售订单,PC 经营采购,顾客2242,顾客2242,1**********,1**********
微星,一体机,天猫,已成交,2026-04,8489.64,7958.29,7958.29,采购订单,PC 经营采购,顾客2243,顾客2243,1**********,1**********
惠普(HP),显示器,抖音,已成交,2026-05,6862.98,6495.59,6495.59,退换订单,PC 经营采购,顾客2244,顾客2244,1**********,1**********
微星,游戏本,拼多多,撤销,2026-07,,8290.13,2146.16,退换订单,PC 经营采购,顾客2245,顾客2245,1**********,1**********
雷神,笔记本电脑,京东,已成交,2026-02,9342.42,9469.7,9469.7,销售订单,PC 经营采购,顾客2246,顾客2246,1**********,1**********
联想（Lenovo）,电脑配件,抖音,已成交,2026-02,6217.96,6589.99,6589.99,采购订单,PC 经营采购,顾客2247,顾客2247,1**********,1**********
联想（Lenovo）,电脑配件,抖音,已成交,2026-05,5999.57,6385.49,6385.49,销售订单,PC 经营采购,顾客2248,顾客2248,1**********,1**********
惠普(HP),游戏本,抖音,已成交,2026-02,7449.97,7417.5,7417.5,采购订单,PC 经营采购,顾客2249,顾客2249,1**********,1**********
惠普(HP),游戏本,快手,撤销,2026-07,,6894.33,2010.68,采购订单,PC 经营采购,顾客2250,顾客2250,1**********,1**********
华硕（ASUS）,台式整机,拼多多,已成交,2026-06,8141.27,8663.15,8663.15,退换订单,PC 经营采购,顾客2251,顾客2251,1**********,1**********
惠普(HP),笔记本电脑,快手,待发布,2026-06,,7466.5,863.43,退换订单,PC 经营采购,顾客2252,顾客2252,1**********,1**********
宏碁（acer）,游戏本,天猫,撤销,2026-08,,8496.13,1729.48,退换订单,PC 经营采购,顾客2253,顾客2253,1**********,1**********
机械革命,轻薄本,拼多多,撤销,2026-06,,10598.27,462.1,采购订单,PC 经营采购,顾客2254,顾客2254,1**********,1**********
七彩虹,游戏本,电商通,已成交,2026-07,7090.16,9746.45,9746.45,退换订单,PC 经营采购,顾客2255,顾客2255,1**********,1**********
华硕（ASUS）,轻薄本,电商通,撤销,2026-07,,7111.72,971.55,退换订单,PC 经营采购,顾客2256,顾客2256,1**********,1**********
机械革命,游戏本,淘宝,已成交,2026-02,9028.46,8774.98,8774.98,退换订单,PC 经营采购,顾客2257,顾客2257,1**********,1**********
ThinkPad,一体机,淘宝,报价中,2026-03,,7434.05,917.05,销售订单,PC 经营采购,顾客2258,顾客2258,1**********,1**********
联想（Lenovo）,显示器,拼多多,报价中,2026-01,,6368.8,440.1,销售订单,PC 经营采购,顾客2259,顾客2259,1**********,1**********
华硕（ASUS）,台式整机,淘宝,已成交,2026-03,8289.05,7658.03,7658.03,退换订单,PC 经营采购,顾客2260,顾客2260,1**********,1**********
雷神,电脑配件,拼多多,已成交,2026-08,8405.21,7974.23,7974.23,销售订单,PC 经营采购,顾客2261,顾客2261,1**********,1**********
机械革命,笔记本电脑,拼多多,已成交,2026-02,10373.1,10392.7,10392.7,销售订单,PC 经营采购,顾客2262,顾客2262,1**********,1**********
ThinkPad,笔记本电脑,抖音,已成交,2026-03,7129.75,7795.77,7795.77,销售订单,PC 经营采购,顾客2263,顾客2263,1**********,1**********
华硕（ASUS）,轻薄本,拼多多,已成交,2026-03,8616.16,9261.97,9261.97,销售订单,PC 经营采购,顾客2264,顾客2264,1**********,1**********
七彩虹,一体机,抖音,撤销,2026-02,,9074.66,2462.65,销售订单,PC 经营采购,顾客2265,顾客2265,1**********,1**********
七彩虹,电脑配件,快手,待发布,2026-03,,7658.5,1472.25,销售订单,PC 经营采购,顾客2266,顾客2266,1**********,1**********
ThinkPad,一体机,电商通,报价中,2026-03,,8221.3,1260.41,销售订单,PC 经营采购,顾客2267,顾客2267,1**********,1**********
微星,游戏本,拼多多,报价中,2026-07,,10263.12,1048.14,销售订单,PC 经营采购,顾客2268,顾客2268,1**********,1**********
ThinkPad,台式整机,快手,新建采购,2026-05,,6276.91,958.53,销售订单,PC 经营采购,顾客2269,顾客2269,1**********,1**********
ThinkPad,显示器,拼多多,撤销,2026-07,,7161.02,338.94,退换订单,PC 经营采购,顾客2270,顾客2270,1**********,1**********
七彩虹,笔记本电脑,抖音,待发布,2026-01,,8330.57,945.53,销售订单,PC 经营采购,顾客2271,顾客2271,1**********,1**********
ThinkPad,轻薄本,抖音,已成交,2026-03,6418.99,6099.13,6099.13,退换订单,PC 经营采购,顾客2272,顾客2272,1**********,1**********
微星,电脑配件,电商通,已成交,2026-04,9764.24,8984.22,8984.22,销售订单,PC 经营采购,顾客2273,顾客2273,1**********,1**********
七彩虹,台式整机,电商通,已成交,2026-04,7320.01,8528.31,8528.31,采购订单,PC 经营采购,顾客2274,顾客2274,1**********,1**********
联想（Lenovo）,一体机,天猫,已成交,2026-04,6334.02,7524.69,7524.69,采购订单,PC 经营采购,顾客2275,顾客2275,1**********,1**********
宏碁（acer）,台式整机,拼多多,已成交,2026-05,7186.93,6066.82,6066.82,销售订单,PC 经营采购,顾客2276,顾客2276,1**********,1**********
联想（Lenovo）,游戏本,淘宝,已成交,2026-02,6724.05,6935.61,6935.61,退换订单,PC 经营采购,顾客2277,顾客2277,1**********,1**********
宏碁（acer）,电脑配件,抖音,已成交,2026-05,8233.11,7777.45,7777.45,销售订单,PC 经营采购,顾客2278,顾客2278,1**********,1**********
惠普(HP),台式整机,拼多多,已成交,2026-07,6853.24,6567.55,6567.55,采购订单,PC 经营采购,顾客2279,顾客2279,1**********,1**********
惠普(HP),游戏本,抖音,已成交,2026-07,7665.58,7711.98,7711.98,采购订单,PC 经营采购,顾客2280,顾客2280,1**********,1**********
雷神,一体机,淘宝,撤销,2026-08,,8809.28,1494.14,退换订单,PC 经营采购,顾客2281,顾客2281,1**********,1**********
微星,游戏本,淘宝,已成交,2026-01,10023.72,10783.58,10783.58,销售订单,PC 经营采购,顾客2282,顾客2282,1**********,1**********
惠普(HP),笔记本电脑,拼多多,已成交,2026-01,8586.74,8224.77,8224.77,退换订单,PC 经营采购,顾客2283,顾客2283,1**********,1**********
七彩虹,轻薄本,快手,待发布,2026-06,,6917.04,386.0,销售订单,PC 经营采购,顾客2284,顾客2284,1**********,1**********
华硕（ASUS）,台式整机,拼多多,撤销,2026-05,,9999.23,2575.26,采购订单,PC 经营采购,顾客2285,顾客2285,1**********,1**********
惠普(HP),游戏本,拼多多,撤销,2026-08,,8463.18,2231.4,销售订单,PC 经营采购,顾客2286,顾客2286,1**********,1**********
惠普(HP),轻薄本,拼多多,已成交,2026-03,8447.79,8971.14,8971.14,退换订单,PC 经营采购,顾客2287,顾客2287,1**********,1**********
机械革命,电脑配件,快手,待发布,2026-05,,8767.6,213.21,退换订单,PC 经营采购,顾客2288,顾客2288,1**********,1**********
机械革命,显示器,天猫,已成交,2026-05,8902.76,8203.79,8203.79,采购订单,PC 经营采购,顾客2289,顾客2289,1**********,1**********
机械革命,显示器,抖音,撤销,2026-01,,10968.55,590.88,采购订单,PC 经营采购,顾客2290,顾客2290,1**********,1**********
华硕（ASUS）,笔记本电脑,抖音,已成交,2026-08,8018.21,9278.92,9278.92,退换订单,PC 经营采购,顾客2291,顾客2291,1**********,1**********
微星,笔记本电脑,拼多多,已成交,2026-06,10731.16,9987.88,9987.88,销售订单,PC 经营采购,顾客2292,顾客2292,1**********,1**********
微星,游戏本,电商通,新建采购,2026-03,,10164.76,2330.68,采购订单,PC 经营采购,顾客2293,顾客2293,1**********,1**********
微星,一体机,拼多多,已成交,2026-03,8553.36,8293.58,8293.58,采购订单,PC 经营采购,顾客2294,顾客2294,1**********,1**********
联想（Lenovo）,轻薄本,拼多多,已成交,2026-04,7551.75,5986.42,5986.42,采购订单,PC 经营采购,顾客2295,顾客2295,1**********,1**********
ThinkPad,显示器,电商通,撤销,2026-02,,7141.3,2032.4,采购订单,PC 经营采购,顾客2296,顾客2296,1**********,1**********
宏碁（acer）,一体机,淘宝,报价中,2026-01,,8008.19,1907.13,退换订单,PC 经营采购,顾客2297,顾客2297,1**********,1**********
华硕（ASUS）,显示器,淘宝,已成交,2026-02,8431.76,9657.94,9657.94,退换订单,PC 经营采购,顾客2298,顾客2298,1**********,1**********
微星,电脑配件,天猫,报价中,2026-07,,11161.74,3300.9,销售订单,PC 经营采购,顾客2299,顾客2299,1**********,1**********
华硕（ASUS）,一体机,淘宝,已成交,2026-01,8234.33,7432.66,7432.66,销售订单,PC 经营采购,顾客2300,顾客2300,1**********,1**********
惠普(HP),一体机,京东,报价中,2026-07,,7820.35,164.7,采购订单,PC 经营采购,顾客2301,顾客2301,1**********,1**********
ThinkPad,一体机,拼多多,撤销,2026-07,,7820.63,1042.62,退换订单,PC 经营采购,顾客2302,顾客2302,1**********,1**********
微星,轻薄本,抖音,撤销,2026-05,,10235.82,1736.65,销售订单,PC 经营采购,顾客2303,顾客2303,1**********,1**********
雷神,游戏本,快手,报价中,2026-08,,7508.81,270.62,销售订单,PC 经营采购,顾客2304,顾客2304,1**********,1**********
微星,电脑配件,电商通,报价中,2026-05,,9155.0,1810.51,销售订单,PC 经营采购,顾客2305,顾客2305,1**********,1**********
七彩虹,游戏本,拼多多,已成交,2026-04,8111.92,8537.7,8537.7,销售订单,PC 经营采购,顾客2306,顾客2306,1**********,1**********
ThinkPad,一体机,拼多多,已成交,2026-05,7066.74,8196.86,8196.86,销售订单,PC 经营采购,顾客2307,顾客2307,1**********,1**********
惠普(HP),游戏本,拼多多,已成交,2026-07,6882.38,6972.38,6972.38,采购订单,PC 经营采购,顾客2308,顾客2308,1**********,1**********
七彩虹,轻薄本,淘宝,新建采购,2026-03,,9258.75,1894.53,销售订单,PC 经营采购,顾客2309,顾客2309,1**********,1**********
惠普(HP),轻薄本,电商通,报价中,2026-04,,7548.37,1925.89,采购订单,PC 经营采购,顾客2310,顾客2310,1**********,1**********
联想（Lenovo）,电脑配件,抖音,撤销,2026-02,,7532.87,1967.51,采购订单,PC 经营采购,顾客2311,顾客2311,1**********,1**********
宏碁（acer）,电脑配件,拼多多,已成交,2026-07,7218.55,8487.99,8487.99,销售订单,PC 经营采购,顾客2312,顾客2312,1**********,1**********
华硕（ASUS）,显示器,淘宝,已成交,2026-03,9315.56,8226.26,8226.26,采购订单,PC 经营采购,顾客2313,顾客2313,1**********,1**********
七彩虹,台式整机,天猫,已成交,2026-07,8493.8,7284.65,7284.65,销售订单,PC 经营采购,顾客2314,顾客2314,1**********,1**********
宏碁（acer）,轻薄本,京东,已成交,2026-04,7811.38,6902.92,6902.92,销售订单,PC 经营采购,顾客2315,顾客2315,1**********,1**********
惠普(HP),笔记本电脑,抖音,已成交,2026-08,6882.61,7461.29,7461.29,采购订单,PC 经营采购,顾客2316,顾客2316,1**********,1**********
联想（Lenovo）,一体机,电商通,撤销,2026-04,,5752.47,831.83,销售订单,PC 经营采购,顾客2317,顾客2317,1**********,1**********
宏碁（acer）,显示器,电商通,已成交,2026-01,8024.16,7360.47,7360.47,退换订单,PC 经营采购,顾客2318,顾客2318,1**********,1**********
七彩虹,轻薄本,抖音,已成交,2026-01,7931.87,9764.37,9764.37,采购订单,PC 经营采购,顾客2319,顾客2319,1**********,1**********
微星,游戏本,淘宝,已成交,2026-03,9619.46,8378.23,8378.23,退换订单,PC 经营采购,顾客2320,顾客2320,1**********,1**********
机械革命,电脑配件,京东,已成交,2026-01,9698.14,7857.45,7857.45,退换订单,PC 经营采购,顾客2321,顾客2321,1**********,1**********
微星,游戏本,抖音,报价中,2026-04,,8507.64,1222.35,销售订单,PC 经营采购,顾客2322,顾客2322,1**********,1**********
惠普(HP),笔记本电脑,拼多多,已成交,2026-01,7895.13,6551.76,6551.76,退换订单,PC 经营采购,顾客2323,顾客2323,1**********,1**********
七彩虹,电脑配件,淘宝,报价中,2026-08,,6999.93,667.97,采购订单,PC 经营采购,顾客2324,顾客2324,1**********,1**********
七彩虹,电脑配件,拼多多,已成交,2026-05,8805.97,9211.78,9211.78,退换订单,PC 经营采购,顾客2325,顾客2325,1**********,1**********
雷神,电脑配件,抖音,已成交,2026-01,7562.52,9330.61,9330.61,采购订单,PC 经营采购,顾客2326,顾客2326,1**********,1**********
惠普(HP),显示器,抖音,已成交,2026-03,8429.42,7826.59,7826.59,采购订单,PC 经营采购,顾客2327,顾客2327,1**********,1**********
联想（Lenovo）,电脑配件,抖音,撤销,2026-04,,5935.21,852.92,采购订单,PC 经营采购,顾客2328,顾客2328,1**********,1**********
宏碁（acer）,轻薄本,拼多多,撤销,2026-01,,7582.27,1870.78,退换订单,PC 经营采购,顾客2329,顾客2329,1**********,1**********
机械革命,轻薄本,快手,报价中,2026-02,,9419.61,1244.56,销售订单,PC 经营采购,顾客2330,顾客2330,1**********,1**********
惠普(HP),电脑配件,电商通,新建采购,2026-02,,9289.21,2141.84,退换订单,PC 经营采购,顾客2331,顾客2331,1**********,1**********
惠普(HP),轻薄本,抖音,已成交,2026-01,7463.49,8468.35,8468.35,退换订单,PC 经营采购,顾客2332,顾客2332,1**********,1**********
雷神,轻薄本,抖音,已成交,2026-08,8035.79,8956.92,8956.92,采购订单,PC 经营采购,顾客2333,顾客2333,1**********,1**********
七彩虹,一体机,快手,撤销,2026-03,,9011.22,1813.7,采购订单,PC 经营采购,顾客2334,顾客2334,1**********,1**********
雷神,游戏本,快手,撤销,2026-08,,7987.56,1434.12,销售订单,PC 经营采购,顾客2335,顾客2335,1**********,1**********
机械革命,轻薄本,京东,已成交,2026-02,9935.97,11061.39,11061.39,销售订单,PC 经营采购,顾客2336,顾客2336,1**********,1**********
机械革命,台式整机,抖音,已成交,2026-01,10446.15,10613.04,10613.04,退换订单,PC 经营采购,顾客2337,顾客2337,1**********,1**********
ThinkPad,轻薄本,快手,已成交,2026-02,6518.85,6631.64,6631.64,采购订单,PC 经营采购,顾客2338,顾客2338,1**********,1**********
雷神,游戏本,拼多多,已成交,2026-07,7714.56,9362.09,9362.09,销售订单,PC 经营采购,顾客2339,顾客2339,1**********,1**********
微星,笔记本电脑,淘宝,已成交,2026-04,8891.07,9765.95,9765.95,销售订单,PC 经营采购,顾客2340,顾客2340,1**********,1**********
联想（Lenovo）,一体机,拼多多,报价中,2026-07,,7898.56,1902.43,采购订单,PC 经营采购,顾客2341,顾客2341,1**********,1**********
ThinkPad,一体机,拼多多,撤销,2026-03,,8360.99,149.13,采购订单,PC 经营采购,顾客2342,顾客2342,1**********,1**********
ThinkPad,轻薄本,淘宝,已成交,2026-04,7918.75,6882.34,6882.34,退换订单,PC 经营采购,顾客2343,顾客2343,1**********,1**********
微星,一体机,拼多多,已成交,2026-01,8299.32,9956.78,9956.78,销售订单,PC 经营采购,顾客2344,顾客2344,1**********,1**********
华硕（ASUS）,电脑配件,天猫,已成交,2026-08,8321.01,7441.62,7441.62,销售订单,PC 经营采购,顾客2345,顾客2345,1**********,1**********
联想（Lenovo）,轻薄本,淘宝,撤销,2026-02,,5926.47,612.03,采购订单,PC 经营采购,顾客2346,顾客2346,1**********,1**********
微星,台式整机,天猫,已成交,2026-07,9864.0,10646.04,10646.04,退换订单,PC 经营采购,顾客2347,顾客2347,1**********,1**********
惠普(HP),游戏本,天猫,撤销,2026-06,,8545.85,1759.83,退换订单,PC 经营采购,顾客2348,顾客2348,1**********,1**********
惠普(HP),轻薄本,淘宝,已成交,2026-01,7910.75,8442.02,8442.02,采购订单,PC 经营采购,顾客2349,顾客2349,1**********,1**********
微星,一体机,淘宝,已成交,2026-04,8739.45,9587.24,9587.24,采购订单,PC 经营采购,顾客2350,顾客2350,1**********,1**********
联想（Lenovo）,笔记本电脑,拼多多,已成交,2026-04,7037.23,6019.59,6019.59,销售订单,PC 经营采购,顾客2351,顾客2351,1**********,1**********
ThinkPad,游戏本,抖音,已成交,2026-08,8005.2,7628.06,7628.06,销售订单,PC 经营采购,顾客2352,顾客2352,1**********,1**********
宏碁（acer）,游戏本,拼多多,报价中,2026-05,,7138.03,2056.81,采购订单,PC 经营采购,顾客2353,顾客2353,1**********,1**********
惠普(HP),电脑配件,天猫,报价中,2026-08,,8389.62,606.24,销售订单,PC 经营采购,顾客2354,顾客2354,1**********,1**********
惠普(HP),轻薄本,快手,撤销,2026-06,,9131.39,745.96,销售订单,PC 经营采购,顾客2355,顾客2355,1**********,1**********
惠普(HP),显示器,拼多多,报价中,2026-05,,9205.99,1494.27,销售订单,PC 经营采购,顾客2356,顾客2356,1**********,1**********
ThinkPad,显示器,抖音,已成交,2026-06,7872.54,6021.29,6021.29,采购订单,PC 经营采购,顾客2357,顾客2357,1**********,1**********
雷神,游戏本,拼多多,已成交,2026-06,9512.89,7424.07,7424.07,采购订单,PC 经营采购,顾客2358,顾客2358,1**********,1**********
惠普(HP),台式整机,淘宝,已成交,2026-01,7539.71,6546.28,6546.28,退换订单,PC 经营采购,顾客2359,顾客2359,1**********,1**********
惠普(HP),一体机,淘宝,已成交,2026-01,7890.84,6639.73,6639.73,采购订单,PC 经营采购,顾客2360,顾客2360,1**********,1**********
华硕（ASUS）,轻薄本,抖音,报价中,2026-01,,9988.07,133.7,退换订单,PC 经营采购,顾客2361,顾客2361,1**********,1**********
微星,笔记本电脑,京东,已成交,2026-03,9069.13,10217.47,10217.47,退换订单,PC 经营采购,顾客2362,顾客2362,1**********,1**********
宏碁（acer）,游戏本,拼多多,已成交,2026-01,6333.52,7772.19,7772.19,销售订单,PC 经营采购,顾客2363,顾客2363,1**********,1**********
宏碁（acer）,轻薄本,抖音,已成交,2026-03,8109.71,6758.32,6758.32,退换订单,PC 经营采购,顾客2364,顾客2364,1**********,1**********
华硕（ASUS）,电脑配件,淘宝,已成交,2026-08,9456.25,8507.99,8507.99,采购订单,PC 经营采购,顾客2365,顾客2365,1**********,1**********
机械革命,笔记本电脑,快手,待发布,2026-03,,10257.11,661.71,采购订单,PC 经营采购,顾客2366,顾客2366,1**********,1**********
宏碁（acer）,一体机,快手,报价中,2026-04,,7769.33,1653.19,销售订单,PC 经营采购,顾客2367,顾客2367,1**********,1**********
机械革命,显示器,京东,报价中,2026-05,,8268.76,656.62,退换订单,PC 经营采购,顾客2368,顾客2368,1**********,1**********
联想（Lenovo）,一体机,拼多多,已成交,2026-07,6861.81,7847.81,7847.81,销售订单,PC 经营采购,顾客2369,顾客2369,1**********,1**********
机械革命,一体机,拼多多,报价中,2026-06,,10893.04,3253.75,销售订单,PC 经营采购,顾客2370,顾客2370,1**********,1**********
雷神,一体机,天猫,已成交,2026-08,9501.77,10091.26,10091.26,采购订单,PC 经营采购,顾客2371,顾客2371,1**********,1**********
联想（Lenovo）,游戏本,电商通,已成交,2026-07,7452.39,7675.55,7675.55,退换订单,PC 经营采购,顾客2372,顾客2372,1**********,1**********
ThinkPad,台式整机,天猫,已成交,2026-01,6730.05,6785.44,6785.44,销售订单,PC 经营采购,顾客2373,顾客2373,1**********,1**********
机械革命,电脑配件,拼多多,报价中,2026-06,,10747.28,1654.24,退换订单,PC 经营采购,顾客2374,顾客2374,1**********,1**********
ThinkPad,台式整机,淘宝,撤销,2026-01,,8094.42,604.49,采购订单,PC 经营采购,顾客2375,顾客2375,1**********,1**********
七彩虹,笔记本电脑,拼多多,报价中,2026-01,,7938.18,1984.66,销售订单,PC 经营采购,顾客2376,顾客2376,1**********,1**********
雷神,轻薄本,抖音,已成交,2026-08,8561.2,8278.81,8278.81,销售订单,PC 经营采购,顾客2377,顾客2377,1**********,1**********
微星,显示器,淘宝,报价中,2026-05,,11207.19,2570.65,退换订单,PC 经营采购,顾客2378,顾客2378,1**********,1**********
惠普(HP),游戏本,京东,撤销,2026-07,,9013.65,1916.21,退换订单,PC 经营采购,顾客2379,顾客2379,1**********,1**********
联想（Lenovo）,笔记本电脑,淘宝,已成交,2026-02,6605.94,5677.63,5677.63,采购订单,PC 经营采购,顾客2380,顾客2380,1**********,1**********
ThinkPad,笔记本电脑,拼多多,报价中,2026-08,,6561.86,294.35,采购订单,PC 经营采购,顾客2381,顾客2381,1**********,1**********
ThinkPad,一体机,电商通,已成交,2026-07,7908.03,8409.42,8409.42,销售订单,PC 经营采购,顾客2382,顾客2382,1**********,1**********
华硕（ASUS）,台式整机,快手,新建采购,2026-08,,9787.91,1866.93,退换订单,PC 经营采购,顾客2383,顾客2383,1**********,1**********
华硕（ASUS）,一体机,电商通,已成交,2026-06,7412.25,8502.93,8502.93,退换订单,PC 经营采购,顾客2384,顾客2384,1**********,1**********
联想（Lenovo）,笔记本电脑,电商通,已成交,2026-06,6068.06,5904.95,5904.95,采购订单,PC 经营采购,顾客2385,顾客2385,1**********,1**********
华硕（ASUS）,轻薄本,抖音,已成交,2026-04,9521.53,8482.97,8482.97,退换订单,PC 经营采购,顾客2386,顾客2386,1**********,1**********
ThinkPad,台式整机,天猫,已成交,2026-04,6950.22,6017.66,6017.66,采购订单,PC 经营采购,顾客2387,顾客2387,1**********,1**********
微星,轻薄本,电商通,新建采购,2026-06,,10978.84,1435.11,退换订单,PC 经营采购,顾客2388,顾客2388,1**********,1**********
宏碁（acer）,轻薄本,天猫,报价中,2026-07,,7252.02,1765.35,销售订单,PC 经营采购,顾客2389,顾客2389,1**********,1**********
七彩虹,轻薄本,拼多多,撤销,2026-03,,7315.8,829.16,退换订单,PC 经营采购,顾客2390,顾客2390,1**********,1**********
宏碁（acer）,电脑配件,拼多多,撤销,2026-04,,7221.5,680.25,退换订单,PC 经营采购,顾客2391,顾客2391,1**********,1**********
七彩虹,笔记本电脑,抖音,已成交,2026-05,9453.3,8010.53,8010.53,销售订单,PC 经营采购,顾客2392,顾客2392,1**********,1**********
华硕（ASUS）,显示器,电商通,已成交,2026-07,8823.37,7277.65,7277.65,销售订单,PC 经营采购,顾客2393,顾客2393,1**********,1**********
ThinkPad,台式整机,拼多多,已成交,2026-01,6808.4,7277.51,7277.51,销售订单,PC 经营采购,顾客2394,顾客2394,1**********,1**********
华硕（ASUS）,一体机,抖音,新建采购,2026-02,,8357.02,833.12,退换订单,PC 经营采购,顾客2395,顾客2395,1**********,1**********
ThinkPad,显示器,京东,已成交,2026-05,6637.72,6222.29,6222.29,销售订单,PC 经营采购,顾客2396,顾客2396,1**********,1**********
雷神,显示器,拼多多,报价中,2026-05,,9138.84,594.99,退换订单,PC 经营采购,顾客2397,顾客2397,1**********,1**********
宏碁（acer）,游戏本,抖音,已成交,2026-01,7326.28,8538.5,8538.5,销售订单,PC 经营采购,顾客2398,顾客2398,1**********,1**********
宏碁（acer）,轻薄本,抖音,报价中,2026-08,,8442.34,1821.0,销售订单,PC 经营采购,顾客2399,顾客2399,1**********,1**********
雷神,笔记本电脑,抖音,已成交,2026-06,8894.58,7768.21,7768.21,采购订单,PC 经营采购,顾客2400,顾客2400,1**********,1**********
七彩虹,显示器,天猫,已成交,2026-01,9212.22,8817.69,8817.69,销售订单,PC 经营采购,顾客2401,顾客2401,1**********,1**********
华硕（ASUS）,轻薄本,拼多多,已成交,2026-07,9142.01,9494.89,9494.89,销售订单,PC 经营采购,顾客2402,顾客2402,1**********,1**********
ThinkPad,一体机,淘宝,撤销,2026-07,,6226.98,127.16,采购订单,PC 经营采购,顾客2403,顾客2403,1**********,1**********
惠普(HP),轻薄本,抖音,已成交,2026-04,7865.38,8078.5,8078.5,采购订单,PC 经营采购,顾客2404,顾客2404,1**********,1**********
宏碁（acer）,台式整机,快手,待发布,2026-08,,7796.07,1653.99,退换订单,PC 经营采购,顾客2405,顾客2405,1**********,1**********
机械革命,轻薄本,京东,撤销,2026-04,,8754.87,1198.33,采购订单,PC 经营采购,顾客2406,顾客2406,1**********,1**********
华硕（ASUS）,一体机,天猫,报价中,2026-04,,7944.07,2190.8,退换订单,PC 经营采购,顾客2407,顾客2407,1**********,1**********
雷神,笔记本电脑,拼多多,已成交,2026-03,8682.2,9302.66,9302.66,退换订单,PC 经营采购,顾客2408,顾客2408,1**********,1**********
联想（Lenovo）,台式整机,天猫,已成交,2026-04,7627.05,5907.59,5907.59,退换订单,PC 经营采购,顾客2409,顾客2409,1**********,1**********
联想（Lenovo）,台式整机,抖音,已成交,2026-06,7681.64,6222.53,6222.53,退换订单,PC 经营采购,顾客2410,顾客2410,1**********,1**********
宏碁（acer）,游戏本,抖音,已成交,2026-07,7487.0,8382.05,8382.05,销售订单,PC 经营采购,顾客2411,顾客2411,1**********,1**********
惠普(HP),台式整机,淘宝,新建采购,2026-03,,8892.08,1553.26,退换订单,PC 经营采购,顾客2412,顾客2412,1**********,1**********
联想（Lenovo）,轻薄本,电商通,已成交,2026-07,6293.27,6042.96,6042.96,采购订单,PC 经营采购,顾客2413,顾客2413,1**********,1**********
惠普(HP),游戏本,快手,报价中,2026-03,,7400.42,1947.14,采购订单,PC 经营采购,顾客2414,顾客2414,1**********,1**********
惠普(HP),一体机,拼多多,报价中,2026-07,,6955.73,750.95,销售订单,PC 经营采购,顾客2415,顾客2415,1**********,1**********
宏碁（acer）,显示器,天猫,已成交,2026-06,7512.1,7032.87,7032.87,销售订单,PC 经营采购,顾客2416,顾客2416,1**********,1**********
机械革命,一体机,淘宝,撤销,2026-05,,9158.6,779.9,采购订单,PC 经营采购,顾客2417,顾客2417,1**********,1**********
联想（Lenovo）,笔记本电脑,拼多多,撤销,2026-04,,7504.6,831.23,采购订单,PC 经营采购,顾客2418,顾客2418,1**********,1**********
七彩虹,游戏本,拼多多,已成交,2026-06,8279.61,9752.42,9752.42,销售订单,PC 经营采购,顾客2419,顾客2419,1**********,1**********
机械革命,笔记本电脑,天猫,已成交,2026-04,8775.22,9741.61,9741.61,采购订单,PC 经营采购,顾客2420,顾客2420,1**********,1**********
雷神,显示器,抖音,已成交,2026-06,8928.75,9638.11,9638.11,退换订单,PC 经营采购,顾客2421,顾客2421,1**********,1**********
惠普(HP),电脑配件,天猫,已成交,2026-02,6927.05,8025.09,8025.09,退换订单,PC 经营采购,顾客2422,顾客2422,1**********,1**********
ThinkPad,轻薄本,淘宝,撤销,2026-01,,7984.96,1470.39,退换订单,PC 经营采购,顾客2423,顾客2423,1**********,1**********
联想（Lenovo）,显示器,拼多多,报价中,2026-08,,6950.14,2063.53,退换订单,PC 经营采购,顾客2424,顾客2424,1**********,1**********
机械革命,台式整机,淘宝,已成交,2026-01,10317.21,10120.29,10120.29,采购订单,PC 经营采购,顾客2425,顾客2425,1**********,1**********
联想（Lenovo）,电脑配件,拼多多,撤销,2026-06,,6429.98,318.53,销售订单,PC 经营采购,顾客2426,顾客2426,1**********,1**********
雷神,显示器,淘宝,已成交,2026-03,8144.42,8426.73,8426.73,销售订单,PC 经营采购,顾客2427,顾客2427,1**********,1**********
华硕（ASUS）,电脑配件,天猫,已成交,2026-06,9850.3,8744.52,8744.52,采购订单,PC 经营采购,顾客2428,顾客2428,1**********,1**********
华硕（ASUS）,笔记本电脑,京东,撤销,2026-02,,9522.62,807.02,退换订单,PC 经营采购,顾客2429,顾客2429,1**********,1**********
ThinkPad,电脑配件,电商通,已成交,2026-08,8178.59,7968.11,7968.11,销售订单,PC 经营采购,顾客2430,顾客2430,1**********,1**********
宏碁（acer）,笔记本电脑,淘宝,已成交,2026-03,6463.95,7945.68,7945.68,销售订单,PC 经营采购,顾客2431,顾客2431,1**********,1**********
华硕（ASUS）,台式整机,抖音,已成交,2026-06,7722.98,9309.95,9309.95,退换订单,PC 经营采购,顾客2432,顾客2432,1**********,1**********
ThinkPad,台式整机,淘宝,已成交,2026-07,6816.29,6613.91,6613.91,销售订单,PC 经营采购,顾客2433,顾客2433,1**********,1**********
宏碁（acer）,游戏本,快手,新建采购,2026-02,,7058.59,400.69,采购订单,PC 经营采购,顾客2434,顾客2434,1**********,1**********
机械革命,一体机,淘宝,已成交,2026-02,10867.11,7877.74,7877.74,退换订单,PC 经营采购,顾客2435,顾客2435,1**********,1**********
惠普(HP),笔记本电脑,抖音,已成交,2026-08,8516.18,7219.1,7219.1,退换订单,PC 经营采购,顾客2436,顾客2436,1**********,1**********
联想（Lenovo）,笔记本电脑,京东,已成交,2026-08,5957.9,7139.94,7139.94,销售订单,PC 经营采购,顾客2437,顾客2437,1**********,1**********
华硕（ASUS）,显示器,拼多多,已成交,2026-04,9444.91,8095.06,8095.06,退换订单,PC 经营采购,顾客2438,顾客2438,1**********,1**********
雷神,台式整机,拼多多,已成交,2026-06,9829.29,7630.0,7630.0,退换订单,PC 经营采购,顾客2439,顾客2439,1**********,1**********
宏碁（acer）,游戏本,拼多多,报价中,2026-01,,8463.19,678.13,退换订单,PC 经营采购,顾客2440,顾客2440,1**********,1**********
华硕（ASUS）,台式整机,京东,已成交,2026-05,8738.68,9939.26,9939.26,销售订单,PC 经营采购,顾客2441,顾客2441,1**********,1**********
雷神,笔记本电脑,抖音,撤销,2026-04,,8036.07,613.83,采购订单,PC 经营采购,顾客2442,顾客2442,1**********,1**********
雷神,一体机,抖音,报价中,2026-05,,7547.45,1133.53,销售订单,PC 经营采购,顾客2443,顾客2443,1**********,1**********
微星,显示器,电商通,撤销,2026-03,,10070.54,2321.64,退换订单,PC 经营采购,顾客2444,顾客2444,1**********,1**********
机械革命,台式整机,天猫,已成交,2026-03,9715.55,8007.45,8007.45,采购订单,PC 经营采购,顾客2445,顾客2445,1**********,1**********
联想（Lenovo）,电脑配件,淘宝,已成交,2026-01,6936.48,7341.9,7341.9,采购订单,PC 经营采购,顾客2446,顾客2446,1**********,1**********
微星,台式整机,拼多多,撤销,2026-08,,9075.81,335.23,采购订单,PC 经营采购,顾客2447,顾客2447,1**********,1**********
联想（Lenovo）,游戏本,天猫,报价中,2026-06,,7395.85,142.08,采购订单,PC 经营采购,顾客2448,顾客2448,1**********,1**********
雷神,游戏本,淘宝,已成交,2026-08,8148.67,9697.74,9697.74,采购订单,PC 经营采购,顾客2449,顾客2449,1**********,1**********
华硕（ASUS）,游戏本,抖音,已成交,2026-05,7690.95,7459.57,7459.57,销售订单,PC 经营采购,顾客2450,顾客2450,1**********,1**********
雷神,显示器,抖音,报价中,2026-05,,8006.81,1208.59,采购订单,PC 经营采购,顾客2451,顾客2451,1**********,1**********
惠普(HP),一体机,拼多多,撤销,2026-05,,6751.45,1757.07,退换订单,PC 经营采购,顾客2452,顾客2452,1**********,1**********
雷神,游戏本,拼多多,撤销,2026-01,,8485.28,2411.54,退换订单,PC 经营采购,顾客2453,顾客2453,1**********,1**********
七彩虹,笔记本电脑,京东,已成交,2026-01,8027.12,9206.73,9206.73,退换订单,PC 经营采购,顾客2454,顾客2454,1**********,1**********
机械革命,笔记本电脑,快手,报价中,2026-01,,11149.69,2134.88,采购订单,PC 经营采购,顾客2455,顾客2455,1**********,1**********
华硕（ASUS）,电脑配件,抖音,已成交,2026-01,7664.73,8322.09,8322.09,采购订单,PC 经营采购,顾客2456,顾客2456,1**********,1**********
七彩虹,游戏本,拼多多,新建采购,2026-07,,9491.93,892.64,退换订单,PC 经营采购,顾客2457,顾客2457,1**********,1**********
华硕（ASUS）,电脑配件,京东,已成交,2026-08,8548.09,9074.54,9074.54,采购订单,PC 经营采购,顾客2458,顾客2458,1**********,1**********
宏碁（acer）,轻薄本,抖音,报价中,2026-02,,6847.27,2019.16,销售订单,PC 经营采购,顾客2459,顾客2459,1**********,1**********
机械革命,游戏本,抖音,已成交,2026-07,8261.09,9982.69,9982.69,采购订单,PC 经营采购,顾客2460,顾客2460,1**********,1**********
华硕（ASUS）,笔记本电脑,淘宝,已成交,2026-04,7816.11,7436.43,7436.43,采购订单,PC 经营采购,顾客2461,顾客2461,1**********,1**********
惠普(HP),台式整机,京东,待发布,2026-02,,7227.94,1054.07,退换订单,PC 经营采购,顾客2462,顾客2462,1**********,1**********
雷神,台式整机,电商通,新建采购,2026-05,,7816.1,960.19,退换订单,PC 经营采购,顾客2463,顾客2463,1**********,1**********
ThinkPad,电脑配件,拼多多,已成交,2026-01,7256.55,7106.09,7106.09,退换订单,PC 经营采购,顾客2464,顾客2464,1**********,1**********
机械革命,轻薄本,拼多多,已成交,2026-07,8758.35,9475.03,9475.03,退换订单,PC 经营采购,顾客2465,顾客2465,1**********,1**********
宏碁（acer）,电脑配件,拼多多,已成交,2026-01,6372.35,7049.66,7049.66,销售订单,PC 经营采购,顾客2466,顾客2466,1**********,1**********
宏碁（acer）,台式整机,抖音,已成交,2026-04,8160.84,7900.5,7900.5,退换订单,PC 经营采购,顾客2467,顾客2467,1**********,1**********
惠普(HP),一体机,淘宝,撤销,2026-06,,7930.32,2346.43,退换订单,PC 经营采购,顾客2468,顾客2468,1**********,1**********
微星,游戏本,淘宝,已成交,2026-04,8144.6,9715.35,9715.35,销售订单,PC 经营采购,顾客2469,顾客2469,1**********,1**********
七彩虹,电脑配件,拼多多,已成交,2026-02,9291.79,9446.67,9446.67,退换订单,PC 经营采购,顾客2470,顾客2470,1**********,1**********
微星,电脑配件,抖音,已成交,2026-01,10901.7,9641.51,9641.51,销售订单,PC 经营采购,顾客2471,顾客2471,1**********,1**********
七彩虹,游戏本,淘宝,撤销,2026-05,,8529.83,2035.95,采购订单,PC 经营采购,顾客2472,顾客2472,1**********,1**********
联想（Lenovo）,一体机,天猫,新建采购,2026-03,,5791.03,472.22,采购订单,PC 经营采购,顾客2473,顾客2473,1**********,1**********
七彩虹,轻薄本,淘宝,已成交,2026-04,7823.97,6846.53,6846.53,退换订单,PC 经营采购,顾客2474,顾客2474,1**********,1**********
联想（Lenovo）,台式整机,淘宝,已成交,2026-04,6661.62,6609.88,6609.88,销售订单,PC 经营采购,顾客2475,顾客2475,1**********,1**********
联想（Lenovo）,显示器,拼多多,报价中,2026-02,,7508.99,1002.41,采购订单,PC 经营采购,顾客2476,顾客2476,1**********,1**********
微星,游戏本,京东,撤销,2026-03,,10491.28,627.18,采购订单,PC 经营采购,顾客2477,顾客2477,1**********,1**********
微星,笔记本电脑,拼多多,报价中,2026-01,,10685.56,1907.02,退换订单,PC 经营采购,顾客2478,顾客2478,1**********,1**********
华硕（ASUS）,台式整机,拼多多,已成交,2026-04,8727.78,10000.95,10000.95,采购订单,PC 经营采购,顾客2479,顾客2479,1**********,1**********
宏碁（acer）,笔记本电脑,天猫,已成交,2026-04,7139.08,8451.13,8451.13,采购订单,PC 经营采购,顾客2480,顾客2480,1**********,1**********
ThinkPad,台式整机,京东,已成交,2026-01,6429.78,6648.16,6648.16,销售订单,PC 经营采购,顾客2481,顾客2481,1**********,1**********
ThinkPad,笔记本电脑,拼多多,撤销,2026-05,,7918.25,1231.44,采购订单,PC 经营采购,顾客2482,顾客2482,1**********,1**********
机械革命,显示器,电商通,报价中,2026-01,,8163.51,1259.38,采购订单,PC 经营采购,顾客2483,顾客2483,1**********,1**********
机械革命,游戏本,淘宝,报价中,2026-06,,10840.05,2737.72,销售订单,PC 经营采购,顾客2484,顾客2484,1**********,1**********
微星,电脑配件,天猫,已成交,2026-07,8827.94,9324.84,9324.84,采购订单,PC 经营采购,顾客2485,顾客2485,1**********,1**********
惠普(HP),轻薄本,淘宝,已成交,2026-04,8167.88,9089.33,9089.33,采购订单,PC 经营采购,顾客2486,顾客2486,1**********,1**********
华硕（ASUS）,游戏本,淘宝,报价中,2026-01,,9629.09,310.19,退换订单,PC 经营采购,顾客2487,顾客2487,1**********,1**********
七彩虹,显示器,电商通,已成交,2026-01,8642.98,7414.14,7414.14,退换订单,PC 经营采购,顾客2488,顾客2488,1**********,1**********
惠普(HP),台式整机,淘宝,报价中,2026-01,,8848.71,2430.41,退换订单,PC 经营采购,顾客2489,顾客2489,1**********,1**********
ThinkPad,台式整机,淘宝,已成交,2026-02,7217.08,6761.27,6761.27,采购订单,PC 经营采购,顾客2490,顾客2490,1**********,1**********
雷神,电脑配件,电商通,已成交,2026-06,7969.42,9983.15,9983.15,采购订单,PC 经营采购,顾客2491,顾客2491,1**********,1**********
宏碁（acer）,电脑配件,快手,报价中,2026-02,,6773.12,288.4,退换订单,PC 经营采购,顾客2492,顾客2492,1**********,1**********
微星,笔记本电脑,抖音,已成交,2026-07,9443.04,8353.83,8353.83,退换订单,PC 经营采购,顾客2493,顾客2493,1**********,1**********
微星,轻薄本,淘宝,已成交,2026-01,9021.36,9364.37,9364.37,退换订单,PC 经营采购,顾客2494,顾客2494,1**********,1**********
华硕（ASUS）,电脑配件,电商通,已成交,2026-05,8036.44,8666.16,8666.16,退换订单,PC 经营采购,顾客2495,顾客2495,1**********,1**********
ThinkPad,台式整机,天猫,撤销,2026-06,,6796.26,1609.48,退换订单,PC 经营采购,顾客2496,顾客2496,1**********,1**********
惠普(HP),笔记本电脑,抖音,已成交,2026-07,7010.52,7212.83,7212.83,退换订单,PC 经营采购,顾客2497,顾客2497,1**********,1**********
惠普(HP),笔记本电脑,拼多多,撤销,2026-08,,6722.57,529.68,销售订单,PC 经营采购,顾客2498,顾客2498,1**********,1**********
微星,笔记本电脑,抖音,已成交,2026-05,8629.22,9534.4,9534.4,采购订单,PC 经营采购,顾客2499,顾客2499,1**********,1**********
七彩虹,轻薄本,拼多多,已成交,2026-02,7793.08,8692.12,8692.12,销售订单,PC 经营采购,顾客2500,顾客2500,1**********,1**********
微星,电脑配件,快手,撤销,2026-07,,9939.04,2405.23,采购订单,PC 经营采购,顾客2501,顾客2501,1**********,1**********
七彩虹,笔记本电脑,京东,报价中,2026-02,,8022.17,10.67,退换订单,PC 经营采购,顾客2502,顾客2502,1**********,1**********
华硕（ASUS）,显示器,抖音,已成交,2026-08,8296.52,9749.61,9749.61,采购订单,PC 经营采购,顾客2503,顾客2503,1**********,1**********
华硕（ASUS）,显示器,抖音,已成交,2026-08,7725.36,7644.0,7644.0,采购订单,PC 经营采购,顾客2504,顾客2504,1**********,1**********
雷神,游戏本,快手,撤销,2026-04,,7461.81,179.92,退换订单,PC 经营采购,顾客2505,顾客2505,1**********,1**********
ThinkPad,一体机,淘宝,已成交,2026-03,7663.14,7460.51,7460.51,退换订单,PC 经营采购,顾客2506,顾客2506,1**********,1**********
惠普(HP),显示器,拼多多,报价中,2026-07,,7721.29,812.33,销售订单,PC 经营采购,顾客2507,顾客2507,1**********,1**********
ThinkPad,电脑配件,拼多多,报价中,2026-07,,7058.16,1041.31,销售订单,PC 经营采购,顾客2508,顾客2508,1**********,1**********
华硕（ASUS）,一体机,天猫,已成交,2026-04,9204.13,9398.53,9398.53,销售订单,PC 经营采购,顾客2509,顾客2509,1**********,1**********
宏碁（acer）,游戏本,拼多多,已成交,2026-01,8077.23,6371.52,6371.52,退换订单,PC 经营采购,顾客2510,顾客2510,1**********,1**********
机械革命,笔记本电脑,京东,撤销,2026-05,,8035.49,1708.23,退换订单,PC 经营采购,顾客2511,顾客2511,1**********,1**********
雷神,显示器,抖音,待发布,2026-07,,10053.91,2215.0,销售订单,PC 经营采购,顾客2512,顾客2512,1**********,1**********
联想（Lenovo）,笔记本电脑,抖音,新建采购,2026-05,,6961.54,803.64,退换订单,PC 经营采购,顾客2513,顾客2513,1**********,1**********
微星,游戏本,京东,已成交,2026-07,10281.91,10719.98,10719.98,退换订单,PC 经营采购,顾客2514,顾客2514,1**********,1**********
华硕（ASUS）,电脑配件,电商通,已成交,2026-07,9862.4,9282.49,9282.49,采购订单,PC 经营采购,顾客2515,顾客2515,1**********,1**********
ThinkPad,电脑配件,天猫,已成交,2026-07,7260.78,6214.26,6214.26,销售订单,PC 经营采购,顾客2516,顾客2516,1**********,1**********
机械革命,显示器,淘宝,已成交,2026-07,10880.7,10526.61,10526.61,销售订单,PC 经营采购,顾客2517,顾客2517,1**********,1**********
宏碁（acer）,电脑配件,抖音,已成交,2026-06,6540.09,7537.92,7537.92,退换订单,PC 经营采购,顾客2518,顾客2518,1**********,1**********
雷神,笔记本电脑,拼多多,已成交,2026-05,7806.46,9717.8,9717.8,销售订单,PC 经营采购,顾客2519,顾客2519,1**********,1**********
华硕（ASUS）,游戏本,抖音,已成交,2026-06,8816.55,9038.94,9038.94,退换订单,PC 经营采购,顾客2520,顾客2520,1**********,1**********
惠普(HP),轻薄本,拼多多,已成交,2026-07,8621.55,9129.23,9129.23,销售订单,PC 经营采购,顾客2521,顾客2521,1**********,1**********
雷神,游戏本,拼多多,撤销,2026-07,,8402.12,323.34,销售订单,PC 经营采购,顾客2522,顾客2522,1**********,1**********
华硕（ASUS）,显示器,京东,待发布,2026-02,,7191.6,1114.77,采购订单,PC 经营采购,顾客2523,顾客2523,1**********,1**********
微星,笔记本电脑,拼多多,撤销,2026-08,,11015.64,1076.61,采购订单,PC 经营采购,顾客2524,顾客2524,1**********,1**********
机械革命,轻薄本,拼多多,报价中,2026-05,,10684.76,2884.51,退换订单,PC 经营采购,顾客2525,顾客2525,1**********,1**********
联想（Lenovo）,电脑配件,拼多多,撤销,2026-07,,5772.17,1277.67,退换订单,PC 经营采购,顾客2526,顾客2526,1**********,1**********
微星,轻薄本,拼多多,撤销,2026-05,,8811.24,878.66,退换订单,PC 经营采购,顾客2527,顾客2527,1**********,1**********
ThinkPad,台式整机,京东,已成交,2026-06,6806.2,7468.57,7468.57,采购订单,PC 经营采购,顾客2528,顾客2528,1**********,1**********
ThinkPad,一体机,拼多多,已成交,2026-01,7390.41,7066.46,7066.46,退换订单,PC 经营采购,顾客2529,顾客2529,1**********,1**********
ThinkPad,电脑配件,快手,撤销,2026-05,,5925.39,18.34,销售订单,PC 经营采购,顾客2530,顾客2530,1**********,1**********
微星,电脑配件,电商通,撤销,2026-06,,9383.8,2462.64,退换订单,PC 经营采购,顾客2531,顾客2531,1**********,1**********
雷神,轻薄本,抖音,撤销,2026-04,,7113.46,717.89,退换订单,PC 经营采购,顾客2532,顾客2532,1**********,1**********
华硕（ASUS）,显示器,天猫,新建采购,2026-08,,8832.02,518.1,销售订单,PC 经营采购,顾客2533,顾客2533,1**********,1**********
宏碁（acer）,电脑配件,抖音,已成交,2026-08,7966.97,6413.17,6413.17,销售订单,PC 经营采购,顾客2534,顾客2534,1**********,1**********
联想（Lenovo）,台式整机,拼多多,已成交,2026-01,6831.34,5921.14,5921.14,退换订单,PC 经营采购,顾客2535,顾客2535,1**********,1**********
惠普(HP),笔记本电脑,天猫,已成交,2026-03,7457.94,9277.17,9277.17,退换订单,PC 经营采购,顾客2536,顾客2536,1**********,1**********
惠普(HP),台式整机,拼多多,报价中,2026-01,,6837.57,327.39,采购订单,PC 经营采购,顾客2537,顾客2537,1**********,1**********
宏碁（acer）,游戏本,抖音,已成交,2026-08,6364.42,8305.59,8305.59,退换订单,PC 经营采购,顾客2538,顾客2538,1**********,1**********
华硕（ASUS）,显示器,拼多多,新建采购,2026-06,,8380.22,2272.88,采购订单,PC 经营采购,顾客2539,顾客2539,1**********,1**********
七彩虹,一体机,抖音,已成交,2026-02,9358.19,8501.87,8501.87,退换订单,PC 经营采购,顾客2540,顾客2540,1**********,1**********
微星,显示器,抖音,报价中,2026-04,,9047.8,2652.42,销售订单,PC 经营采购,顾客2541,顾客2541,1**********,1**********
微星,台式整机,京东,撤销,2026-03,,9634.2,2814.43,退换订单,PC 经营采购,顾客2542,顾客2542,1**********,1**********
联想（Lenovo）,一体机,拼多多,已成交,2026-02,6727.89,7524.88,7524.88,采购订单,PC 经营采购,顾客2543,顾客2543,1**********,1**********
七彩虹,游戏本,拼多多,撤销,2026-04,,8465.69,927.28,销售订单,PC 经营采购,顾客2544,顾客2544,1**********,1**********
联想（Lenovo）,轻薄本,天猫,已成交,2026-02,5790.11,5657.04,5657.04,销售订单,PC 经营采购,顾客2545,顾客2545,1**********,1**********
微星,台式整机,快手,撤销,2026-07,,8846.45,1721.8,销售订单,PC 经营采购,顾客2546,顾客2546,1**********,1**********
雷神,轻薄本,拼多多,已成交,2026-08,8871.69,8167.46,8167.46,销售订单,PC 经营采购,顾客2547,顾客2547,1**********,1**********
ThinkPad,轻薄本,京东,已成交,2026-02,8075.79,7172.16,7172.16,采购订单,PC 经营采购,顾客2548,顾客2548,1**********,1**********
七彩虹,一体机,电商通,已成交,2026-07,9310.3,9436.35,9436.35,销售订单,PC 经营采购,顾客2549,顾客2549,1**********,1**********
宏碁（acer）,游戏本,抖音,已成交,2026-04,7524.39,8067.93,8067.93,销售订单,PC 经营采购,顾客2550,顾客2550,1**********,1**********
宏碁（acer）,台式整机,京东,撤销,2026-03,,5989.3,443.0,采购订单,PC 经营采购,顾客2551,顾客2551,1**********,1**********
七彩虹,台式整机,淘宝,已成交,2026-01,9081.9,7083.51,7083.51,退换订单,PC 经营采购,顾客2552,顾客2552,1**********,1**********
惠普(HP),台式整机,淘宝,已成交,2026-06,8119.48,9129.94,9129.94,退换订单,PC 经营采购,顾客2553,顾客2553,1**********,1**********
雷神,笔记本电脑,拼多多,报价中,2026-06,,8597.08,762.42,采购订单,PC 经营采购,顾客2554,顾客2554,1**********,1**********
机械革命,一体机,拼多多,报价中,2026-02,,9976.29,626.63,销售订单,PC 经营采购,顾客2555,顾客2555,1**********,1**********
机械革命,显示器,电商通,已成交,2026-03,8728.97,11005.71,11005.71,采购订单,PC 经营采购,顾客2556,顾客2556,1**********,1**********
七彩虹,显示器,抖音,已成交,2026-01,8792.13,8651.46,8651.46,退换订单,PC 经营采购,顾客2557,顾客2557,1**********,1**********
联想（Lenovo）,笔记本电脑,淘宝,已成交,2026-06,6884.97,6780.58,6780.58,退换订单,PC 经营采购,顾客2558,顾客2558,1**********,1**********
机械革命,笔记本电脑,电商通,撤销,2026-02,,9502.21,2352.38,采购订单,PC 经营采购,顾客2559,顾客2559,1**********,1**********
惠普(HP),游戏本,淘宝,报价中,2026-06,,8395.21,377.52,采购订单,PC 经营采购,顾客2560,顾客2560,1**********,1**********
联想（Lenovo）,笔记本电脑,淘宝,已成交,2026-07,6014.44,7163.07,7163.07,采购订单,PC 经营采购,顾客2561,顾客2561,1**********,1**********
七彩虹,台式整机,拼多多,已成交,2026-03,9253.34,6967.94,6967.94,销售订单,PC 经营采购,顾客2562,顾客2562,1**********,1**********
机械革命,显示器,拼多多,已成交,2026-02,10144.09,11032.13,11032.13,退换订单,PC 经营采购,顾客2563,顾客2563,1**********,1**********
华硕（ASUS）,笔记本电脑,淘宝,已成交,2026-04,8533.6,9550.55,9550.55,退换订单,PC 经营采购,顾客2564,顾客2564,1**********,1**********
七彩虹,游戏本,淘宝,新建采购,2026-08,,9078.13,763.5,退换订单,PC 经营采购,顾客2565,顾客2565,1**********,1**********
ThinkPad,显示器,淘宝,报价中,2026-02,,7208.1,1827.13,销售订单,PC 经营采购,顾客2566,顾客2566,1**********,1**********
惠普(HP),笔记本电脑,抖音,已成交,2026-06,8985.44,6893.89,6893.89,退换订单,PC 经营采购,顾客2567,顾客2567,1**********,1**********
七彩虹,显示器,京东,撤销,2026-05,,9365.12,1861.05,采购订单,PC 经营采购,顾客2568,顾客2568,1**********,1**********
宏碁（acer）,显示器,淘宝,已成交,2026-01,7654.91,7049.22,7049.22,退换订单,PC 经营采购,顾客2569,顾客2569,1**********,1**********
雷神,笔记本电脑,电商通,已成交,2026-04,7986.25,7498.79,7498.79,销售订单,PC 经营采购,顾客2570,顾客2570,1**********,1**********
ThinkPad,一体机,抖音,已成交,2026-03,6385.59,6694.47,6694.47,销售订单,PC 经营采购,顾客2571,顾客2571,1**********,1**********
宏碁（acer）,显示器,淘宝,已成交,2026-07,7497.31,8027.06,8027.06,销售订单,PC 经营采购,顾客2572,顾客2572,1**********,1**********
联想（Lenovo）,游戏本,拼多多,已成交,2026-06,6981.27,6128.05,6128.05,销售订单,PC 经营采购,顾客2573,顾客2573,1**********,1**********
雷神,轻薄本,淘宝,撤销,2026-02,,7910.41,1219.12,退换订单,PC 经营采购,顾客2574,顾客2574,1**********,1**********
机械革命,游戏本,拼多多,已成交,2026-08,8117.56,11210.1,11210.1,采购订单,PC 经营采购,顾客2575,顾客2575,1**********,1**********
七彩虹,一体机,淘宝,撤销,2026-01,,7383.26,1869.21,采购订单,PC 经营采购,顾客2576,顾客2576,1**********,1**********
ThinkPad,电脑配件,京东,新建采购,2026-02,,7945.86,1796.21,采购订单,PC 经营采购,顾客2577,顾客2577,1**********,1**********
雷神,笔记本电脑,淘宝,已成交,2026-03,9585.09,10151.51,10151.51,销售订单,PC 经营采购,顾客2578,顾客2578,1**********,1**********
惠普(HP),笔记本电脑,京东,报价中,2026-03,,8758.78,2443.0,退换订单,PC 经营采购,顾客2579,顾客2579,1**********,1**********
宏碁（acer）,一体机,淘宝,已成交,2026-07,7576.89,6591.8,6591.8,退换订单,PC 经营采购,顾客2580,顾客2580,1**********,1**********
华硕（ASUS）,笔记本电脑,快手,报价中,2026-06,,8780.42,1971.01,退换订单,PC 经营采购,顾客2581,顾客2581,1**********,1**********
微星,电脑配件,淘宝,已成交,2026-04,9997.05,11025.9,11025.9,销售订单,PC 经营采购,顾客2582,顾客2582,1**********,1**********
华硕（ASUS）,台式整机,京东,撤销,2026-05,,10003.51,2441.02,销售订单,PC 经营采购,顾客2583,顾客2583,1**********,1**********
微星,台式整机,拼多多,撤销,2026-07,,9044.96,312.72,采购订单,PC 经营采购,顾客2584,顾客2584,1**********,1**********
微星,显示器,抖音,已成交,2026-04,8224.04,9713.62,9713.62,退换订单,PC 经营采购,顾客2585,顾客2585,1**********,1**********
机械革命,显示器,淘宝,已成交,2026-06,8688.74,10903.08,10903.08,退换订单,PC 经营采购,顾客2586,顾客2586,1**********,1**********
ThinkPad,电脑配件,抖音,报价中,2026-06,,6713.73,779.21,销售订单,PC 经营采购,顾客2587,顾客2587,1**********,1**********
ThinkPad,显示器,电商通,新建采购,2026-08,,6872.02,220.15,销售订单,PC 经营采购,顾客2588,顾客2588,1**********,1**********
机械革命,显示器,淘宝,撤销,2026-05,,10141.83,2291.6,退换订单,PC 经营采购,顾客2589,顾客2589,1**********,1**********
惠普(HP),笔记本电脑,天猫,报价中,2026-02,,9043.51,880.58,退换订单,PC 经营采购,顾客2590,顾客2590,1**********,1**********
ThinkPad,轻薄本,抖音,已成交,2026-04,7583.88,8089.2,8089.2,退换订单,PC 经营采购,顾客2591,顾客2591,1**********,1**********
华硕（ASUS）,电脑配件,拼多多,已成交,2026-04,7558.36,10126.96,10126.96,采购订单,PC 经营采购,顾客2592,顾客2592,1**********,1**********
宏碁（acer）,电脑配件,快手,撤销,2026-01,,7368.12,1975.31,退换订单,PC 经营采购,顾客2593,顾客2593,1**********,1**********
华硕（ASUS）,一体机,抖音,新建采购,2026-04,,7907.62,2149.58,退换订单,PC 经营采购,顾客2594,顾客2594,1**********,1**********
雷神,游戏本,快手,撤销,2026-06,,10207.91,2015.01,退换订单,PC 经营采购,顾客2595,顾客2595,1**********,1**********
惠普(HP),游戏本,拼多多,撤销,2026-06,,7927.66,363.34,采购订单,PC 经营采购,顾客2596,顾客2596,1**********,1**********
机械革命,台式整机,天猫,报价中,2026-06,,9193.68,27.11,退换订单,PC 经营采购,顾客2597,顾客2597,1**********,1**********
微星,游戏本,抖音,已成交,2026-01,8151.83,8539.23,8539.23,采购订单,PC 经营采购,顾客2598,顾客2598,1**********,1**********
联想（Lenovo）,轻薄本,抖音,已成交,2026-01,6478.11,7329.4,7329.4,销售订单,PC 经营采购,顾客2599,顾客2599,1**********,1**********
ThinkPad,轻薄本,拼多多,已成交,2026-07,7507.68,8211.5,8211.5,采购订单,PC 经营采购,顾客2600,顾客2600,1**********,1**********
机械革命,显示器,拼多多,撤销,2026-02,,9080.88,2385.6,采购订单,PC 经营采购,顾客2601,顾客2601,1**********,1**********
惠普(HP),游戏本,抖音,撤销,2026-07,,7228.22,1841.63,采购订单,PC 经营采购,顾客2602,顾客2602,1**********,1**********
ThinkPad,电脑配件,抖音,已成交,2026-04,7143.63,7242.24,7242.24,销售订单,PC 经营采购,顾客2603,顾客2603,1**********,1**********
华硕（ASUS）,笔记本电脑,拼多多,已成交,2026-06,9287.14,9988.15,9988.15,销售订单,PC 经营采购,顾客2604,顾客2604,1**********,1**********
宏碁（acer）,台式整机,淘宝,待发布,2026-06,,7660.68,531.72,退换订单,PC 经营采购,顾客2605,顾客2605,1**********,1**********
微星,显示器,拼多多,已成交,2026-06,9619.76,9058.48,9058.48,销售订单,PC 经营采购,顾客2606,顾客2606,1**********,1**********
惠普(HP),一体机,淘宝,撤销,2026-01,,8450.55,1405.19,销售订单,PC 经营采购,顾客2607,顾客2607,1**********,1**********
华硕（ASUS）,游戏本,拼多多,新建采购,2026-04,,7098.62,1815.07,销售订单,PC 经营采购,顾客2608,顾客2608,1**********,1**********
机械革命,电脑配件,京东,已成交,2026-08,10788.32,8645.2,8645.2,采购订单,PC 经营采购,顾客2609,顾客2609,1**********,1**********
雷神,台式整机,电商通,已成交,2026-03,8106.88,8173.12,8173.12,销售订单,PC 经营采购,顾客2610,顾客2610,1**********,1**********
雷神,游戏本,拼多多,已成交,2026-05,8992.93,8055.01,8055.01,采购订单,PC 经营采购,顾客2611,顾客2611,1**********,1**********
华硕（ASUS）,一体机,天猫,撤销,2026-07,,9868.02,2546.37,销售订单,PC 经营采购,顾客2612,顾客2612,1**********,1**********
微星,笔记本电脑,抖音,报价中,2026-05,,10047.7,370.34,退换订单,PC 经营采购,顾客2613,顾客2613,1**********,1**********
惠普(HP),游戏本,淘宝,报价中,2026-06,,7351.75,668.58,采购订单,PC 经营采购,顾客2614,顾客2614,1**********,1**********
联想（Lenovo）,一体机,天猫,撤销,2026-02,,5909.23,1090.47,退换订单,PC 经营采购,顾客2615,顾客2615,1**********,1**********
惠普(HP),台式整机,拼多多,报价中,2026-03,,7688.67,252.56,销售订单,PC 经营采购,顾客2616,顾客2616,1**********,1**********
七彩虹,笔记本电脑,快手,报价中,2026-06,,7991.17,1699.51,退换订单,PC 经营采购,顾客2617,顾客2617,1**********,1**********
微星,显示器,天猫,已成交,2026-08,10530.87,11130.02,11130.02,销售订单,PC 经营采购,顾客2618,顾客2618,1**********,1**********
雷神,笔记本电脑,拼多多,新建采购,2026-05,,7625.24,1565.94,销售订单,PC 经营采购,顾客2619,顾客2619,1**********,1**********
微星,台式整机,天猫,已成交,2026-03,10611.68,8323.45,8323.45,采购订单,PC 经营采购,顾客2620,顾客2620,1**********,1**********
ThinkPad,电脑配件,淘宝,撤销,2026-05,,8153.33,1963.69,退换订单,PC 经营采购,顾客2621,顾客2621,1**********,1**********
雷神,笔记本电脑,京东,已成交,2026-05,8676.27,7899.26,7899.26,采购订单,PC 经营采购,顾客2622,顾客2622,1**********,1**********
华硕（ASUS）,笔记本电脑,京东,已成交,2026-02,9242.84,7294.67,7294.67,采购订单,PC 经营采购,顾客2623,顾客2623,1**********,1**********
ThinkPad,游戏本,淘宝,已成交,2026-02,6651.84,7945.09,7945.09,销售订单,PC 经营采购,顾客2624,顾客2624,1**********,1**********
七彩虹,一体机,拼多多,撤销,2026-05,,9707.51,2065.53,退换订单,PC 经营采购,顾客2625,顾客2625,1**********,1**********
华硕（ASUS）,游戏本,抖音,新建采购,2026-02,,7422.94,1422.18,采购订单,PC 经营采购,顾客2626,顾客2626,1**********,1**********
华硕（ASUS）,显示器,天猫,已成交,2026-07,8888.34,8282.19,8282.19,采购订单,PC 经营采购,顾客2627,顾客2627,1**********,1**********
机械革命,轻薄本,拼多多,报价中,2026-05,,8825.97,2493.31,销售订单,PC 经营采购,顾客2628,顾客2628,1**********,1**********
七彩虹,轻薄本,拼多多,已成交,2026-01,9284.44,7120.31,7120.31,采购订单,PC 经营采购,顾客2629,顾客2629,1**********,1**********
七彩虹,笔记本电脑,电商通,已成交,2026-05,7778.31,9502.19,9502.19,销售订单,PC 经营采购,顾客2630,顾客2630,1**********,1**********
宏碁（acer）,游戏本,拼多多,已成交,2026-05,7526.67,6814.8,6814.8,采购订单,PC 经营采购,顾客2631,顾客2631,1**********,1**********
微星,电脑配件,天猫,已成交,2026-07,9229.84,9112.87,9112.87,采购订单,PC 经营采购,顾客2632,顾客2632,1**********,1**********
宏碁（acer）,游戏本,电商通,报价中,2026-08,,7590.61,1371.75,销售订单,PC 经营采购,顾客2633,顾客2633,1**********,1**********
机械革命,游戏本,拼多多,已成交,2026-03,10233.99,10737.49,10737.49,退换订单,PC 经营采购,顾客2634,顾客2634,1**********,1**********
机械革命,台式整机,天猫,已成交,2026-03,9061.59,8887.86,8887.86,销售订单,PC 经营采购,顾客2635,顾客2635,1**********,1**********
宏碁（acer）,显示器,电商通,待发布,2026-04,,7840.24,873.28,退换订单,PC 经营采购,顾客2636,顾客2636,1**********,1**********
联想（Lenovo）,轻薄本,拼多多,新建采购,2026-02,,5957.55,576.59,销售订单,PC 经营采购,顾客2637,顾客2637,1**********,1**********
七彩虹,显示器,拼多多,已成交,2026-05,7490.63,6870.46,6870.46,销售订单,PC 经营采购,顾客2638,顾客2638,1**********,1**********
雷神,电脑配件,淘宝,已成交,2026-03,7609.86,8110.05,8110.05,采购订单,PC 经营采购,顾客2639,顾客2639,1**********,1**********
微星,一体机,抖音,撤销,2026-04,,10479.28,1071.73,退换订单,PC 经营采购,顾客2640,顾客2640,1**********,1**********
七彩虹,一体机,拼多多,已成交,2026-03,7577.71,9757.45,9757.45,销售订单,PC 经营采购,顾客2641,顾客2641,1**********,1**********
微星,电脑配件,快手,已成交,2026-08,10762.04,9166.85,9166.85,采购订单,PC 经营采购,顾客2642,顾客2642,1**********,1**********
七彩虹,轻薄本,拼多多,已成交,2026-05,7789.99,7289.47,7289.47,退换订单,PC 经营采购,顾客2643,顾客2643,1**********,1**********
宏碁（acer）,一体机,拼多多,已成交,2026-03,6607.14,6503.31,6503.31,退换订单,PC 经营采购,顾客2644,顾客2644,1**********,1**********
宏碁（acer）,电脑配件,电商通,新建采购,2026-08,,7592.37,2265.51,退换订单,PC 经营采购,顾客2645,顾客2645,1**********,1**********
宏碁（acer）,电脑配件,淘宝,已成交,2026-07,6162.51,7586.81,7586.81,退换订单,PC 经营采购,顾客2646,顾客2646,1**********,1**********
机械革命,一体机,天猫,已成交,2026-03,10337.88,8853.94,8853.94,退换订单,PC 经营采购,顾客2647,顾客2647,1**********,1**********
ThinkPad,轻薄本,抖音,待发布,2026-04,,7690.66,142.3,采购订单,PC 经营采购,顾客2648,顾客2648,1**********,1**********
七彩虹,电脑配件,天猫,已成交,2026-05,7265.34,6997.91,6997.91,退换订单,PC 经营采购,顾客2649,顾客2649,1**********,1**********
联想（Lenovo）,游戏本,淘宝,已成交,2026-08,6515.11,6733.2,6733.2,采购订单,PC 经营采购,顾客2650,顾客2650,1**********,1**********
七彩虹,笔记本电脑,京东,待发布,2026-03,,6909.77,1540.59,退换订单,PC 经营采购,顾客2651,顾客2651,1**********,1**********
华硕（ASUS）,笔记本电脑,电商通,撤销,2026-08,,7758.45,845.68,退换订单,PC 经营采购,顾客2652,顾客2652,1**********,1**********
机械革命,笔记本电脑,天猫,撤销,2026-01,,8547.44,96.5,退换订单,PC 经营采购,顾客2653,顾客2653,1**********,1**********
华硕（ASUS）,台式整机,抖音,已成交,2026-06,8859.29,8341.62,8341.62,退换订单,PC 经营采购,顾客2654,顾客2654,1**********,1**********
雷神,电脑配件,电商通,撤销,2026-08,,9475.16,2168.37,采购订单,PC 经营采购,顾客2655,顾客2655,1**********,1**********
微星,台式整机,拼多多,报价中,2026-08,,8171.79,2042.99,退换订单,PC 经营采购,顾客2656,顾客2656,1**********,1**********
机械革命,轻薄本,拼多多,已成交,2026-05,8804.18,9575.6,9575.6,销售订单,PC 经营采购,顾客2657,顾客2657,1**********,1**********
雷神,轻薄本,电商通,撤销,2026-02,,9715.71,230.05,退换订单,PC 经营采购,顾客2658,顾客2658,1**********,1**********
宏碁（acer）,台式整机,电商通,撤销,2026-03,,7734.95,2153.14,销售订单,PC 经营采购,顾客2659,顾客2659,1**********,1**********
宏碁（acer）,游戏本,拼多多,报价中,2026-04,,5956.21,250.05,销售订单,PC 经营采购,顾客2660,顾客2660,1**********,1**********
微星,游戏本,抖音,已成交,2026-06,10141.93,8175.77,8175.77,采购订单,PC 经营采购,顾客2661,顾客2661,1**********,1**********
宏碁（acer）,游戏本,拼多多,撤销,2026-06,,8241.87,2197.7,销售订单,PC 经营采购,顾客2662,顾客2662,1**********,1**********
联想（Lenovo）,轻薄本,淘宝,已成交,2026-01,6149.09,7771.27,7771.27,退换订单,PC 经营采购,顾客2663,顾客2663,1**********,1**********
雷神,笔记本电脑,京东,撤销,2026-02,,9824.97,449.45,退换订单,PC 经营采购,顾客2664,顾客2664,1**********,1**********
七彩虹,游戏本,拼多多,已成交,2026-08,8800.84,6905.38,6905.38,退换订单,PC 经营采购,顾客2665,顾客2665,1**********,1**********
华硕（ASUS）,轻薄本,拼多多,已成交,2026-04,9189.61,7837.94,7837.94,退换订单,PC 经营采购,顾客2666,顾客2666,1**********,1**********
宏碁（acer）,一体机,快手,已成交,2026-08,7874.95,8332.23,8332.23,退换订单,PC 经营采购,顾客2667,顾客2667,1**********,1**********
七彩虹,台式整机,快手,报价中,2026-06,,8180.25,94.69,销售订单,PC 经营采购,顾客2668,顾客2668,1**********,1**********
雷神,轻薄本,拼多多,已成交,2026-07,9764.49,8110.12,8110.12,销售订单,PC 经营采购,顾客2669,顾客2669,1**********,1**********
惠普(HP),一体机,快手,撤销,2026-04,,7540.2,361.11,退换订单,PC 经营采购,顾客2670,顾客2670,1**********,1**********
七彩虹,显示器,拼多多,撤销,2026-05,,8638.76,1257.7,退换订单,PC 经营采购,顾客2671,顾客2671,1**********,1**********
宏碁（acer）,电脑配件,抖音,已成交,2026-02,6210.37,6627.06,6627.06,销售订单,PC 经营采购,顾客2672,顾客2672,1**********,1**********
七彩虹,游戏本,天猫,已成交,2026-03,8175.93,9010.68,9010.68,采购订单,PC 经营采购,顾客2673,顾客2673,1**********,1**********
惠普(HP),一体机,淘宝,已成交,2026-08,9019.47,7462.8,7462.8,退换订单,PC 经营采购,顾客2674,顾客2674,1**********,1**********
惠普(HP),笔记本电脑,拼多多,已成交,2026-08,7824.52,6860.12,6860.12,退换订单,PC 经营采购,顾客2675,顾客2675,1**********,1**********
机械革命,轻薄本,拼多多,撤销,2026-08,,9867.68,1569.22,采购订单,PC 经营采购,顾客2676,顾客2676,1**********,1**********
七彩虹,笔记本电脑,天猫,已成交,2026-04,8273.57,7249.33,7249.33,采购订单,PC 经营采购,顾客2677,顾客2677,1**********,1**********
华硕（ASUS）,轻薄本,淘宝,已成交,2026-05,7665.4,8122.91,8122.91,退换订单,PC 经营采购,顾客2678,顾客2678,1**********,1**********
微星,显示器,拼多多,已成交,2026-06,9229.29,8375.27,8375.27,退换订单,PC 经营采购,顾客2679,顾客2679,1**********,1**********
惠普(HP),显示器,京东,已成交,2026-04,8732.62,8902.15,8902.15,采购订单,PC 经营采购,顾客2680,顾客2680,1**********,1**********
微星,电脑配件,抖音,已成交,2026-03,10027.27,10388.32,10388.32,退换订单,PC 经营采购,顾客2681,顾客2681,1**********,1**********
机械革命,笔记本电脑,淘宝,撤销,2026-04,,10740.43,1352.24,销售订单,PC 经营采购,顾客2682,顾客2682,1**********,1**********
七彩虹,显示器,天猫,已成交,2026-03,8720.36,8432.33,8432.33,退换订单,PC 经营采购,顾客2683,顾客2683,1**********,1**********
宏碁（acer）,笔记本电脑,电商通,已成交,2026-06,6966.1,6593.46,6593.46,采购订单,PC 经营采购,顾客2684,顾客2684,1**********,1**********
微星,台式整机,抖音,已成交,2026-07,10125.94,10250.77,10250.77,采购订单,PC 经营采购,顾客2685,顾客2685,1**********,1**********
七彩虹,显示器,天猫,已成交,2026-01,8293.28,8712.93,8712.93,采购订单,PC 经营采购,顾客2686,顾客2686,1**********,1**********
宏碁（acer）,电脑配件,快手,撤销,2026-04,,6486.22,1304.68,采购订单,PC 经营采购,顾客2687,顾客2687,1**********,1**********
微星,游戏本,拼多多,已成交,2026-07,9848.96,10629.62,10629.62,退换订单,PC 经营采购,顾客2688,顾客2688,1**********,1**********
惠普(HP),轻薄本,电商通,已成交,2026-03,7933.71,7189.3,7189.3,退换订单,PC 经营采购,顾客2689,顾客2689,1**********,1**********
机械革命,电脑配件,电商通,撤销,2026-08,,10747.95,2244.86,采购订单,PC 经营采购,顾客2690,顾客2690,1**********,1**********
惠普(HP),显示器,淘宝,撤销,2026-01,,9093.67,63.08,销售订单,PC 经营采购,顾客2691,顾客2691,1**********,1**********
宏碁（acer）,显示器,京东,撤销,2026-06,,8043.5,1821.95,退换订单,PC 经营采购,顾客2692,顾客2692,1**********,1**********
惠普(HP),电脑配件,拼多多,待发布,2026-05,,7055.64,1483.97,销售订单,PC 经营采购,顾客2693,顾客2693,1**********,1**********
七彩虹,电脑配件,快手,撤销,2026-06,,9210.41,1652.22,销售订单,PC 经营采购,顾客2694,顾客2694,1**********,1**********
ThinkPad,台式整机,拼多多,已成交,2026-01,6482.43,7031.26,7031.26,销售订单,PC 经营采购,顾客2695,顾客2695,1**********,1**********
雷神,台式整机,淘宝,已成交,2026-03,7401.99,8948.61,8948.61,采购订单,PC 经营采购,顾客2696,顾客2696,1**********,1**********
七彩虹,一体机,快手,报价中,2026-04,,7096.85,1974.29,采购订单,PC 经营采购,顾客2697,顾客2697,1**********,1**********
微星,一体机,抖音,已成交,2026-03,9426.02,9487.64,9487.64,采购订单,PC 经营采购,顾客2698,顾客2698,1**********,1**********
七彩虹,台式整机,拼多多,已成交,2026-07,9465.18,7222.05,7222.05,退换订单,PC 经营采购,顾客2699,顾客2699,1**********,1**********
七彩虹,一体机,天猫,报价中,2026-08,,7621.32,844.02,采购订单,PC 经营采购,顾客2700,顾客2700,1**********,1**********
宏碁（acer）,笔记本电脑,拼多多,已成交,2026-08,7592.59,8521.55,8521.55,销售订单,PC 经营采购,顾客2701,顾客2701,1**********,1**********
雷神,轻薄本,抖音,已成交,2026-02,8933.74,8339.94,8339.94,退换订单,PC 经营采购,顾客2702,顾客2702,1**********,1**********
微星,轻薄本,抖音,已成交,2026-05,8757.42,9148.46,9148.46,退换订单,PC 经营采购,顾客2703,顾客2703,1**********,1**********
微星,笔记本电脑,拼多多,已成交,2026-06,8768.1,10245.82,10245.82,销售订单,PC 经营采购,顾客2704,顾客2704,1**********,1**********
宏碁（acer）,台式整机,抖音,已成交,2026-03,6265.84,8412.68,8412.68,退换订单,PC 经营采购,顾客2705,顾客2705,1**********,1**********
机械革命,一体机,拼多多,撤销,2026-03,,10035.31,2635.78,采购订单,PC 经营采购,顾客2706,顾客2706,1**********,1**********
七彩虹,游戏本,淘宝,已成交,2026-05,8650.58,8565.51,8565.51,采购订单,PC 经营采购,顾客2707,顾客2707,1**********,1**********
雷神,轻薄本,拼多多,已成交,2026-08,9060.46,10083.72,10083.72,销售订单,PC 经营采购,顾客2708,顾客2708,1**********,1**********
七彩虹,一体机,淘宝,已成交,2026-01,7388.61,8541.54,8541.54,退换订单,PC 经营采购,顾客2709,顾客2709,1**********,1**********
雷神,一体机,拼多多,已成交,2026-08,9121.54,8002.87,8002.87,销售订单,PC 经营采购,顾客2710,顾客2710,1**********,1**********
雷神,一体机,拼多多,已成交,2026-06,9293.35,9714.91,9714.91,退换订单,PC 经营采购,顾客2711,顾客2711,1**********,1**********
联想（Lenovo）,轻薄本,电商通,已成交,2026-02,7441.49,5714.58,5714.58,退换订单,PC 经营采购,顾客2712,顾客2712,1**********,1**********
机械革命,游戏本,抖音,已成交,2026-01,9565.4,10754.77,10754.77,采购订单,PC 经营采购,顾客2713,顾客2713,1**********,1**********
ThinkPad,游戏本,淘宝,已成交,2026-05,8256.82,6131.99,6131.99,采购订单,PC 经营采购,顾客2714,顾客2714,1**********,1**********
机械革命,笔记本电脑,拼多多,待发布,2026-04,,10991.94,492.42,采购订单,PC 经营采购,顾客2715,顾客2715,1**********,1**********
七彩虹,电脑配件,电商通,待发布,2026-05,,8729.42,911.82,销售订单,PC 经营采购,顾客2716,顾客2716,1**********,1**********
惠普(HP),笔记本电脑,抖音,已成交,2026-05,8483.39,7128.42,7128.42,销售订单,PC 经营采购,顾客2717,顾客2717,1**********,1**********
七彩虹,游戏本,天猫,新建采购,2026-08,,7673.66,1582.8,销售订单,PC 经营采购,顾客2718,顾客2718,1**********,1**********
华硕（ASUS）,轻薄本,抖音,撤销,2026-02,,8739.5,2115.35,退换订单,PC 经营采购,顾客2719,顾客2719,1**********,1**********
机械革命,显示器,拼多多,已成交,2026-03,10278.82,11166.69,11166.69,销售订单,PC 经营采购,顾客2720,顾客2720,1**********,1**********
宏碁（acer）,笔记本电脑,淘宝,已成交,2026-04,6312.4,6081.96,6081.96,销售订单,PC 经营采购,顾客2721,顾客2721,1**********,1**********
微星,电脑配件,拼多多,已成交,2026-01,10102.12,9747.59,9747.59,销售订单,PC 经营采购,顾客2722,顾客2722,1**********,1**********
微星,笔记本电脑,天猫,已成交,2026-03,8926.67,10207.88,10207.88,采购订单,PC 经营采购,顾客2723,顾客2723,1**********,1**********
微星,游戏本,抖音,已成交,2026-02,8647.72,11216.92,11216.92,采购订单,PC 经营采购,顾客2724,顾客2724,1**********,1**********
ThinkPad,显示器,抖音,已成交,2026-04,8126.64,6172.29,6172.29,销售订单,PC 经营采购,顾客2725,顾客2725,1**********,1**********
联想（Lenovo）,游戏本,抖音,已成交,2026-01,7181.81,6576.52,6576.52,销售订单,PC 经营采购,顾客2726,顾客2726,1**********,1**********
机械革命,游戏本,天猫,已成交,2026-04,10520.17,9401.84,9401.84,销售订单,PC 经营采购,顾客2727,顾客2727,1**********,1**********
联想（Lenovo）,台式整机,淘宝,已成交,2026-02,5883.97,6357.26,6357.26,采购订单,PC 经营采购,顾客2728,顾客2728,1**********,1**********
微星,游戏本,淘宝,报价中,2026-08,,9530.81,265.72,退换订单,PC 经营采购,顾客2729,顾客2729,1**********,1**********
微星,电脑配件,淘宝,已成交,2026-02,10226.81,8392.91,8392.91,销售订单,PC 经营采购,顾客2730,顾客2730,1**********,1**********
联想（Lenovo）,笔记本电脑,淘宝,已成交,2026-01,6750.39,5908.62,5908.62,采购订单,PC 经营采购,顾客2731,顾客2731,1**********,1**********
七彩虹,显示器,拼多多,报价中,2026-05,,9069.57,321.83,采购订单,PC 经营采购,顾客2732,顾客2732,1**********,1**********
ThinkPad,一体机,拼多多,已成交,2026-02,6938.68,8396.55,8396.55,采购订单,PC 经营采购,顾客2733,顾客2733,1**********,1**********
ThinkPad,台式整机,京东,已成交,2026-01,6429.41,6825.44,6825.44,销售订单,PC 经营采购,顾客2734,顾客2734,1**********,1**********
雷神,笔记本电脑,抖音,撤销,2026-02,,9429.85,906.4,销售订单,PC 经营采购,顾客2735,顾客2735,1**********,1**********
雷神,电脑配件,天猫,已成交,2026-02,8230.83,9209.91,9209.91,销售订单,PC 经营采购,顾客2736,顾客2736,1**********,1**********
ThinkPad,轻薄本,天猫,待发布,2026-01,,7470.3,2186.38,采购订单,PC 经营采购,顾客2737,顾客2737,1**********,1**********
惠普(HP),笔记本电脑,拼多多,撤销,2026-01,,8243.75,1444.33,退换订单,PC 经营采购,顾客2738,顾客2738,1**********,1**********
宏碁（acer）,电脑配件,快手,报价中,2026-01,,7974.23,12.3,退换订单,PC 经营采购,顾客2739,顾客2739,1**********,1**********
七彩虹,笔记本电脑,快手,报价中,2026-06,,6946.97,877.36,采购订单,PC 经营采购,顾客2740,顾客2740,1**********,1**********
华硕（ASUS）,游戏本,抖音,已成交,2026-06,8834.94,9906.92,9906.92,销售订单,PC 经营采购,顾客2741,顾客2741,1**********,1**********
华硕（ASUS）,台式整机,抖音,撤销,2026-01,,9902.06,175.62,销售订单,PC 经营采购,顾客2742,顾客2742,1**********,1**********
联想（Lenovo）,轻薄本,抖音,待发布,2026-05,,6932.49,912.62,销售订单,PC 经营采购,顾客2743,顾客2743,1**********,1**********
惠普(HP),笔记本电脑,电商通,已成交,2026-03,8686.71,8826.99,8826.99,销售订单,PC 经营采购,顾客2744,顾客2744,1**********,1**********
联想（Lenovo）,一体机,淘宝,已成交,2026-05,7690.41,5538.78,5538.78,退换订单,PC 经营采购,顾客2745,顾客2745,1**********,1**********
雷神,轻薄本,拼多多,已成交,2026-01,9459.24,8435.97,8435.97,销售订单,PC 经营采购,顾客2746,顾客2746,1**********,1**********
华硕（ASUS）,显示器,拼多多,撤销,2026-02,,9823.13,340.05,退换订单,PC 经营采购,顾客2747,顾客2747,1**********,1**********
雷神,笔记本电脑,淘宝,已成交,2026-01,9220.63,9863.77,9863.77,退换订单,PC 经营采购,顾客2748,顾客2748,1**********,1**********
华硕（ASUS）,游戏本,淘宝,新建采购,2026-04,,8093.94,2262.14,退换订单,PC 经营采购,顾客2749,顾客2749,1**********,1**********
华硕（ASUS）,台式整机,京东,已成交,2026-02,9325.53,8451.16,8451.16,退换订单,PC 经营采购,顾客2750,顾客2750,1**********,1**********
宏碁（acer）,轻薄本,淘宝,已成交,2026-01,7276.34,6982.13,6982.13,采购订单,PC 经营采购,顾客2751,顾客2751,1**********,1**********
微星,一体机,淘宝,撤销,2026-06,,10881.77,2278.32,采购订单,PC 经营采购,顾客2752,顾客2752,1**********,1**********
宏碁（acer）,轻薄本,淘宝,已成交,2026-06,6231.48,7066.87,7066.87,销售订单,PC 经营采购,顾客2753,顾客2753,1**********,1**********
ThinkPad,电脑配件,抖音,已成交,2026-05,7655.22,6556.17,6556.17,销售订单,PC 经营采购,顾客2754,顾客2754,1**********,1**********
微星,轻薄本,天猫,已成交,2026-03,10779.36,10677.78,10677.78,销售订单,PC 经营采购,顾客2755,顾客2755,1**********,1**********
微星,台式整机,淘宝,报价中,2026-05,,11218.18,446.63,退换订单,PC 经营采购,顾客2756,顾客2756,1**********,1**********
ThinkPad,笔记本电脑,拼多多,报价中,2026-01,,6740.96,594.21,采购订单,PC 经营采购,顾客2757,顾客2757,1**********,1**********
七彩虹,台式整机,电商通,撤销,2026-03,,8377.54,892.46,采购订单,PC 经营采购,顾客2758,顾客2758,1**********,1**********
惠普(HP),轻薄本,淘宝,撤销,2026-04,,7382.3,1938.2,退换订单,PC 经营采购,顾客2759,顾客2759,1**********,1**********
ThinkPad,显示器,拼多多,已成交,2026-07,6331.34,6486.69,6486.69,采购订单,PC 经营采购,顾客2760,顾客2760,1**********,1**********
七彩虹,游戏本,拼多多,撤销,2026-04,,7426.04,1654.18,退换订单,PC 经营采购,顾客2761,顾客2761,1**********,1**********
惠普(HP),显示器,淘宝,报价中,2026-03,,7582.12,864.49,退换订单,PC 经营采购,顾客2762,顾客2762,1**********,1**********
宏碁（acer）,游戏本,电商通,已成交,2026-05,7105.29,6223.83,6223.83,退换订单,PC 经营采购,顾客2763,顾客2763,1**********,1**********
华硕（ASUS）,笔记本电脑,淘宝,已成交,2026-03,7969.75,9572.18,9572.18,退换订单,PC 经营采购,顾客2764,顾客2764,1**********,1**********
雷神,游戏本,快手,待发布,2026-06,,7915.3,498.41,退换订单,PC 经营采购,顾客2765,顾客2765,1**********,1**********
雷神,轻薄本,拼多多,已成交,2026-08,9601.82,8700.11,8700.11,销售订单,PC 经营采购,顾客2766,顾客2766,1**********,1**********
华硕（ASUS）,台式整机,天猫,已成交,2026-04,9701.13,9389.62,9389.62,销售订单,PC 经营采购,顾客2767,顾客2767,1**********,1**********
联想（Lenovo）,轻薄本,抖音,已成交,2026-02,6590.6,7237.48,7237.48,退换订单,PC 经营采购,顾客2768,顾客2768,1**********,1**********
雷神,游戏本,拼多多,已成交,2026-01,7503.35,7904.55,7904.55,退换订单,PC 经营采购,顾客2769,顾客2769,1**********,1**********
宏碁（acer）,显示器,淘宝,撤销,2026-08,,7444.74,620.38,采购订单,PC 经营采购,顾客2770,顾客2770,1**********,1**********
惠普(HP),游戏本,天猫,已成交,2026-02,7342.04,7156.34,7156.34,采购订单,PC 经营采购,顾客2771,顾客2771,1**********,1**********
宏碁（acer）,笔记本电脑,淘宝,已成交,2026-06,7385.85,7953.38,7953.38,退换订单,PC 经营采购,顾客2772,顾客2772,1**********,1**********
机械革命,轻薄本,电商通,已成交,2026-06,9751.18,10499.25,10499.25,销售订单,PC 经营采购,顾客2773,顾客2773,1**********,1**********
机械革命,电脑配件,电商通,撤销,2026-04,,9196.96,2542.51,采购订单,PC 经营采购,顾客2774,顾客2774,1**********,1**********
华硕（ASUS）,电脑配件,拼多多,待发布,2026-08,,8112.44,643.15,采购订单,PC 经营采购,顾客2775,顾客2775,1**********,1**********
雷神,显示器,拼多多,撤销,2026-08,,8705.71,709.31,采购订单,PC 经营采购,顾客2776,顾客2776,1**********,1**********
惠普(HP),显示器,电商通,已成交,2026-07,6914.7,7751.25,7751.25,采购订单,PC 经营采购,顾客2777,顾客2777,1**********,1**********
联想（Lenovo）,台式整机,拼多多,撤销,2026-01,,6849.83,1267.4,采购订单,PC 经营采购,顾客2778,顾客2778,1**********,1**********
七彩虹,笔记本电脑,天猫,撤销,2026-02,,9539.22,1580.12,采购订单,PC 经营采购,顾客2779,顾客2779,1**********,1**********
惠普(HP),台式整机,拼多多,新建采购,2026-07,,7245.35,313.11,销售订单,PC 经营采购,顾客2780,顾客2780,1**********,1**********
七彩虹,一体机,快手,新建采购,2026-06,,8071.71,1928.36,退换订单,PC 经营采购,顾客2781,顾客2781,1**********,1**********
ThinkPad,台式整机,拼多多,已成交,2026-06,6423.38,6750.83,6750.83,销售订单,PC 经营采购,顾客2782,顾客2782,1**********,1**********
华硕（ASUS）,电脑配件,电商通,撤销,2026-08,,7400.83,1025.55,销售订单,PC 经营采购,顾客2783,顾客2783,1**********,1**********
微星,游戏本,抖音,已成交,2026-03,9955.94,9929.74,9929.74,采购订单,PC 经营采购,顾客2784,顾客2784,1**********,1**********
华硕（ASUS）,显示器,抖音,已成交,2026-06,8191.34,8260.04,8260.04,采购订单,PC 经营采购,顾客2785,顾客2785,1**********,1**********
惠普(HP),台式整机,淘宝,已成交,2026-02,8428.01,8703.32,8703.32,退换订单,PC 经营采购,顾客2786,顾客2786,1**********,1**********
ThinkPad,笔记本电脑,京东,已成交,2026-03,8119.09,8284.42,8284.42,退换订单,PC 经营采购,顾客2787,顾客2787,1**********,1**********
华硕（ASUS）,轻薄本,快手,撤销,2026-07,,7800.02,942.27,销售订单,PC 经营采购,顾客2788,顾客2788,1**********,1**********
机械革命,游戏本,淘宝,撤销,2026-04,,8143.69,2317.37,采购订单,PC 经营采购,顾客2789,顾客2789,1**********,1**********
微星,轻薄本,抖音,已成交,2026-07,10981.1,9254.21,9254.21,退换订单,PC 经营采购,顾客2790,顾客2790,1**********,1**********
机械革命,电脑配件,拼多多,撤销,2026-07,,11208.41,2111.58,销售订单,PC 经营采购,顾客2791,顾客2791,1**********,1**********
微星,电脑配件,快手,撤销,2026-04,,10491.44,2869.91,销售订单,PC 经营采购,顾客2792,顾客2792,1**********,1**********
宏碁（acer）,台式整机,抖音,已成交,2026-07,7285.58,6973.47,6973.47,退换订单,PC 经营采购,顾客2793,顾客2793,1**********,1**********
联想（Lenovo）,轻薄本,淘宝,已成交,2026-08,6584.66,5854.55,5854.55,销售订单,PC 经营采购,顾客2794,顾客2794,1**********,1**********
机械革命,笔记本电脑,淘宝,已成交,2026-05,8438.49,8082.44,8082.44,采购订单,PC 经营采购,顾客2795,顾客2795,1**********,1**********
华硕（ASUS）,笔记本电脑,淘宝,待发布,2026-07,,7168.26,450.25,退换订单,PC 经营采购,顾客2796,顾客2796,1**********,1**********
雷神,一体机,拼多多,新建采购,2026-08,,9436.74,541.88,退换订单,PC 经营采购,顾客2797,顾客2797,1**********,1**********
雷神,笔记本电脑,京东,撤销,2026-07,,7157.54,1065.8,采购订单,PC 经营采购,顾客2798,顾客2798,1**********,1**********
宏碁（acer）,轻薄本,快手,撤销,2026-01,,7510.47,1038.27,退换订单,PC 经营采购,顾客2799,顾客2799,1**********,1**********
